x_utm,y_utm,cls
510656.0,2510096.0,1
511646.0,2510096.0,1
512636.0,2510096.0,1
508676.0,2509106.0,1
509666.0,2509106.0,1
510656.0,2509106.0,1
511646.0,2509106.0,1
512636.0,2509106.0,1
584906.0,2509106.0,2
508676.0,2508116.0,1
509666.0,2508116.0,1
510656.0,2508116.0,1
511646.0,2508116.0,1
512636.0,2508116.0,1
583916.0,2508116.0,2
506696.0,2507126.0,1
507686.0,2507126.0,1
508676.0,2507126.0,0
509666.0,2507126.0,0
510656.0,2507126.0,1
511646.0,2507126.0,1
583916.0,2507126.0,2
584906.0,2507126.0,2
586886.0,2507126.0,2
506696.0,2506136.0,1
507686.0,2506136.0,1
508676.0,2506136.0,0
509666.0,2506136.0,0
510656.0,2506136.0,0
512636.0,2506136.0,0
582926.0,2506136.0,2
585896.0,2506136.0,2
586886.0,2506136.0,2
587876.0,2506136.0,2
588866.0,2506136.0,2
504716.0,2505146.0,1
505706.0,2505146.0,1
506696.0,2505146.0,1
507686.0,2505146.0,0
508676.0,2505146.0,0
509666.0,2505146.0,0
510656.0,2505146.0,0
511646.0,2505146.0,0
512636.0,2505146.0,0
583916.0,2505146.0,2
584906.0,2505146.0,2
585896.0,2505146.0,2
586886.0,2505146.0,3
588866.0,2505146.0,2
501746.0,2504156.0,1
502736.0,2504156.0,4
504716.0,2504156.0,1
505706.0,2504156.0,1
506696.0,2504156.0,1
508676.0,2504156.0,0
509666.0,2504156.0,0
510656.0,2504156.0,0
512636.0,2504156.0,0
513626.0,2504156.0,0
583916.0,2504156.0,2
584906.0,2504156.0,0
585896.0,2504156.0,2
587876.0,2504156.0,0
588866.0,2504156.0,2
494816.0,2503166.0,0
495806.0,2503166.0,0
496796.0,2503166.0,0
497786.0,2503166.0,0
498776.0,2503166.0,0
500756.0,2503166.0,1
501746.0,2503166.0,1
502736.0,2503166.0,1
503726.0,2503166.0,1
504716.0,2503166.0,1
506696.0,2503166.0,0
507686.0,2503166.0,0
508676.0,2503166.0,0
509666.0,2503166.0,0
510656.0,2503166.0,0
512636.0,2503166.0,0
513626.0,2503166.0,0
583916.0,2503166.0,3
584906.0,2503166.0,0
585896.0,2503166.0,3
586886.0,2503166.0,0
495806.0,2502176.0,0
496796.0,2502176.0,2
497786.0,2502176.0,0
498776.0,2502176.0,0
499766.0,2502176.0,1
500756.0,2502176.0,1
501746.0,2502176.0,1
502736.0,2502176.0,1
503726.0,2502176.0,1
504716.0,2502176.0,0
505706.0,2502176.0,0
506696.0,2502176.0,0
507686.0,2502176.0,0
508676.0,2502176.0,0
509666.0,2502176.0,0
510656.0,2502176.0,0
511646.0,2502176.0,0
513626.0,2502176.0,0
514616.0,2502176.0,0
583916.0,2502176.0,0
584906.0,2502176.0,0
585896.0,2502176.0,0
586886.0,2502176.0,0
596786.0,2502176.0,1
597776.0,2502176.0,0
598766.0,2502176.0,0
494816.0,2501186.0,0
495806.0,2501186.0,0
496796.0,2501186.0,0
497786.0,2501186.0,0
498776.0,2501186.0,0
499766.0,2501186.0,1
500756.0,2501186.0,1
501746.0,2501186.0,1
502736.0,2501186.0,1
503726.0,2501186.0,0
504716.0,2501186.0,0
505706.0,2501186.0,0
506696.0,2501186.0,0
507686.0,2501186.0,0
508676.0,2501186.0,0
509666.0,2501186.0,1
510656.0,2501186.0,1
511646.0,2501186.0,1
512636.0,2501186.0,0
514616.0,2501186.0,0
515606.0,2501186.0,0
516596.0,2501186.0,0
580946.0,2501186.0,3
581936.0,2501186.0,0
582926.0,2501186.0,0
583916.0,2501186.0,0
584906.0,2501186.0,0
585896.0,2501186.0,0
586886.0,2501186.0,0
595796.0,2501186.0,0
596786.0,2501186.0,0
597776.0,2501186.0,0
598766.0,2501186.0,0
599756.0,2501186.0,0
489866.0,2500196.0,1
490856.0,2500196.0,0
491846.0,2500196.0,0
492836.0,2500196.0,1
493826.0,2500196.0,1
494816.0,2500196.0,0
495806.0,2500196.0,0
497786.0,2500196.0,0
498776.0,2500196.0,1
499766.0,2500196.0,1
500756.0,2500196.0,1
501746.0,2500196.0,1
502736.0,2500196.0,0
503726.0,2500196.0,0
504716.0,2500196.0,0
505706.0,2500196.0,0
506696.0,2500196.0,0
507686.0,2500196.0,0
508676.0,2500196.0,0
509666.0,2500196.0,1
510656.0,2500196.0,1
511646.0,2500196.0,1
512636.0,2500196.0,0
513626.0,2500196.0,0
514616.0,2500196.0,0
515606.0,2500196.0,0
516596.0,2500196.0,0
519566.0,2500196.0,1
580946.0,2500196.0,0
581936.0,2500196.0,0
582926.0,2500196.0,2
583916.0,2500196.0,2
595796.0,2500196.0,0
596786.0,2500196.0,0
597776.0,2500196.0,0
599756.0,2500196.0,0
488876.0,2499206.0,1
489866.0,2499206.0,0
490856.0,2499206.0,0
491846.0,2499206.0,0
492836.0,2499206.0,1
493826.0,2499206.0,1
494816.0,2499206.0,1
495806.0,2499206.0,0
496796.0,2499206.0,0
497786.0,2499206.0,0
498776.0,2499206.0,1
499766.0,2499206.0,1
500756.0,2499206.0,1
503726.0,2499206.0,0
504716.0,2499206.0,0
506696.0,2499206.0,0
507686.0,2499206.0,1
508676.0,2499206.0,1
509666.0,2499206.0,1
510656.0,2499206.0,1
511646.0,2499206.0,1
512636.0,2499206.0,0
513626.0,2499206.0,0
514616.0,2499206.0,0
515606.0,2499206.0,0
516596.0,2499206.0,0
517586.0,2499206.0,0
518576.0,2499206.0,0
519566.0,2499206.0,1
520556.0,2499206.0,1
579956.0,2499206.0,0
582926.0,2499206.0,2
583916.0,2499206.0,2
593816.0,2499206.0,0
594806.0,2499206.0,0
595796.0,2499206.0,0
596786.0,2499206.0,0
599756.0,2499206.0,0
600746.0,2499206.0,2
488876.0,2498216.0,1
489866.0,2498216.0,1
490856.0,2498216.0,1
491846.0,2498216.0,1
492836.0,2498216.0,1
493826.0,2498216.0,1
494816.0,2498216.0,0
495806.0,2498216.0,0
496796.0,2498216.0,0
497786.0,2498216.0,0
498776.0,2498216.0,0
499766.0,2498216.0,1
500756.0,2498216.0,1
501746.0,2498216.0,1
502736.0,2498216.0,0
504716.0,2498216.0,0
505706.0,2498216.0,0
506696.0,2498216.0,1
507686.0,2498216.0,1
508676.0,2498216.0,1
509666.0,2498216.0,1
510656.0,2498216.0,0
511646.0,2498216.0,0
512636.0,2498216.0,1
513626.0,2498216.0,1
514616.0,2498216.0,1
515606.0,2498216.0,0
516596.0,2498216.0,0
517586.0,2498216.0,0
519566.0,2498216.0,1
520556.0,2498216.0,1
521546.0,2498216.0,1
526496.0,2498216.0,1
527486.0,2498216.0,1
528476.0,2498216.0,1
578966.0,2498216.0,0
579956.0,2498216.0,0
583916.0,2498216.0,2
592826.0,2498216.0,0
593816.0,2498216.0,0
594806.0,2498216.0,0
595796.0,2498216.0,2
596786.0,2498216.0,2
597776.0,2498216.0,2
598766.0,2498216.0,2
601736.0,2498216.0,2
476006.0,2497226.0,2
476996.0,2497226.0,0
480956.0,2497226.0,0
481946.0,2497226.0,0
482936.0,2497226.0,0
483926.0,2497226.0,0
484916.0,2497226.0,1
485906.0,2497226.0,1
486896.0,2497226.0,1
487886.0,2497226.0,1
488876.0,2497226.0,1
489866.0,2497226.0,1
490856.0,2497226.0,1
491846.0,2497226.0,1
492836.0,2497226.0,1
493826.0,2497226.0,1
495806.0,2497226.0,0
497786.0,2497226.0,0
498776.0,2497226.0,0
499766.0,2497226.0,1
500756.0,2497226.0,1
501746.0,2497226.0,1
502736.0,2497226.0,1
503726.0,2497226.0,0
504716.0,2497226.0,0
505706.0,2497226.0,0
506696.0,2497226.0,1
507686.0,2497226.0,1
508676.0,2497226.0,1
509666.0,2497226.0,1
510656.0,2497226.0,0
511646.0,2497226.0,0
512636.0,2497226.0,1
513626.0,2497226.0,1
514616.0,2497226.0,1
515606.0,2497226.0,1
516596.0,2497226.0,0
517586.0,2497226.0,0
518576.0,2497226.0,0
519566.0,2497226.0,1
520556.0,2497226.0,1
521546.0,2497226.0,1
522536.0,2497226.0,1
523526.0,2497226.0,1
524516.0,2497226.0,1
525506.0,2497226.0,1
526496.0,2497226.0,1
527486.0,2497226.0,1
528476.0,2497226.0,1
529466.0,2497226.0,1
530456.0,2497226.0,1
576986.0,2497226.0,0
577976.0,2497226.0,0
578966.0,2497226.0,0
580946.0,2497226.0,0
581936.0,2497226.0,0
582926.0,2497226.0,0
583916.0,2497226.0,0
584906.0,2497226.0,0
585896.0,2497226.0,0
586886.0,2497226.0,0
587876.0,2497226.0,0
592826.0,2497226.0,0
593816.0,2497226.0,0
594806.0,2497226.0,0
595796.0,2497226.0,2
596786.0,2497226.0,2
597776.0,2497226.0,3
598766.0,2497226.0,2
601736.0,2497226.0,2
476006.0,2496236.0,2
476996.0,2496236.0,0
477986.0,2496236.0,0
481946.0,2496236.0,0
482936.0,2496236.0,0
483926.0,2496236.0,0
484916.0,2496236.0,0
485906.0,2496236.0,1
486896.0,2496236.0,1
487886.0,2496236.0,1
488876.0,2496236.0,1
489866.0,2496236.0,1
490856.0,2496236.0,1
491846.0,2496236.0,1
492836.0,2496236.0,0
493826.0,2496236.0,0
495806.0,2496236.0,3
496796.0,2496236.0,0
497786.0,2496236.0,0
498776.0,2496236.0,0
499766.0,2496236.0,1
500756.0,2496236.0,1
501746.0,2496236.0,1
502736.0,2496236.0,1
503726.0,2496236.0,0
504716.0,2496236.0,0
505706.0,2496236.0,0
506696.0,2496236.0,1
507686.0,2496236.0,1
508676.0,2496236.0,1
509666.0,2496236.0,0
510656.0,2496236.0,0
511646.0,2496236.0,0
512636.0,2496236.0,0
513626.0,2496236.0,1
514616.0,2496236.0,1
515606.0,2496236.0,1
516596.0,2496236.0,1
517586.0,2496236.0,1
518576.0,2496236.0,1
519566.0,2496236.0,1
520556.0,2496236.0,1
521546.0,2496236.0,1
522536.0,2496236.0,1
523526.0,2496236.0,1
524516.0,2496236.0,1
525506.0,2496236.0,1
526496.0,2496236.0,1
527486.0,2496236.0,1
528476.0,2496236.0,1
529466.0,2496236.0,1
530456.0,2496236.0,1
575996.0,2496236.0,1
576986.0,2496236.0,0
577976.0,2496236.0,0
581936.0,2496236.0,0
582926.0,2496236.0,0
584906.0,2496236.0,0
585896.0,2496236.0,0
586886.0,2496236.0,0
587876.0,2496236.0,0
589856.0,2496236.0,0
590846.0,2496236.0,0
591836.0,2496236.0,0
592826.0,2496236.0,0
593816.0,2496236.0,0
594806.0,2496236.0,2
596786.0,2496236.0,0
597776.0,2496236.0,0
598766.0,2496236.0,2
599756.0,2496236.0,2
600746.0,2496236.0,2
476996.0,2495246.0,0
477986.0,2495246.0,0
479966.0,2495246.0,0
480956.0,2495246.0,0
481946.0,2495246.0,0
482936.0,2495246.0,2
483926.0,2495246.0,0
485906.0,2495246.0,0
486896.0,2495246.0,0
487886.0,2495246.0,1
488876.0,2495246.0,1
489866.0,2495246.0,1
490856.0,2495246.0,1
491846.0,2495246.0,1
492836.0,2495246.0,0
493826.0,2495246.0,0
494816.0,2495246.0,2
496796.0,2495246.0,0
497786.0,2495246.0,0
498776.0,2495246.0,0
499766.0,2495246.0,1
500756.0,2495246.0,1
502736.0,2495246.0,1
503726.0,2495246.0,1
505706.0,2495246.0,0
506696.0,2495246.0,1
507686.0,2495246.0,1
509666.0,2495246.0,1
510656.0,2495246.0,0
511646.0,2495246.0,0
512636.0,2495246.0,0
513626.0,2495246.0,0
514616.0,2495246.0,0
515606.0,2495246.0,0
516596.0,2495246.0,1
517586.0,2495246.0,1
519566.0,2495246.0,1
520556.0,2495246.0,1
521546.0,2495246.0,1
522536.0,2495246.0,1
523526.0,2495246.0,1
525506.0,2495246.0,1
526496.0,2495246.0,1
527486.0,2495246.0,1
528476.0,2495246.0,0
529466.0,2495246.0,1
531446.0,2495246.0,0
575006.0,2495246.0,1
575996.0,2495246.0,1
576986.0,2495246.0,0
577976.0,2495246.0,0
579956.0,2495246.0,0
580946.0,2495246.0,0
581936.0,2495246.0,0
583916.0,2495246.0,0
584906.0,2495246.0,0
585896.0,2495246.0,0
586886.0,2495246.0,0
589856.0,2495246.0,2
590846.0,2495246.0,0
591836.0,2495246.0,0
593816.0,2495246.0,2
594806.0,2495246.0,2
595796.0,2495246.0,2
596786.0,2495246.0,0
598766.0,2495246.0,0
475016.0,2494256.0,0
476996.0,2494256.0,0
477986.0,2494256.0,0
478976.0,2494256.0,0
479966.0,2494256.0,0
481946.0,2494256.0,2
482936.0,2494256.0,0
483926.0,2494256.0,0
484916.0,2494256.0,0
485906.0,2494256.0,0
486896.0,2494256.0,0
487886.0,2494256.0,0
488876.0,2494256.0,1
489866.0,2494256.0,1
490856.0,2494256.0,1
491846.0,2494256.0,0
493826.0,2494256.0,2
494816.0,2494256.0,2
495806.0,2494256.0,2
496796.0,2494256.0,0
497786.0,2494256.0,0
498776.0,2494256.0,1
499766.0,2494256.0,1
500756.0,2494256.0,1
501746.0,2494256.0,1
502736.0,2494256.0,1
503726.0,2494256.0,0
504716.0,2494256.0,0
505706.0,2494256.0,0
506696.0,2494256.0,1
507686.0,2494256.0,1
508676.0,2494256.0,1
509666.0,2494256.0,1
510656.0,2494256.0,0
511646.0,2494256.0,0
512636.0,2494256.0,0
513626.0,2494256.0,0
515606.0,2494256.0,0
516596.0,2494256.0,1
517586.0,2494256.0,1
518576.0,2494256.0,1
519566.0,2494256.0,1
520556.0,2494256.0,1
521546.0,2494256.0,1
522536.0,2494256.0,1
523526.0,2494256.0,1
524516.0,2494256.0,1
525506.0,2494256.0,1
527486.0,2494256.0,0
528476.0,2494256.0,0
529466.0,2494256.0,0
530456.0,2494256.0,0
531446.0,2494256.0,0
532436.0,2494256.0,0
561146.0,2494256.0,0
575006.0,2494256.0,1
575996.0,2494256.0,1
576986.0,2494256.0,0
577976.0,2494256.0,0
578966.0,2494256.0,0
579956.0,2494256.0,0
580946.0,2494256.0,0
582926.0,2494256.0,1
583916.0,2494256.0,1
584906.0,2494256.0,0
585896.0,2494256.0,0
589856.0,2494256.0,2
590846.0,2494256.0,2
593816.0,2494256.0,2
594806.0,2494256.0,2
597776.0,2494256.0,0
598766.0,2494256.0,0
475016.0,2493266.0,0
476006.0,2493266.0,0
477986.0,2493266.0,0
478976.0,2493266.0,0
480956.0,2493266.0,0
481946.0,2493266.0,0
482936.0,2493266.0,0
483926.0,2493266.0,0
484916.0,2493266.0,0
485906.0,2493266.0,1
486896.0,2493266.0,0
487886.0,2493266.0,0
488876.0,2493266.0,0
489866.0,2493266.0,0
491846.0,2493266.0,0
492836.0,2493266.0,0
493826.0,2493266.0,0
494816.0,2493266.0,2
495806.0,2493266.0,0
496796.0,2493266.0,0
497786.0,2493266.0,0
498776.0,2493266.0,1
499766.0,2493266.0,1
500756.0,2493266.0,1
501746.0,2493266.0,1
502736.0,2493266.0,1
503726.0,2493266.0,1
504716.0,2493266.0,0
505706.0,2493266.0,0
506696.0,2493266.0,1
507686.0,2493266.0,1
508676.0,2493266.0,1
509666.0,2493266.0,1
510656.0,2493266.0,1
511646.0,2493266.0,1
513626.0,2493266.0,0
514616.0,2493266.0,0
515606.0,2493266.0,1
516596.0,2493266.0,1
517586.0,2493266.0,1
518576.0,2493266.0,1
519566.0,2493266.0,1
520556.0,2493266.0,1
521546.0,2493266.0,1
522536.0,2493266.0,1
523526.0,2493266.0,1
524516.0,2493266.0,1
525506.0,2493266.0,1
526496.0,2493266.0,0
527486.0,2493266.0,0
529466.0,2493266.0,0
560156.0,2493266.0,0
561146.0,2493266.0,0
562136.0,2493266.0,0
574016.0,2493266.0,1
575006.0,2493266.0,1
575996.0,2493266.0,1
576986.0,2493266.0,1
577976.0,2493266.0,0
578966.0,2493266.0,1
579956.0,2493266.0,1
580946.0,2493266.0,1
581936.0,2493266.0,1
582926.0,2493266.0,1
583916.0,2493266.0,1
584906.0,2493266.0,1
585896.0,2493266.0,0
586886.0,2493266.0,0
587876.0,2493266.0,0
588866.0,2493266.0,2
589856.0,2493266.0,2
590846.0,2493266.0,2
591836.0,2493266.0,2
594806.0,2493266.0,2
595796.0,2493266.0,2
598766.0,2493266.0,0
475016.0,2492276.0,0
476006.0,2492276.0,0
476996.0,2492276.0,0
477986.0,2492276.0,0
478976.0,2492276.0,0
479966.0,2492276.0,0
481946.0,2492276.0,0
482936.0,2492276.0,0
483926.0,2492276.0,1
484916.0,2492276.0,1
485906.0,2492276.0,1
486896.0,2492276.0,0
487886.0,2492276.0,0
488876.0,2492276.0,0
489866.0,2492276.0,0
490856.0,2492276.0,0
491846.0,2492276.0,0
492836.0,2492276.0,0
493826.0,2492276.0,0
494816.0,2492276.0,0
496796.0,2492276.0,0
497786.0,2492276.0,1
498776.0,2492276.0,1
499766.0,2492276.0,1
500756.0,2492276.0,1
501746.0,2492276.0,1
502736.0,2492276.0,1
503726.0,2492276.0,1
504716.0,2492276.0,0
505706.0,2492276.0,0
506696.0,2492276.0,0
507686.0,2492276.0,1
508676.0,2492276.0,1
509666.0,2492276.0,1
510656.0,2492276.0,1
511646.0,2492276.0,1
512636.0,2492276.0,1
513626.0,2492276.0,1
514616.0,2492276.0,1
515606.0,2492276.0,1
516596.0,2492276.0,1
517586.0,2492276.0,1
518576.0,2492276.0,4
519566.0,2492276.0,4
520556.0,2492276.0,1
521546.0,2492276.0,1
522536.0,2492276.0,1
523526.0,2492276.0,1
524516.0,2492276.0,1
525506.0,2492276.0,1
526496.0,2492276.0,1
527486.0,2492276.0,1
528476.0,2492276.0,0
558176.0,2492276.0,0
559166.0,2492276.0,0
560156.0,2492276.0,0
561146.0,2492276.0,0
562136.0,2492276.0,0
574016.0,2492276.0,1
575006.0,2492276.0,1
575996.0,2492276.0,1
576986.0,2492276.0,1
577976.0,2492276.0,1
578966.0,2492276.0,1
579956.0,2492276.0,1
580946.0,2492276.0,1
581936.0,2492276.0,1
582926.0,2492276.0,1
583916.0,2492276.0,1
584906.0,2492276.0,1
585896.0,2492276.0,0
586886.0,2492276.0,0
587876.0,2492276.0,0
596786.0,2492276.0,2
598766.0,2492276.0,2
599756.0,2492276.0,3
475016.0,2491286.0,0
476006.0,2491286.0,0
476996.0,2491286.0,0
477986.0,2491286.0,0
478976.0,2491286.0,0
479966.0,2491286.0,0
480956.0,2491286.0,2
481946.0,2491286.0,0
482936.0,2491286.0,0
483926.0,2491286.0,1
484916.0,2491286.0,1
485906.0,2491286.0,0
486896.0,2491286.0,0
488876.0,2491286.0,0
490856.0,2491286.0,0
491846.0,2491286.0,0
492836.0,2491286.0,0
493826.0,2491286.0,0
494816.0,2491286.0,0
495806.0,2491286.0,0
496796.0,2491286.0,1
497786.0,2491286.0,1
498776.0,2491286.0,1
499766.0,2491286.0,1
500756.0,2491286.0,1
501746.0,2491286.0,1
502736.0,2491286.0,1
503726.0,2491286.0,1
504716.0,2491286.0,0
505706.0,2491286.0,0
506696.0,2491286.0,0
508676.0,2491286.0,0
509666.0,2491286.0,1
510656.0,2491286.0,1
511646.0,2491286.0,1
512636.0,2491286.0,1
513626.0,2491286.0,1
514616.0,2491286.0,1
515606.0,2491286.0,1
516596.0,2491286.0,1
517586.0,2491286.0,1
520556.0,2491286.0,4
521546.0,2491286.0,1
522536.0,2491286.0,1
523526.0,2491286.0,1
524516.0,2491286.0,1
525506.0,2491286.0,1
526496.0,2491286.0,1
527486.0,2491286.0,1
528476.0,2491286.0,1
557186.0,2491286.0,1
558176.0,2491286.0,0
559166.0,2491286.0,0
560156.0,2491286.0,0
561146.0,2491286.0,0
562136.0,2491286.0,1
574016.0,2491286.0,0
575996.0,2491286.0,1
576986.0,2491286.0,1
577976.0,2491286.0,1
578966.0,2491286.0,1
579956.0,2491286.0,1
580946.0,2491286.0,1
581936.0,2491286.0,1
582926.0,2491286.0,1
583916.0,2491286.0,1
584906.0,2491286.0,1
585896.0,2491286.0,1
586886.0,2491286.0,0
587876.0,2491286.0,0
588866.0,2491286.0,0
589856.0,2491286.0,0
591836.0,2491286.0,2
592826.0,2491286.0,2
597776.0,2491286.0,0
599756.0,2491286.0,0
474026.0,2490296.0,0
476006.0,2490296.0,0
477986.0,2490296.0,0
478976.0,2490296.0,0
479966.0,2490296.0,2
480956.0,2490296.0,2
481946.0,2490296.0,0
482936.0,2490296.0,0
483926.0,2490296.0,0
484916.0,2490296.0,0
485906.0,2490296.0,0
486896.0,2490296.0,0
487886.0,2490296.0,0
488876.0,2490296.0,0
489866.0,2490296.0,0
490856.0,2490296.0,0
491846.0,2490296.0,0
492836.0,2490296.0,0
493826.0,2490296.0,0
494816.0,2490296.0,0
495806.0,2490296.0,1
496796.0,2490296.0,1
497786.0,2490296.0,1
498776.0,2490296.0,1
499766.0,2490296.0,1
500756.0,2490296.0,1
501746.0,2490296.0,1
502736.0,2490296.0,1
503726.0,2490296.0,1
504716.0,2490296.0,0
505706.0,2490296.0,0
506696.0,2490296.0,0
507686.0,2490296.0,0
508676.0,2490296.0,0
510656.0,2490296.0,0
511646.0,2490296.0,1
512636.0,2490296.0,1
513626.0,2490296.0,1
514616.0,2490296.0,1
515606.0,2490296.0,1
516596.0,2490296.0,1
517586.0,2490296.0,1
518576.0,2490296.0,0
519566.0,2490296.0,0
520556.0,2490296.0,0
521546.0,2490296.0,1
522536.0,2490296.0,1
523526.0,2490296.0,1
524516.0,2490296.0,1
525506.0,2490296.0,1
526496.0,2490296.0,1
527486.0,2490296.0,1
533426.0,2490296.0,0
534416.0,2490296.0,1
556196.0,2490296.0,1
557186.0,2490296.0,1
558176.0,2490296.0,1
559166.0,2490296.0,0
561146.0,2490296.0,0
562136.0,2490296.0,1
563126.0,2490296.0,1
574016.0,2490296.0,0
575006.0,2490296.0,0
575996.0,2490296.0,1
576986.0,2490296.0,1
577976.0,2490296.0,1
578966.0,2490296.0,1
579956.0,2490296.0,1
580946.0,2490296.0,1
581936.0,2490296.0,1
582926.0,2490296.0,1
583916.0,2490296.0,1
584906.0,2490296.0,1
586886.0,2490296.0,1
587876.0,2490296.0,0
588866.0,2490296.0,0
589856.0,2490296.0,0
592826.0,2490296.0,2
596786.0,2490296.0,2
598766.0,2490296.0,2
599756.0,2490296.0,0
474026.0,2489306.0,0
475016.0,2489306.0,0
476006.0,2489306.0,0
476996.0,2489306.0,0
477986.0,2489306.0,0
478976.0,2489306.0,0
479966.0,2489306.0,0
480956.0,2489306.0,2
482936.0,2489306.0,0
483926.0,2489306.0,0
484916.0,2489306.0,0
485906.0,2489306.0,0
486896.0,2489306.0,0
488876.0,2489306.0,0
489866.0,2489306.0,0
490856.0,2489306.0,0
491846.0,2489306.0,0
492836.0,2489306.0,0
493826.0,2489306.0,0
494816.0,2489306.0,0
495806.0,2489306.0,1
496796.0,2489306.0,1
497786.0,2489306.0,1
498776.0,2489306.0,1
499766.0,2489306.0,1
500756.0,2489306.0,1
501746.0,2489306.0,1
502736.0,2489306.0,1
503726.0,2489306.0,1
504716.0,2489306.0,0
505706.0,2489306.0,0
506696.0,2489306.0,0
507686.0,2489306.0,0
511646.0,2489306.0,0
512636.0,2489306.0,1
513626.0,2489306.0,1
514616.0,2489306.0,0
515606.0,2489306.0,1
516596.0,2489306.0,1
517586.0,2489306.0,0
518576.0,2489306.0,0
519566.0,2489306.0,0
520556.0,2489306.0,1
521546.0,2489306.0,1
522536.0,2489306.0,1
523526.0,2489306.0,1
524516.0,2489306.0,1
525506.0,2489306.0,1
526496.0,2489306.0,1
527486.0,2489306.0,1
530456.0,2489306.0,1
531446.0,2489306.0,1
532436.0,2489306.0,1
533426.0,2489306.0,4
534416.0,2489306.0,1
535406.0,2489306.0,0
536396.0,2489306.0,0
537386.0,2489306.0,0
538376.0,2489306.0,0
539366.0,2489306.0,0
540356.0,2489306.0,0
541346.0,2489306.0,0
556196.0,2489306.0,1
557186.0,2489306.0,1
558176.0,2489306.0,0
559166.0,2489306.0,0
561146.0,2489306.0,0
562136.0,2489306.0,1
573026.0,2489306.0,0
574016.0,2489306.0,0
575006.0,2489306.0,0
575996.0,2489306.0,1
576986.0,2489306.0,1
577976.0,2489306.0,1
578966.0,2489306.0,1
579956.0,2489306.0,1
580946.0,2489306.0,1
581936.0,2489306.0,1
582926.0,2489306.0,1
583916.0,2489306.0,1
584906.0,2489306.0,1
585896.0,2489306.0,1
586886.0,2489306.0,1
587876.0,2489306.0,1
588866.0,2489306.0,0
589856.0,2489306.0,0
596786.0,2489306.0,2
598766.0,2489306.0,2
599756.0,2489306.0,2
474026.0,2488316.0,0
475016.0,2488316.0,0
476006.0,2488316.0,0
476996.0,2488316.0,0
477986.0,2488316.0,0
478976.0,2488316.0,2
480956.0,2488316.0,0
481946.0,2488316.0,0
482936.0,2488316.0,0
484916.0,2488316.0,0
485906.0,2488316.0,0
486896.0,2488316.0,0
487886.0,2488316.0,0
488876.0,2488316.0,1
489866.0,2488316.0,1
490856.0,2488316.0,1
491846.0,2488316.0,1
492836.0,2488316.0,0
493826.0,2488316.0,0
495806.0,2488316.0,0
496796.0,2488316.0,0
497786.0,2488316.0,0
498776.0,2488316.0,0
499766.0,2488316.0,0
500756.0,2488316.0,1
501746.0,2488316.0,1
502736.0,2488316.0,1
503726.0,2488316.0,1
504716.0,2488316.0,0
505706.0,2488316.0,0
506696.0,2488316.0,0
507686.0,2488316.0,0
508676.0,2488316.0,0
509666.0,2488316.0,0
510656.0,2488316.0,0
511646.0,2488316.0,0
513626.0,2488316.0,0
514616.0,2488316.0,0
516596.0,2488316.0,1
517586.0,2488316.0,0
518576.0,2488316.0,0
519566.0,2488316.0,0
520556.0,2488316.0,0
521546.0,2488316.0,0
522536.0,2488316.0,0
523526.0,2488316.0,0
524516.0,2488316.0,0
525506.0,2488316.0,1
526496.0,2488316.0,1
527486.0,2488316.0,1
529466.0,2488316.0,1
530456.0,2488316.0,1
531446.0,2488316.0,1
532436.0,2488316.0,0
534416.0,2488316.0,0
535406.0,2488316.0,0
536396.0,2488316.0,0
538376.0,2488316.0,0
539366.0,2488316.0,0
540356.0,2488316.0,0
541346.0,2488316.0,0
549266.0,2488316.0,0
555206.0,2488316.0,1
556196.0,2488316.0,1
557186.0,2488316.0,1
558176.0,2488316.0,0
559166.0,2488316.0,0
560156.0,2488316.0,0
561146.0,2488316.0,1
562136.0,2488316.0,1
563126.0,2488316.0,1
564116.0,2488316.0,1
565106.0,2488316.0,1
566096.0,2488316.0,1
567086.0,2488316.0,1
568076.0,2488316.0,1
569066.0,2488316.0,1
572036.0,2488316.0,1
573026.0,2488316.0,1
574016.0,2488316.0,1
575006.0,2488316.0,1
575996.0,2488316.0,1
576986.0,2488316.0,1
577976.0,2488316.0,1
578966.0,2488316.0,1
579956.0,2488316.0,1
580946.0,2488316.0,1
581936.0,2488316.0,1
582926.0,2488316.0,1
583916.0,2488316.0,1
584906.0,2488316.0,1
585896.0,2488316.0,1
587876.0,2488316.0,0
588866.0,2488316.0,0
591836.0,2488316.0,2
596786.0,2488316.0,2
598766.0,2488316.0,2
600746.0,2488316.0,2
474026.0,2487326.0,0
475016.0,2487326.0,0
476006.0,2487326.0,0
476996.0,2487326.0,0
477986.0,2487326.0,2
478976.0,2487326.0,2
480956.0,2487326.0,0
481946.0,2487326.0,0
482936.0,2487326.0,1
483926.0,2487326.0,1
484916.0,2487326.0,0
485906.0,2487326.0,0
488876.0,2487326.0,1
489866.0,2487326.0,1
490856.0,2487326.0,1
491846.0,2487326.0,1
493826.0,2487326.0,0
494816.0,2487326.0,0
495806.0,2487326.0,0
496796.0,2487326.0,0
498776.0,2487326.0,0
499766.0,2487326.0,0
500756.0,2487326.0,0
501746.0,2487326.0,0
502736.0,2487326.0,0
503726.0,2487326.0,0
504716.0,2487326.0,0
509666.0,2487326.0,0
511646.0,2487326.0,0
513626.0,2487326.0,0
514616.0,2487326.0,0
516596.0,2487326.0,0
517586.0,2487326.0,0
518576.0,2487326.0,0
519566.0,2487326.0,0
520556.0,2487326.0,0
521546.0,2487326.0,0
522536.0,2487326.0,0
523526.0,2487326.0,0
524516.0,2487326.0,0
525506.0,2487326.0,1
526496.0,2487326.0,1
528476.0,2487326.0,1
529466.0,2487326.0,1
530456.0,2487326.0,1
531446.0,2487326.0,1
532436.0,2487326.0,1
533426.0,2487326.0,0
534416.0,2487326.0,0
535406.0,2487326.0,0
536396.0,2487326.0,0
538376.0,2487326.0,0
539366.0,2487326.0,0
540356.0,2487326.0,1
541346.0,2487326.0,1
548276.0,2487326.0,0
549266.0,2487326.0,0
550256.0,2487326.0,0
551246.0,2487326.0,3
555206.0,2487326.0,1
556196.0,2487326.0,1
557186.0,2487326.0,1
559166.0,2487326.0,0
560156.0,2487326.0,0
561146.0,2487326.0,0
562136.0,2487326.0,1
563126.0,2487326.0,1
564116.0,2487326.0,1
565106.0,2487326.0,1
566096.0,2487326.0,1
567086.0,2487326.0,1
568076.0,2487326.0,1
569066.0,2487326.0,1
572036.0,2487326.0,1
573026.0,2487326.0,1
574016.0,2487326.0,1
575006.0,2487326.0,1
575996.0,2487326.0,1
576986.0,2487326.0,1
577976.0,2487326.0,1
578966.0,2487326.0,1
579956.0,2487326.0,1
580946.0,2487326.0,1
581936.0,2487326.0,1
582926.0,2487326.0,0
583916.0,2487326.0,1
584906.0,2487326.0,0
585896.0,2487326.0,0
586886.0,2487326.0,0
587876.0,2487326.0,0
596786.0,2487326.0,2
599756.0,2487326.0,2
600746.0,2487326.0,2
601736.0,2487326.0,2
602726.0,2487326.0,0
474026.0,2486336.0,0
475016.0,2486336.0,0
476006.0,2486336.0,0
476996.0,2486336.0,3
477986.0,2486336.0,2
478976.0,2486336.0,0
480956.0,2486336.0,0
481946.0,2486336.0,1
482936.0,2486336.0,1
483926.0,2486336.0,1
484916.0,2486336.0,1
485906.0,2486336.0,1
486896.0,2486336.0,0
487886.0,2486336.0,0
488876.0,2486336.0,0
489866.0,2486336.0,1
490856.0,2486336.0,0
491846.0,2486336.0,0
492836.0,2486336.0,0
493826.0,2486336.0,0
494816.0,2486336.0,0
495806.0,2486336.0,0
496796.0,2486336.0,0
497786.0,2486336.0,1
498776.0,2486336.0,0
499766.0,2486336.0,0
501746.0,2486336.0,0
502736.0,2486336.0,0
503726.0,2486336.0,0
504716.0,2486336.0,0
506696.0,2486336.0,0
508676.0,2486336.0,0
511646.0,2486336.0,2
512636.0,2486336.0,2
513626.0,2486336.0,0
514616.0,2486336.0,0
515606.0,2486336.0,0
516596.0,2486336.0,1
517586.0,2486336.0,0
518576.0,2486336.0,0
519566.0,2486336.0,0
520556.0,2486336.0,0
521546.0,2486336.0,0
522536.0,2486336.0,0
523526.0,2486336.0,0
525506.0,2486336.0,1
526496.0,2486336.0,1
527486.0,2486336.0,1
528476.0,2486336.0,1
529466.0,2486336.0,1
530456.0,2486336.0,1
531446.0,2486336.0,1
532436.0,2486336.0,1
533426.0,2486336.0,0
534416.0,2486336.0,0
535406.0,2486336.0,0
537386.0,2486336.0,0
538376.0,2486336.0,0
539366.0,2486336.0,0
540356.0,2486336.0,1
548276.0,2486336.0,0
549266.0,2486336.0,0
550256.0,2486336.0,0
551246.0,2486336.0,0
552236.0,2486336.0,0
553226.0,2486336.0,1
554216.0,2486336.0,1
555206.0,2486336.0,1
556196.0,2486336.0,1
558176.0,2486336.0,0
560156.0,2486336.0,0
561146.0,2486336.0,0
562136.0,2486336.0,1
564116.0,2486336.0,0
565106.0,2486336.0,1
566096.0,2486336.0,1
567086.0,2486336.0,1
568076.0,2486336.0,1
569066.0,2486336.0,1
570056.0,2486336.0,1
571046.0,2486336.0,1
572036.0,2486336.0,1
573026.0,2486336.0,1
574016.0,2486336.0,1
575006.0,2486336.0,1
575996.0,2486336.0,1
576986.0,2486336.0,1
577976.0,2486336.0,1
578966.0,2486336.0,1
579956.0,2486336.0,1
580946.0,2486336.0,1
581936.0,2486336.0,1
582926.0,2486336.0,0
583916.0,2486336.0,0
586886.0,2486336.0,0
587876.0,2486336.0,0
588866.0,2486336.0,0
591836.0,2486336.0,2
592826.0,2486336.0,2
596786.0,2486336.0,2
598766.0,2486336.0,2
601736.0,2486336.0,2
602726.0,2486336.0,0
468086.0,2485346.0,0
474026.0,2485346.0,0
475016.0,2485346.0,0
478976.0,2485346.0,0
480956.0,2485346.0,0
481946.0,2485346.0,1
482936.0,2485346.0,1
483926.0,2485346.0,1
484916.0,2485346.0,1
485906.0,2485346.0,1
486896.0,2485346.0,1
487886.0,2485346.0,0
488876.0,2485346.0,0
489866.0,2485346.0,0
490856.0,2485346.0,0
491846.0,2485346.0,0
492836.0,2485346.0,0
493826.0,2485346.0,0
494816.0,2485346.0,0
496796.0,2485346.0,0
497786.0,2485346.0,1
498776.0,2485346.0,1
499766.0,2485346.0,0
501746.0,2485346.0,0
504716.0,2485346.0,0
505706.0,2485346.0,0
506696.0,2485346.0,0
507686.0,2485346.0,0
508676.0,2485346.0,0
509666.0,2485346.0,0
510656.0,2485346.0,0
511646.0,2485346.0,0
512636.0,2485346.0,0
513626.0,2485346.0,0
514616.0,2485346.0,0
515606.0,2485346.0,0
516596.0,2485346.0,1
517586.0,2485346.0,1
518576.0,2485346.0,0
519566.0,2485346.0,0
520556.0,2485346.0,0
521546.0,2485346.0,0
522536.0,2485346.0,0
523526.0,2485346.0,0
527486.0,2485346.0,1
528476.0,2485346.0,1
530456.0,2485346.0,1
531446.0,2485346.0,1
532436.0,2485346.0,1
533426.0,2485346.0,0
534416.0,2485346.0,0
536396.0,2485346.0,0
538376.0,2485346.0,0
539366.0,2485346.0,1
540356.0,2485346.0,1
548276.0,2485346.0,0
549266.0,2485346.0,0
550256.0,2485346.0,0
552236.0,2485346.0,0
553226.0,2485346.0,1
554216.0,2485346.0,1
555206.0,2485346.0,1
556196.0,2485346.0,1
557186.0,2485346.0,0
558176.0,2485346.0,0
559166.0,2485346.0,0
560156.0,2485346.0,0
561146.0,2485346.0,0
563126.0,2485346.0,0
564116.0,2485346.0,0
565106.0,2485346.0,0
566096.0,2485346.0,1
567086.0,2485346.0,1
568076.0,2485346.0,1
569066.0,2485346.0,1
570056.0,2485346.0,1
571046.0,2485346.0,1
572036.0,2485346.0,1
573026.0,2485346.0,1
574016.0,2485346.0,1
575006.0,2485346.0,1
575996.0,2485346.0,1
576986.0,2485346.0,1
577976.0,2485346.0,1
578966.0,2485346.0,1
579956.0,2485346.0,1
580946.0,2485346.0,1
581936.0,2485346.0,1
582926.0,2485346.0,0
583916.0,2485346.0,1
584906.0,2485346.0,0
585896.0,2485346.0,0
586886.0,2485346.0,0
591836.0,2485346.0,2
595796.0,2485346.0,2
599756.0,2485346.0,2
602726.0,2485346.0,0
603716.0,2485346.0,1
604706.0,2485346.0,1
468086.0,2484356.0,0
469076.0,2484356.0,0
470066.0,2484356.0,0
473036.0,2484356.0,0
474026.0,2484356.0,0
475016.0,2484356.0,0
476996.0,2484356.0,0
478976.0,2484356.0,0
479966.0,2484356.0,0
481946.0,2484356.0,0
483926.0,2484356.0,1
484916.0,2484356.0,1
485906.0,2484356.0,1
487886.0,2484356.0,0
488876.0,2484356.0,0
493826.0,2484356.0,0
494816.0,2484356.0,0
495806.0,2484356.0,0
496796.0,2484356.0,0
497786.0,2484356.0,0
498776.0,2484356.0,0
499766.0,2484356.0,0
501746.0,2484356.0,0
503726.0,2484356.0,0
504716.0,2484356.0,0
505706.0,2484356.0,0
506696.0,2484356.0,0
507686.0,2484356.0,0
508676.0,2484356.0,2
509666.0,2484356.0,0
510656.0,2484356.0,0
511646.0,2484356.0,0
512636.0,2484356.0,0
513626.0,2484356.0,0
514616.0,2484356.0,0
516596.0,2484356.0,1
517586.0,2484356.0,1
518576.0,2484356.0,1
519566.0,2484356.0,0
521546.0,2484356.0,0
522536.0,2484356.0,0
523526.0,2484356.0,0
525506.0,2484356.0,0
526496.0,2484356.0,1
528476.0,2484356.0,1
529466.0,2484356.0,1
530456.0,2484356.0,1
531446.0,2484356.0,1
532436.0,2484356.0,1
533426.0,2484356.0,0
535406.0,2484356.0,0
536396.0,2484356.0,0
537386.0,2484356.0,0
538376.0,2484356.0,0
539366.0,2484356.0,0
540356.0,2484356.0,1
541346.0,2484356.0,1
549266.0,2484356.0,0
550256.0,2484356.0,0
551246.0,2484356.0,0
552236.0,2484356.0,0
553226.0,2484356.0,1
554216.0,2484356.0,1
555206.0,2484356.0,1
556196.0,2484356.0,1
557186.0,2484356.0,0
558176.0,2484356.0,0
559166.0,2484356.0,0
560156.0,2484356.0,0
561146.0,2484356.0,0
562136.0,2484356.0,0
563126.0,2484356.0,0
565106.0,2484356.0,0
567086.0,2484356.0,4
568076.0,2484356.0,1
569066.0,2484356.0,1
570056.0,2484356.0,1
571046.0,2484356.0,1
572036.0,2484356.0,1
573026.0,2484356.0,1
574016.0,2484356.0,1
575996.0,2484356.0,1
576986.0,2484356.0,1
577976.0,2484356.0,1
578966.0,2484356.0,1
579956.0,2484356.0,1
580946.0,2484356.0,1
581936.0,2484356.0,1
582926.0,2484356.0,1
583916.0,2484356.0,1
584906.0,2484356.0,1
585896.0,2484356.0,0
586886.0,2484356.0,0
587876.0,2484356.0,0
593816.0,2484356.0,2
596786.0,2484356.0,2
601736.0,2484356.0,0
602726.0,2484356.0,0
603716.0,2484356.0,1
604706.0,2484356.0,1
605696.0,2484356.0,1
468086.0,2483366.0,0
469076.0,2483366.0,0
470066.0,2483366.0,0
471056.0,2483366.0,0
473036.0,2483366.0,1
474026.0,2483366.0,0
475016.0,2483366.0,0
476006.0,2483366.0,0
476996.0,2483366.0,0
477986.0,2483366.0,0
478976.0,2483366.0,0
479966.0,2483366.0,0
480956.0,2483366.0,0
481946.0,2483366.0,0
482936.0,2483366.0,0
483926.0,2483366.0,0
484916.0,2483366.0,0
485906.0,2483366.0,0
486896.0,2483366.0,1
487886.0,2483366.0,0
488876.0,2483366.0,0
489866.0,2483366.0,0
490856.0,2483366.0,0
493826.0,2483366.0,0
494816.0,2483366.0,0
495806.0,2483366.0,0
496796.0,2483366.0,0
497786.0,2483366.0,0
498776.0,2483366.0,0
499766.0,2483366.0,1
500756.0,2483366.0,0
503726.0,2483366.0,1
504716.0,2483366.0,1
505706.0,2483366.0,1
506696.0,2483366.0,0
507686.0,2483366.0,0
509666.0,2483366.0,0
510656.0,2483366.0,0
512636.0,2483366.0,0
513626.0,2483366.0,0
515606.0,2483366.0,0
516596.0,2483366.0,1
517586.0,2483366.0,1
518576.0,2483366.0,1
519566.0,2483366.0,1
520556.0,2483366.0,0
521546.0,2483366.0,0
523526.0,2483366.0,0
524516.0,2483366.0,0
525506.0,2483366.0,0
526496.0,2483366.0,1
527486.0,2483366.0,1
528476.0,2483366.0,1
529466.0,2483366.0,1
531446.0,2483366.0,0
532436.0,2483366.0,0
534416.0,2483366.0,0
535406.0,2483366.0,0
536396.0,2483366.0,0
537386.0,2483366.0,0
538376.0,2483366.0,0
539366.0,2483366.0,0
540356.0,2483366.0,1
541346.0,2483366.0,1
549266.0,2483366.0,0
550256.0,2483366.0,0
551246.0,2483366.0,0
552236.0,2483366.0,0
553226.0,2483366.0,1
554216.0,2483366.0,1
555206.0,2483366.0,1
556196.0,2483366.0,1
557186.0,2483366.0,1
558176.0,2483366.0,0
560156.0,2483366.0,0
561146.0,2483366.0,0
562136.0,2483366.0,1
564116.0,2483366.0,0
566096.0,2483366.0,0
567086.0,2483366.0,1
568076.0,2483366.0,1
569066.0,2483366.0,1
570056.0,2483366.0,1
571046.0,2483366.0,1
572036.0,2483366.0,1
573026.0,2483366.0,1
574016.0,2483366.0,4
575996.0,2483366.0,4
576986.0,2483366.0,1
577976.0,2483366.0,1
578966.0,2483366.0,1
579956.0,2483366.0,1
580946.0,2483366.0,1
582926.0,2483366.0,1
583916.0,2483366.0,1
584906.0,2483366.0,1
585896.0,2483366.0,0
586886.0,2483366.0,0
587876.0,2483366.0,2
592826.0,2483366.0,2
595796.0,2483366.0,2
599756.0,2483366.0,2
600746.0,2483366.0,2
601736.0,2483366.0,0
602726.0,2483366.0,0
603716.0,2483366.0,1
604706.0,2483366.0,1
605696.0,2483366.0,1
606686.0,2483366.0,1
470066.0,2482376.0,0
471056.0,2482376.0,0
472046.0,2482376.0,0
473036.0,2482376.0,0
474026.0,2482376.0,0
475016.0,2482376.0,0
476006.0,2482376.0,0
477986.0,2482376.0,0
478976.0,2482376.0,0
479966.0,2482376.0,0
480956.0,2482376.0,0
481946.0,2482376.0,0
482936.0,2482376.0,0
483926.0,2482376.0,0
484916.0,2482376.0,0
485906.0,2482376.0,0
487886.0,2482376.0,1
488876.0,2482376.0,0
489866.0,2482376.0,0
490856.0,2482376.0,0
491846.0,2482376.0,0
492836.0,2482376.0,0
495806.0,2482376.0,0
497786.0,2482376.0,0
498776.0,2482376.0,0
499766.0,2482376.0,1
500756.0,2482376.0,1
501746.0,2482376.0,0
502736.0,2482376.0,0
503726.0,2482376.0,0
504716.0,2482376.0,1
505706.0,2482376.0,1
506696.0,2482376.0,0
507686.0,2482376.0,0
508676.0,2482376.0,0
510656.0,2482376.0,0
511646.0,2482376.0,1
512636.0,2482376.0,1
513626.0,2482376.0,1
515606.0,2482376.0,0
516596.0,2482376.0,0
517586.0,2482376.0,1
519566.0,2482376.0,1
520556.0,2482376.0,1
521546.0,2482376.0,0
522536.0,2482376.0,0
523526.0,2482376.0,0
524516.0,2482376.0,0
526496.0,2482376.0,0
527486.0,2482376.0,1
528476.0,2482376.0,1
529466.0,2482376.0,1
530456.0,2482376.0,1
531446.0,2482376.0,0
532436.0,2482376.0,0
533426.0,2482376.0,0
534416.0,2482376.0,0
535406.0,2482376.0,1
536396.0,2482376.0,0
537386.0,2482376.0,0
539366.0,2482376.0,0
540356.0,2482376.0,1
541346.0,2482376.0,1
542336.0,2482376.0,1
548276.0,2482376.0,0
551246.0,2482376.0,0
552236.0,2482376.0,1
553226.0,2482376.0,1
554216.0,2482376.0,1
555206.0,2482376.0,1
556196.0,2482376.0,1
557186.0,2482376.0,1
558176.0,2482376.0,0
560156.0,2482376.0,0
561146.0,2482376.0,1
562136.0,2482376.0,1
563126.0,2482376.0,0
564116.0,2482376.0,0
565106.0,2482376.0,0
566096.0,2482376.0,0
567086.0,2482376.0,1
568076.0,2482376.0,1
569066.0,2482376.0,1
570056.0,2482376.0,1
571046.0,2482376.0,1
572036.0,2482376.0,1
573026.0,2482376.0,1
574016.0,2482376.0,1
575996.0,2482376.0,4
576986.0,2482376.0,1
577976.0,2482376.0,1
578966.0,2482376.0,1
579956.0,2482376.0,1
580946.0,2482376.0,1
581936.0,2482376.0,1
583916.0,2482376.0,1
584906.0,2482376.0,1
585896.0,2482376.0,0
586886.0,2482376.0,0
587876.0,2482376.0,0
590846.0,2482376.0,2
597776.0,2482376.0,2
598766.0,2482376.0,2
599756.0,2482376.0,0
602726.0,2482376.0,0
603716.0,2482376.0,0
604706.0,2482376.0,1
605696.0,2482376.0,1
606686.0,2482376.0,1
607676.0,2482376.0,1
608666.0,2482376.0,1
470066.0,2481386.0,0
472046.0,2481386.0,0
473036.0,2481386.0,0
474026.0,2481386.0,0
475016.0,2481386.0,0
476006.0,2481386.0,0
476996.0,2481386.0,0
477986.0,2481386.0,0
478976.0,2481386.0,1
479966.0,2481386.0,0
480956.0,2481386.0,0
481946.0,2481386.0,0
482936.0,2481386.0,0
483926.0,2481386.0,0
484916.0,2481386.0,0
485906.0,2481386.0,0
486896.0,2481386.0,1
487886.0,2481386.0,1
488876.0,2481386.0,1
489866.0,2481386.0,0
490856.0,2481386.0,0
491846.0,2481386.0,0
492836.0,2481386.0,0
494816.0,2481386.0,0
495806.0,2481386.0,0
496796.0,2481386.0,0
497786.0,2481386.0,0
498776.0,2481386.0,0
499766.0,2481386.0,1
500756.0,2481386.0,1
501746.0,2481386.0,1
502736.0,2481386.0,0
503726.0,2481386.0,0
504716.0,2481386.0,0
505706.0,2481386.0,1
506696.0,2481386.0,0
507686.0,2481386.0,0
508676.0,2481386.0,0
509666.0,2481386.0,0
510656.0,2481386.0,0
511646.0,2481386.0,1
512636.0,2481386.0,1
513626.0,2481386.0,1
514616.0,2481386.0,0
515606.0,2481386.0,0
516596.0,2481386.0,0
517586.0,2481386.0,1
518576.0,2481386.0,1
519566.0,2481386.0,1
521546.0,2481386.0,1
522536.0,2481386.0,0
523526.0,2481386.0,0
524516.0,2481386.0,0
526496.0,2481386.0,0
527486.0,2481386.0,0
528476.0,2481386.0,1
529466.0,2481386.0,1
530456.0,2481386.0,1
532436.0,2481386.0,0
533426.0,2481386.0,0
534416.0,2481386.0,0
535406.0,2481386.0,1
536396.0,2481386.0,1
537386.0,2481386.0,0
538376.0,2481386.0,0
539366.0,2481386.0,0
540356.0,2481386.0,1
541346.0,2481386.0,1
542336.0,2481386.0,1
545306.0,2481386.0,1
546296.0,2481386.0,1
547286.0,2481386.0,1
548276.0,2481386.0,0
549266.0,2481386.0,0
551246.0,2481386.0,0
552236.0,2481386.0,1
553226.0,2481386.0,1
554216.0,2481386.0,1
555206.0,2481386.0,1
556196.0,2481386.0,1
557186.0,2481386.0,1
558176.0,2481386.0,1
559166.0,2481386.0,0
560156.0,2481386.0,0
561146.0,2481386.0,1
562136.0,2481386.0,1
563126.0,2481386.0,0
564116.0,2481386.0,0
565106.0,2481386.0,0
566096.0,2481386.0,1
567086.0,2481386.0,1
568076.0,2481386.0,1
569066.0,2481386.0,1
570056.0,2481386.0,1
571046.0,2481386.0,1
572036.0,2481386.0,1
573026.0,2481386.0,1
574016.0,2481386.0,1
575006.0,2481386.0,1
575996.0,2481386.0,1
576986.0,2481386.0,1
577976.0,2481386.0,1
578966.0,2481386.0,1
579956.0,2481386.0,1
580946.0,2481386.0,1
581936.0,2481386.0,1
582926.0,2481386.0,1
583916.0,2481386.0,1
584906.0,2481386.0,1
585896.0,2481386.0,0
586886.0,2481386.0,0
587876.0,2481386.0,0
591836.0,2481386.0,2
592826.0,2481386.0,2
593816.0,2481386.0,2
594806.0,2481386.0,2
596786.0,2481386.0,2
597776.0,2481386.0,2
598766.0,2481386.0,0
599756.0,2481386.0,0
600746.0,2481386.0,0
601736.0,2481386.0,0
602726.0,2481386.0,0
603716.0,2481386.0,0
604706.0,2481386.0,0
605696.0,2481386.0,1
606686.0,2481386.0,1
607676.0,2481386.0,1
608666.0,2481386.0,1
609656.0,2481386.0,1
470066.0,2480396.0,0
471056.0,2480396.0,0
472046.0,2480396.0,0
473036.0,2480396.0,0
474026.0,2480396.0,0
475016.0,2480396.0,0
476996.0,2480396.0,0
478976.0,2480396.0,1
479966.0,2480396.0,1
480956.0,2480396.0,0
481946.0,2480396.0,0
482936.0,2480396.0,0
483926.0,2480396.0,0
484916.0,2480396.0,0
485906.0,2480396.0,1
486896.0,2480396.0,1
487886.0,2480396.0,1
488876.0,2480396.0,1
489866.0,2480396.0,0
490856.0,2480396.0,0
491846.0,2480396.0,0
492836.0,2480396.0,0
493826.0,2480396.0,0
495806.0,2480396.0,0
496796.0,2480396.0,0
497786.0,2480396.0,0
498776.0,2480396.0,0
499766.0,2480396.0,1
501746.0,2480396.0,1
502736.0,2480396.0,0
503726.0,2480396.0,0
505706.0,2480396.0,0
508676.0,2480396.0,0
509666.0,2480396.0,0
510656.0,2480396.0,1
511646.0,2480396.0,1
512636.0,2480396.0,1
513626.0,2480396.0,1
514616.0,2480396.0,1
515606.0,2480396.0,0
516596.0,2480396.0,0
517586.0,2480396.0,0
518576.0,2480396.0,1
521546.0,2480396.0,1
522536.0,2480396.0,1
523526.0,2480396.0,0
524516.0,2480396.0,0
525506.0,2480396.0,0
526496.0,2480396.0,0
527486.0,2480396.0,0
528476.0,2480396.0,1
529466.0,2480396.0,1
531446.0,2480396.0,0
532436.0,2480396.0,0
533426.0,2480396.0,1
534416.0,2480396.0,1
536396.0,2480396.0,1
537386.0,2480396.0,0
539366.0,2480396.0,0
540356.0,2480396.0,1
541346.0,2480396.0,1
542336.0,2480396.0,1
543326.0,2480396.0,1
544316.0,2480396.0,1
545306.0,2480396.0,1
546296.0,2480396.0,1
547286.0,2480396.0,1
548276.0,2480396.0,0
549266.0,2480396.0,0
550256.0,2480396.0,0
551246.0,2480396.0,1
552236.0,2480396.0,1
553226.0,2480396.0,1
554216.0,2480396.0,1
555206.0,2480396.0,1
556196.0,2480396.0,1
557186.0,2480396.0,1
558176.0,2480396.0,1
559166.0,2480396.0,1
560156.0,2480396.0,1
561146.0,2480396.0,1
562136.0,2480396.0,1
563126.0,2480396.0,0
564116.0,2480396.0,0
565106.0,2480396.0,1
566096.0,2480396.0,1
567086.0,2480396.0,1
568076.0,2480396.0,1
569066.0,2480396.0,1
570056.0,2480396.0,1
571046.0,2480396.0,1
572036.0,2480396.0,1
573026.0,2480396.0,1
574016.0,2480396.0,1
575006.0,2480396.0,1
575996.0,2480396.0,1
576986.0,2480396.0,1
577976.0,2480396.0,1
578966.0,2480396.0,1
579956.0,2480396.0,1
580946.0,2480396.0,1
581936.0,2480396.0,1
582926.0,2480396.0,1
583916.0,2480396.0,1
584906.0,2480396.0,1
585896.0,2480396.0,0
591836.0,2480396.0,2
596786.0,2480396.0,2
597776.0,2480396.0,2
598766.0,2480396.0,0
599756.0,2480396.0,0
600746.0,2480396.0,0
601736.0,2480396.0,0
602726.0,2480396.0,0
603716.0,2480396.0,0
605696.0,2480396.0,0
606686.0,2480396.0,0
607676.0,2480396.0,0
608666.0,2480396.0,1
609656.0,2480396.0,1
470066.0,2479406.0,0
472046.0,2479406.0,0
473036.0,2479406.0,0
474026.0,2479406.0,0
475016.0,2479406.0,0
476006.0,2479406.0,0
476996.0,2479406.0,0
477986.0,2479406.0,1
478976.0,2479406.0,1
479966.0,2479406.0,1
480956.0,2479406.0,1
481946.0,2479406.0,1
482936.0,2479406.0,0
483926.0,2479406.0,0
485906.0,2479406.0,1
486896.0,2479406.0,1
487886.0,2479406.0,1
488876.0,2479406.0,1
489866.0,2479406.0,0
490856.0,2479406.0,0
491846.0,2479406.0,0
492836.0,2479406.0,0
493826.0,2479406.0,0
497786.0,2479406.0,0
499766.0,2479406.0,0
500756.0,2479406.0,0
501746.0,2479406.0,0
502736.0,2479406.0,0
503726.0,2479406.0,0
504716.0,2479406.0,0
505706.0,2479406.0,0
506696.0,2479406.0,0
507686.0,2479406.0,0
508676.0,2479406.0,0
509666.0,2479406.0,0
510656.0,2479406.0,1
512636.0,2479406.0,1
513626.0,2479406.0,1
514616.0,2479406.0,1
515606.0,2479406.0,0
516596.0,2479406.0,0
517586.0,2479406.0,0
518576.0,2479406.0,0
520556.0,2479406.0,1
521546.0,2479406.0,1
522536.0,2479406.0,0
523526.0,2479406.0,0
524516.0,2479406.0,0
525506.0,2479406.0,0
527486.0,2479406.0,0
528476.0,2479406.0,1
529466.0,2479406.0,1
530456.0,2479406.0,0
531446.0,2479406.0,0
532436.0,2479406.0,0
533426.0,2479406.0,1
534416.0,2479406.0,1
535406.0,2479406.0,1
536396.0,2479406.0,1
537386.0,2479406.0,0
538376.0,2479406.0,0
539366.0,2479406.0,0
540356.0,2479406.0,1
541346.0,2479406.0,1
542336.0,2479406.0,1
543326.0,2479406.0,1
544316.0,2479406.0,1
545306.0,2479406.0,1
547286.0,2479406.0,1
548276.0,2479406.0,0
549266.0,2479406.0,0
550256.0,2479406.0,0
551246.0,2479406.0,0
552236.0,2479406.0,1
553226.0,2479406.0,1
554216.0,2479406.0,1
555206.0,2479406.0,1
556196.0,2479406.0,1
557186.0,2479406.0,1
558176.0,2479406.0,1
559166.0,2479406.0,1
560156.0,2479406.0,1
561146.0,2479406.0,1
562136.0,2479406.0,1
564116.0,2479406.0,4
565106.0,2479406.0,1
566096.0,2479406.0,1
567086.0,2479406.0,1
568076.0,2479406.0,1
569066.0,2479406.0,1
570056.0,2479406.0,1
571046.0,2479406.0,1
572036.0,2479406.0,1
573026.0,2479406.0,1
574016.0,2479406.0,1
575006.0,2479406.0,1
575996.0,2479406.0,1
576986.0,2479406.0,1
577976.0,2479406.0,1
578966.0,2479406.0,1
579956.0,2479406.0,0
580946.0,2479406.0,0
581936.0,2479406.0,1
582926.0,2479406.0,1
583916.0,2479406.0,1
584906.0,2479406.0,1
585896.0,2479406.0,4
590846.0,2479406.0,2
591836.0,2479406.0,2
593816.0,2479406.0,2
596786.0,2479406.0,2
598766.0,2479406.0,0
599756.0,2479406.0,0
600746.0,2479406.0,0
601736.0,2479406.0,0
602726.0,2479406.0,0
603716.0,2479406.0,0
604706.0,2479406.0,0
606686.0,2479406.0,0
607676.0,2479406.0,0
608666.0,2479406.0,0
609656.0,2479406.0,0
610646.0,2479406.0,0
611636.0,2479406.0,0
612626.0,2479406.0,1
470066.0,2478416.0,0
471056.0,2478416.0,0
472046.0,2478416.0,0
473036.0,2478416.0,0
474026.0,2478416.0,0
475016.0,2478416.0,0
476006.0,2478416.0,0
476996.0,2478416.0,0
477986.0,2478416.0,1
478976.0,2478416.0,1
479966.0,2478416.0,1
480956.0,2478416.0,1
481946.0,2478416.0,1
482936.0,2478416.0,0
483926.0,2478416.0,0
484916.0,2478416.0,0
485906.0,2478416.0,0
486896.0,2478416.0,0
487886.0,2478416.0,0
488876.0,2478416.0,0
489866.0,2478416.0,1
490856.0,2478416.0,1
491846.0,2478416.0,0
492836.0,2478416.0,0
493826.0,2478416.0,0
495806.0,2478416.0,0
496796.0,2478416.0,0
497786.0,2478416.0,2
498776.0,2478416.0,0
499766.0,2478416.0,0
500756.0,2478416.0,0
501746.0,2478416.0,0
502736.0,2478416.0,0
503726.0,2478416.0,0
504716.0,2478416.0,1
505706.0,2478416.0,0
506696.0,2478416.0,0
507686.0,2478416.0,0
509666.0,2478416.0,0
510656.0,2478416.0,1
511646.0,2478416.0,1
512636.0,2478416.0,1
513626.0,2478416.0,1
514616.0,2478416.0,1
515606.0,2478416.0,1
516596.0,2478416.0,0
517586.0,2478416.0,0
519566.0,2478416.0,1
520556.0,2478416.0,1
521546.0,2478416.0,1
522536.0,2478416.0,0
523526.0,2478416.0,0
524516.0,2478416.0,0
525506.0,2478416.0,0
527486.0,2478416.0,0
528476.0,2478416.0,1
529466.0,2478416.0,1
530456.0,2478416.0,1
531446.0,2478416.0,1
532436.0,2478416.0,1
533426.0,2478416.0,1
534416.0,2478416.0,1
535406.0,2478416.0,1
536396.0,2478416.0,1
537386.0,2478416.0,0
538376.0,2478416.0,0
539366.0,2478416.0,0
540356.0,2478416.0,1
541346.0,2478416.0,1
542336.0,2478416.0,1
543326.0,2478416.0,1
544316.0,2478416.0,1
545306.0,2478416.0,1
546296.0,2478416.0,1
547286.0,2478416.0,0
549266.0,2478416.0,0
550256.0,2478416.0,0
551246.0,2478416.0,0
552236.0,2478416.0,1
553226.0,2478416.0,1
554216.0,2478416.0,1
555206.0,2478416.0,1
556196.0,2478416.0,1
557186.0,2478416.0,1
558176.0,2478416.0,1
559166.0,2478416.0,1
560156.0,2478416.0,1
561146.0,2478416.0,1
562136.0,2478416.0,1
563126.0,2478416.0,1
564116.0,2478416.0,1
565106.0,2478416.0,1
566096.0,2478416.0,1
567086.0,2478416.0,1
568076.0,2478416.0,1
569066.0,2478416.0,1
570056.0,2478416.0,1
571046.0,2478416.0,1
572036.0,2478416.0,1
573026.0,2478416.0,1
574016.0,2478416.0,1
575006.0,2478416.0,1
575996.0,2478416.0,1
576986.0,2478416.0,1
577976.0,2478416.0,1
578966.0,2478416.0,1
579956.0,2478416.0,0
580946.0,2478416.0,0
581936.0,2478416.0,0
582926.0,2478416.0,1
583916.0,2478416.0,1
584906.0,2478416.0,1
589856.0,2478416.0,2
591836.0,2478416.0,2
595796.0,2478416.0,2
596786.0,2478416.0,2
597776.0,2478416.0,2
598766.0,2478416.0,0
599756.0,2478416.0,0
600746.0,2478416.0,0
601736.0,2478416.0,1
602726.0,2478416.0,1
603716.0,2478416.0,1
604706.0,2478416.0,1
605696.0,2478416.0,0
606686.0,2478416.0,0
607676.0,2478416.0,0
608666.0,2478416.0,0
610646.0,2478416.0,0
611636.0,2478416.0,0
612626.0,2478416.0,1
613616.0,2478416.0,1
614606.0,2478416.0,1
615596.0,2478416.0,1
616586.0,2478416.0,1
617576.0,2478416.0,0
470066.0,2477426.0,0
471056.0,2477426.0,0
472046.0,2477426.0,0
473036.0,2477426.0,0
474026.0,2477426.0,0
475016.0,2477426.0,0
476006.0,2477426.0,0
476996.0,2477426.0,0
477986.0,2477426.0,1
478976.0,2477426.0,1
479966.0,2477426.0,0
480956.0,2477426.0,0
481946.0,2477426.0,0
482936.0,2477426.0,0
484916.0,2477426.0,0
485906.0,2477426.0,0
486896.0,2477426.0,0
487886.0,2477426.0,0
488876.0,2477426.0,0
489866.0,2477426.0,0
490856.0,2477426.0,0
491846.0,2477426.0,0
492836.0,2477426.0,0
496796.0,2477426.0,2
497786.0,2477426.0,0
498776.0,2477426.0,0
499766.0,2477426.0,0
500756.0,2477426.0,0
501746.0,2477426.0,0
502736.0,2477426.0,1
503726.0,2477426.0,1
504716.0,2477426.0,1
505706.0,2477426.0,1
506696.0,2477426.0,0
507686.0,2477426.0,0
509666.0,2477426.0,1
510656.0,2477426.0,1
511646.0,2477426.0,1
512636.0,2477426.0,1
513626.0,2477426.0,1
514616.0,2477426.0,1
515606.0,2477426.0,1
516596.0,2477426.0,1
518576.0,2477426.0,1
519566.0,2477426.0,1
521546.0,2477426.0,1
522536.0,2477426.0,0
524516.0,2477426.0,0
525506.0,2477426.0,0
526496.0,2477426.0,0
527486.0,2477426.0,1
528476.0,2477426.0,1
529466.0,2477426.0,1
530456.0,2477426.0,1
531446.0,2477426.0,1
533426.0,2477426.0,1
535406.0,2477426.0,1
536396.0,2477426.0,1
537386.0,2477426.0,0
538376.0,2477426.0,0
539366.0,2477426.0,0
540356.0,2477426.0,1
541346.0,2477426.0,1
542336.0,2477426.0,1
543326.0,2477426.0,1
544316.0,2477426.0,0
545306.0,2477426.0,0
546296.0,2477426.0,0
547286.0,2477426.0,0
548276.0,2477426.0,0
549266.0,2477426.0,0
550256.0,2477426.0,0
551246.0,2477426.0,0
552236.0,2477426.0,1
553226.0,2477426.0,1
554216.0,2477426.0,1
555206.0,2477426.0,1
556196.0,2477426.0,1
557186.0,2477426.0,1
558176.0,2477426.0,1
559166.0,2477426.0,1
560156.0,2477426.0,1
561146.0,2477426.0,1
562136.0,2477426.0,1
563126.0,2477426.0,1
564116.0,2477426.0,1
565106.0,2477426.0,1
566096.0,2477426.0,1
567086.0,2477426.0,1
568076.0,2477426.0,1
569066.0,2477426.0,0
570056.0,2477426.0,0
571046.0,2477426.0,0
572036.0,2477426.0,1
573026.0,2477426.0,1
574016.0,2477426.0,1
575006.0,2477426.0,1
575996.0,2477426.0,1
576986.0,2477426.0,1
577976.0,2477426.0,1
578966.0,2477426.0,1
580946.0,2477426.0,0
581936.0,2477426.0,1
582926.0,2477426.0,1
583916.0,2477426.0,1
584906.0,2477426.0,1
585896.0,2477426.0,0
587876.0,2477426.0,2
588866.0,2477426.0,2
590846.0,2477426.0,2
595796.0,2477426.0,2
597776.0,2477426.0,2
599756.0,2477426.0,0
600746.0,2477426.0,0
601736.0,2477426.0,1
602726.0,2477426.0,1
603716.0,2477426.0,1
604706.0,2477426.0,1
605696.0,2477426.0,1
606686.0,2477426.0,1
607676.0,2477426.0,1
608666.0,2477426.0,0
609656.0,2477426.0,0
610646.0,2477426.0,0
611636.0,2477426.0,0
612626.0,2477426.0,1
613616.0,2477426.0,1
614606.0,2477426.0,1
615596.0,2477426.0,0
616586.0,2477426.0,0
617576.0,2477426.0,0
618566.0,2477426.0,0
470066.0,2476436.0,0
474026.0,2476436.0,0
475016.0,2476436.0,0
476006.0,2476436.0,0
476996.0,2476436.0,0
477986.0,2476436.0,0
478976.0,2476436.0,0
479966.0,2476436.0,0
480956.0,2476436.0,0
481946.0,2476436.0,0
482936.0,2476436.0,0
483926.0,2476436.0,0
485906.0,2476436.0,0
486896.0,2476436.0,0
488876.0,2476436.0,0
489866.0,2476436.0,0
490856.0,2476436.0,0
491846.0,2476436.0,0
493826.0,2476436.0,2
495806.0,2476436.0,2
496796.0,2476436.0,0
497786.0,2476436.0,0
498776.0,2476436.0,0
499766.0,2476436.0,0
500756.0,2476436.0,0
502736.0,2476436.0,1
503726.0,2476436.0,1
504716.0,2476436.0,1
505706.0,2476436.0,1
506696.0,2476436.0,0
507686.0,2476436.0,0
508676.0,2476436.0,0
509666.0,2476436.0,0
510656.0,2476436.0,1
511646.0,2476436.0,1
512636.0,2476436.0,1
513626.0,2476436.0,1
514616.0,2476436.0,1
516596.0,2476436.0,1
517586.0,2476436.0,1
518576.0,2476436.0,1
519566.0,2476436.0,1
520556.0,2476436.0,1
521546.0,2476436.0,1
522536.0,2476436.0,0
523526.0,2476436.0,0
524516.0,2476436.0,0
525506.0,2476436.0,0
527486.0,2476436.0,0
528476.0,2476436.0,1
529466.0,2476436.0,1
530456.0,2476436.0,1
531446.0,2476436.0,1
532436.0,2476436.0,1
533426.0,2476436.0,1
534416.0,2476436.0,1
535406.0,2476436.0,1
537386.0,2476436.0,0
538376.0,2476436.0,0
539366.0,2476436.0,0
540356.0,2476436.0,1
541346.0,2476436.0,1
542336.0,2476436.0,1
543326.0,2476436.0,0
544316.0,2476436.0,0
545306.0,2476436.0,0
546296.0,2476436.0,0
548276.0,2476436.0,0
549266.0,2476436.0,0
550256.0,2476436.0,0
551246.0,2476436.0,1
552236.0,2476436.0,1
553226.0,2476436.0,1
554216.0,2476436.0,1
555206.0,2476436.0,1
556196.0,2476436.0,1
557186.0,2476436.0,1
558176.0,2476436.0,1
559166.0,2476436.0,1
560156.0,2476436.0,1
561146.0,2476436.0,1
562136.0,2476436.0,1
563126.0,2476436.0,1
564116.0,2476436.0,1
565106.0,2476436.0,1
566096.0,2476436.0,1
567086.0,2476436.0,1
568076.0,2476436.0,1
569066.0,2476436.0,0
570056.0,2476436.0,0
571046.0,2476436.0,0
572036.0,2476436.0,0
573026.0,2476436.0,1
574016.0,2476436.0,1
575006.0,2476436.0,1
575996.0,2476436.0,1
576986.0,2476436.0,1
577976.0,2476436.0,1
578966.0,2476436.0,1
579956.0,2476436.0,0
580946.0,2476436.0,0
581936.0,2476436.0,0
582926.0,2476436.0,1
583916.0,2476436.0,1
584906.0,2476436.0,0
585896.0,2476436.0,0
587876.0,2476436.0,2
588866.0,2476436.0,2
591836.0,2476436.0,2
593816.0,2476436.0,2
598766.0,2476436.0,2
601736.0,2476436.0,0
602726.0,2476436.0,1
603716.0,2476436.0,1
604706.0,2476436.0,0
605696.0,2476436.0,0
606686.0,2476436.0,1
607676.0,2476436.0,1
608666.0,2476436.0,1
609656.0,2476436.0,0
611636.0,2476436.0,0
612626.0,2476436.0,0
613616.0,2476436.0,0
614606.0,2476436.0,0
615596.0,2476436.0,0
616586.0,2476436.0,0
617576.0,2476436.0,0
618566.0,2476436.0,0
470066.0,2475446.0,0
471056.0,2475446.0,0
472046.0,2475446.0,0
473036.0,2475446.0,0
474026.0,2475446.0,2
475016.0,2475446.0,0
476006.0,2475446.0,0
476996.0,2475446.0,0
477986.0,2475446.0,0
478976.0,2475446.0,0
479966.0,2475446.0,0
480956.0,2475446.0,0
481946.0,2475446.0,0
482936.0,2475446.0,0
483926.0,2475446.0,0
484916.0,2475446.0,1
485906.0,2475446.0,1
486896.0,2475446.0,0
487886.0,2475446.0,0
488876.0,2475446.0,0
489866.0,2475446.0,0
491846.0,2475446.0,0
492836.0,2475446.0,2
494816.0,2475446.0,2
495806.0,2475446.0,2
497786.0,2475446.0,0
498776.0,2475446.0,0
499766.0,2475446.0,0
500756.0,2475446.0,0
501746.0,2475446.0,0
502736.0,2475446.0,1
503726.0,2475446.0,1
504716.0,2475446.0,1
506696.0,2475446.0,0
507686.0,2475446.0,0
508676.0,2475446.0,0
509666.0,2475446.0,0
510656.0,2475446.0,0
511646.0,2475446.0,0
512636.0,2475446.0,0
513626.0,2475446.0,0
514616.0,2475446.0,0
515606.0,2475446.0,0
516596.0,2475446.0,0
517586.0,2475446.0,1
520556.0,2475446.0,1
521546.0,2475446.0,1
522536.0,2475446.0,0
523526.0,2475446.0,0
524516.0,2475446.0,0
526496.0,2475446.0,0
527486.0,2475446.0,1
528476.0,2475446.0,1
529466.0,2475446.0,1
530456.0,2475446.0,1
531446.0,2475446.0,1
532436.0,2475446.0,1
533426.0,2475446.0,1
534416.0,2475446.0,1
535406.0,2475446.0,1
536396.0,2475446.0,1
537386.0,2475446.0,0
538376.0,2475446.0,0
539366.0,2475446.0,0
540356.0,2475446.0,0
541346.0,2475446.0,0
542336.0,2475446.0,0
543326.0,2475446.0,0
544316.0,2475446.0,0
545306.0,2475446.0,2
546296.0,2475446.0,2
547286.0,2475446.0,0
548276.0,2475446.0,0
549266.0,2475446.0,0
550256.0,2475446.0,1
551246.0,2475446.0,1
552236.0,2475446.0,1
553226.0,2475446.0,1
554216.0,2475446.0,1
555206.0,2475446.0,1
556196.0,2475446.0,1
557186.0,2475446.0,1
558176.0,2475446.0,1
559166.0,2475446.0,1
560156.0,2475446.0,1
561146.0,2475446.0,1
562136.0,2475446.0,1
563126.0,2475446.0,1
564116.0,2475446.0,1
565106.0,2475446.0,1
566096.0,2475446.0,1
567086.0,2475446.0,1
568076.0,2475446.0,1
569066.0,2475446.0,0
570056.0,2475446.0,0
571046.0,2475446.0,0
572036.0,2475446.0,0
573026.0,2475446.0,0
574016.0,2475446.0,0
575006.0,2475446.0,1
575996.0,2475446.0,1
576986.0,2475446.0,1
577976.0,2475446.0,1
578966.0,2475446.0,0
579956.0,2475446.0,0
580946.0,2475446.0,0
581936.0,2475446.0,0
582926.0,2475446.0,0
583916.0,2475446.0,0
584906.0,2475446.0,0
587876.0,2475446.0,2
589856.0,2475446.0,2
593816.0,2475446.0,2
594806.0,2475446.0,2
596786.0,2475446.0,2
598766.0,2475446.0,2
599756.0,2475446.0,2
600746.0,2475446.0,0
601736.0,2475446.0,0
602726.0,2475446.0,0
603716.0,2475446.0,0
604706.0,2475446.0,0
605696.0,2475446.0,0
606686.0,2475446.0,1
607676.0,2475446.0,1
608666.0,2475446.0,1
609656.0,2475446.0,0
610646.0,2475446.0,0
611636.0,2475446.0,0
612626.0,2475446.0,0
613616.0,2475446.0,0
615596.0,2475446.0,0
616586.0,2475446.0,0
617576.0,2475446.0,0
618566.0,2475446.0,0
470066.0,2474456.0,1
471056.0,2474456.0,1
472046.0,2474456.0,0
473036.0,2474456.0,0
475016.0,2474456.0,0
476006.0,2474456.0,0
476996.0,2474456.0,0
477986.0,2474456.0,0
478976.0,2474456.0,0
479966.0,2474456.0,0
480956.0,2474456.0,0
481946.0,2474456.0,0
482936.0,2474456.0,0
483926.0,2474456.0,0
484916.0,2474456.0,0
485906.0,2474456.0,1
486896.0,2474456.0,0
487886.0,2474456.0,0
488876.0,2474456.0,0
489866.0,2474456.0,0
490856.0,2474456.0,2
492836.0,2474456.0,2
493826.0,2474456.0,2
495806.0,2474456.0,2
496796.0,2474456.0,2
497786.0,2474456.0,0
498776.0,2474456.0,0
501746.0,2474456.0,0
502736.0,2474456.0,1
503726.0,2474456.0,1
504716.0,2474456.0,0
505706.0,2474456.0,0
506696.0,2474456.0,0
507686.0,2474456.0,0
509666.0,2474456.0,0
510656.0,2474456.0,0
511646.0,2474456.0,0
514616.0,2474456.0,0
515606.0,2474456.0,0
517586.0,2474456.0,1
518576.0,2474456.0,1
519566.0,2474456.0,1
520556.0,2474456.0,1
521546.0,2474456.0,1
522536.0,2474456.0,1
523526.0,2474456.0,0
524516.0,2474456.0,0
527486.0,2474456.0,0
528476.0,2474456.0,1
529466.0,2474456.0,1
530456.0,2474456.0,1
531446.0,2474456.0,1
532436.0,2474456.0,1
533426.0,2474456.0,1
534416.0,2474456.0,1
535406.0,2474456.0,1
536396.0,2474456.0,1
537386.0,2474456.0,1
538376.0,2474456.0,1
539366.0,2474456.0,0
540356.0,2474456.0,0
541346.0,2474456.0,0
542336.0,2474456.0,0
543326.0,2474456.0,0
544316.0,2474456.0,0
545306.0,2474456.0,0
546296.0,2474456.0,0
547286.0,2474456.0,0
548276.0,2474456.0,0
549266.0,2474456.0,0
550256.0,2474456.0,1
551246.0,2474456.0,1
552236.0,2474456.0,1
553226.0,2474456.0,1
554216.0,2474456.0,1
555206.0,2474456.0,1
556196.0,2474456.0,1
557186.0,2474456.0,1
558176.0,2474456.0,1
559166.0,2474456.0,1
560156.0,2474456.0,1
561146.0,2474456.0,1
562136.0,2474456.0,1
563126.0,2474456.0,1
564116.0,2474456.0,1
565106.0,2474456.0,1
566096.0,2474456.0,1
567086.0,2474456.0,1
570056.0,2474456.0,0
571046.0,2474456.0,0
572036.0,2474456.0,0
573026.0,2474456.0,0
574016.0,2474456.0,0
575006.0,2474456.0,0
575996.0,2474456.0,0
576986.0,2474456.0,0
577976.0,2474456.0,0
578966.0,2474456.0,0
579956.0,2474456.0,0
580946.0,2474456.0,0
581936.0,2474456.0,2
582926.0,2474456.0,0
583916.0,2474456.0,0
584906.0,2474456.0,0
593816.0,2474456.0,2
595796.0,2474456.0,2
597776.0,2474456.0,2
599756.0,2474456.0,2
600746.0,2474456.0,2
602726.0,2474456.0,0
604706.0,2474456.0,0
605696.0,2474456.0,0
606686.0,2474456.0,1
607676.0,2474456.0,1
608666.0,2474456.0,1
609656.0,2474456.0,0
610646.0,2474456.0,0
611636.0,2474456.0,0
612626.0,2474456.0,0
613616.0,2474456.0,0
614606.0,2474456.0,0
615596.0,2474456.0,0
616586.0,2474456.0,0
617576.0,2474456.0,0
470066.0,2473466.0,0
471056.0,2473466.0,0
472046.0,2473466.0,0
473036.0,2473466.0,0
474026.0,2473466.0,0
475016.0,2473466.0,2
476006.0,2473466.0,0
477986.0,2473466.0,0
479966.0,2473466.0,0
480956.0,2473466.0,0
481946.0,2473466.0,0
482936.0,2473466.0,0
483926.0,2473466.0,0
484916.0,2473466.0,0
485906.0,2473466.0,1
486896.0,2473466.0,0
490856.0,2473466.0,2
492836.0,2473466.0,2
496796.0,2473466.0,2
497786.0,2473466.0,2
498776.0,2473466.0,2
499766.0,2473466.0,0
500756.0,2473466.0,0
501746.0,2473466.0,0
502736.0,2473466.0,0
503726.0,2473466.0,0
504716.0,2473466.0,0
505706.0,2473466.0,0
506696.0,2473466.0,0
507686.0,2473466.0,0
509666.0,2473466.0,0
510656.0,2473466.0,0
511646.0,2473466.0,0
512636.0,2473466.0,0
513626.0,2473466.0,0
514616.0,2473466.0,0
515606.0,2473466.0,0
516596.0,2473466.0,0
517586.0,2473466.0,1
518576.0,2473466.0,1
519566.0,2473466.0,1
520556.0,2473466.0,1
521546.0,2473466.0,1
522536.0,2473466.0,1
523526.0,2473466.0,1
524516.0,2473466.0,0
525506.0,2473466.0,0
527486.0,2473466.0,0
528476.0,2473466.0,0
529466.0,2473466.0,1
531446.0,2473466.0,1
532436.0,2473466.0,1
533426.0,2473466.0,1
534416.0,2473466.0,1
535406.0,2473466.0,1
536396.0,2473466.0,1
537386.0,2473466.0,1
538376.0,2473466.0,0
539366.0,2473466.0,0
540356.0,2473466.0,0
543326.0,2473466.0,0
544316.0,2473466.0,0
545306.0,2473466.0,0
546296.0,2473466.0,0
547286.0,2473466.0,0
548276.0,2473466.0,0
550256.0,2473466.0,1
551246.0,2473466.0,1
552236.0,2473466.0,1
553226.0,2473466.0,1
554216.0,2473466.0,1
555206.0,2473466.0,1
556196.0,2473466.0,1
557186.0,2473466.0,1
558176.0,2473466.0,1
559166.0,2473466.0,1
560156.0,2473466.0,1
561146.0,2473466.0,1
562136.0,2473466.0,1
563126.0,2473466.0,1
564116.0,2473466.0,1
565106.0,2473466.0,1
566096.0,2473466.0,1
567086.0,2473466.0,1
568076.0,2473466.0,1
569066.0,2473466.0,1
570056.0,2473466.0,1
571046.0,2473466.0,1
572036.0,2473466.0,0
573026.0,2473466.0,0
574016.0,2473466.0,2
575006.0,2473466.0,0
576986.0,2473466.0,0
577976.0,2473466.0,0
579956.0,2473466.0,0
580946.0,2473466.0,2
581936.0,2473466.0,0
582926.0,2473466.0,0
583916.0,2473466.0,0
584906.0,2473466.0,0
587876.0,2473466.0,2
589856.0,2473466.0,2
593816.0,2473466.0,2
594806.0,2473466.0,0
595796.0,2473466.0,0
597776.0,2473466.0,0
600746.0,2473466.0,2
601736.0,2473466.0,0
602726.0,2473466.0,0
604706.0,2473466.0,0
605696.0,2473466.0,0
606686.0,2473466.0,0
607676.0,2473466.0,0
608666.0,2473466.0,0
609656.0,2473466.0,0
610646.0,2473466.0,0
611636.0,2473466.0,0
612626.0,2473466.0,0
613616.0,2473466.0,0
614606.0,2473466.0,0
615596.0,2473466.0,0
616586.0,2473466.0,0
474026.0,2472476.0,0
476006.0,2472476.0,2
476996.0,2472476.0,0
477986.0,2472476.0,0
478976.0,2472476.0,0
479966.0,2472476.0,0
480956.0,2472476.0,0
483926.0,2472476.0,0
484916.0,2472476.0,0
486896.0,2472476.0,0
487886.0,2472476.0,0
488876.0,2472476.0,0
489866.0,2472476.0,2
490856.0,2472476.0,2
496796.0,2472476.0,2
497786.0,2472476.0,2
498776.0,2472476.0,2
500756.0,2472476.0,2
502736.0,2472476.0,0
505706.0,2472476.0,0
506696.0,2472476.0,0
507686.0,2472476.0,0
509666.0,2472476.0,0
511646.0,2472476.0,0
512636.0,2472476.0,0
513626.0,2472476.0,1
514616.0,2472476.0,1
515606.0,2472476.0,0
516596.0,2472476.0,1
519566.0,2472476.0,1
520556.0,2472476.0,0
521546.0,2472476.0,1
522536.0,2472476.0,1
523526.0,2472476.0,1
524516.0,2472476.0,0
525506.0,2472476.0,0
526496.0,2472476.0,0
527486.0,2472476.0,0
528476.0,2472476.0,0
529466.0,2472476.0,0
530456.0,2472476.0,0
531446.0,2472476.0,0
532436.0,2472476.0,1
533426.0,2472476.0,1
534416.0,2472476.0,1
535406.0,2472476.0,1
536396.0,2472476.0,1
537386.0,2472476.0,0
540356.0,2472476.0,0
541346.0,2472476.0,0
542336.0,2472476.0,0
544316.0,2472476.0,0
545306.0,2472476.0,0
547286.0,2472476.0,0
548276.0,2472476.0,0
550256.0,2472476.0,1
551246.0,2472476.0,1
552236.0,2472476.0,1
553226.0,2472476.0,1
555206.0,2472476.0,1
556196.0,2472476.0,1
557186.0,2472476.0,1
558176.0,2472476.0,1
559166.0,2472476.0,1
560156.0,2472476.0,1
561146.0,2472476.0,1
562136.0,2472476.0,1
563126.0,2472476.0,1
564116.0,2472476.0,1
565106.0,2472476.0,1
566096.0,2472476.0,1
567086.0,2472476.0,1
568076.0,2472476.0,1
569066.0,2472476.0,1
570056.0,2472476.0,1
571046.0,2472476.0,1
572036.0,2472476.0,0
573026.0,2472476.0,0
575006.0,2472476.0,0
575996.0,2472476.0,0
576986.0,2472476.0,0
577976.0,2472476.0,0
578966.0,2472476.0,0
579956.0,2472476.0,0
580946.0,2472476.0,0
581936.0,2472476.0,0
582926.0,2472476.0,0
583916.0,2472476.0,0
584906.0,2472476.0,0
586886.0,2472476.0,0
594806.0,2472476.0,0
595796.0,2472476.0,0
596786.0,2472476.0,0
597776.0,2472476.0,0
598766.0,2472476.0,0
599756.0,2472476.0,0
601736.0,2472476.0,0
602726.0,2472476.0,0
603716.0,2472476.0,0
604706.0,2472476.0,0
605696.0,2472476.0,0
606686.0,2472476.0,0
607676.0,2472476.0,0
608666.0,2472476.0,0
609656.0,2472476.0,0
610646.0,2472476.0,0
611636.0,2472476.0,0
612626.0,2472476.0,0
613616.0,2472476.0,0
614606.0,2472476.0,0
615596.0,2472476.0,0
616586.0,2472476.0,0
617576.0,2472476.0,0
474026.0,2471486.0,0
475016.0,2471486.0,0
476996.0,2471486.0,2
477986.0,2471486.0,0
479966.0,2471486.0,0
480956.0,2471486.0,0
482936.0,2471486.0,0
484916.0,2471486.0,0
485906.0,2471486.0,0
486896.0,2471486.0,0
487886.0,2471486.0,0
491846.0,2471486.0,2
494816.0,2471486.0,2
495806.0,2471486.0,2
496796.0,2471486.0,2
497786.0,2471486.0,2
498776.0,2471486.0,2
499766.0,2471486.0,2
500756.0,2471486.0,0
501746.0,2471486.0,0
503726.0,2471486.0,0
504716.0,2471486.0,0
505706.0,2471486.0,1
506696.0,2471486.0,0
507686.0,2471486.0,0
509666.0,2471486.0,0
511646.0,2471486.0,1
512636.0,2471486.0,1
513626.0,2471486.0,1
514616.0,2471486.0,1
515606.0,2471486.0,1
517586.0,2471486.0,1
518576.0,2471486.0,1
519566.0,2471486.0,0
520556.0,2471486.0,0
521546.0,2471486.0,0
522536.0,2471486.0,1
523526.0,2471486.0,1
524516.0,2471486.0,1
525506.0,2471486.0,0
527486.0,2471486.0,0
528476.0,2471486.0,0
529466.0,2471486.0,0
530456.0,2471486.0,0
531446.0,2471486.0,0
532436.0,2471486.0,0
533426.0,2471486.0,1
534416.0,2471486.0,1
535406.0,2471486.0,1
536396.0,2471486.0,1
537386.0,2471486.0,0
538376.0,2471486.0,0
539366.0,2471486.0,0
540356.0,2471486.0,0
541346.0,2471486.0,0
542336.0,2471486.0,0
543326.0,2471486.0,0
544316.0,2471486.0,0
545306.0,2471486.0,0
546296.0,2471486.0,4
548276.0,2471486.0,1
549266.0,2471486.0,1
550256.0,2471486.0,1
551246.0,2471486.0,1
552236.0,2471486.0,1
553226.0,2471486.0,1
554216.0,2471486.0,1
555206.0,2471486.0,1
556196.0,2471486.0,1
557186.0,2471486.0,1
558176.0,2471486.0,1
560156.0,2471486.0,1
561146.0,2471486.0,1
562136.0,2471486.0,1
563126.0,2471486.0,1
564116.0,2471486.0,1
565106.0,2471486.0,1
566096.0,2471486.0,1
567086.0,2471486.0,1
568076.0,2471486.0,1
569066.0,2471486.0,1
570056.0,2471486.0,1
571046.0,2471486.0,1
572036.0,2471486.0,1
573026.0,2471486.0,0
574016.0,2471486.0,0
575006.0,2471486.0,0
575996.0,2471486.0,0
576986.0,2471486.0,0
577976.0,2471486.0,0
578966.0,2471486.0,0
579956.0,2471486.0,0
580946.0,2471486.0,0
581936.0,2471486.0,0
582926.0,2471486.0,1
583916.0,2471486.0,0
585896.0,2471486.0,0
588866.0,2471486.0,2
594806.0,2471486.0,0
595796.0,2471486.0,0
596786.0,2471486.0,0
597776.0,2471486.0,0
598766.0,2471486.0,0
599756.0,2471486.0,0
600746.0,2471486.0,0
601736.0,2471486.0,0
602726.0,2471486.0,0
603716.0,2471486.0,0
604706.0,2471486.0,0
605696.0,2471486.0,0
606686.0,2471486.0,0
607676.0,2471486.0,0
608666.0,2471486.0,0
609656.0,2471486.0,0
616586.0,2471486.0,0
617576.0,2471486.0,0
474026.0,2470496.0,0
475016.0,2470496.0,0
476006.0,2470496.0,0
478976.0,2470496.0,0
479966.0,2470496.0,0
480956.0,2470496.0,0
481946.0,2470496.0,0
482936.0,2470496.0,0
483926.0,2470496.0,0
484916.0,2470496.0,0
485906.0,2470496.0,0
486896.0,2470496.0,0
487886.0,2470496.0,0
488876.0,2470496.0,2
489866.0,2470496.0,2
490856.0,2470496.0,2
491846.0,2470496.0,2
495806.0,2470496.0,2
496796.0,2470496.0,2
497786.0,2470496.0,2
498776.0,2470496.0,0
499766.0,2470496.0,0
500756.0,2470496.0,0
501746.0,2470496.0,0
502736.0,2470496.0,0
503726.0,2470496.0,1
504716.0,2470496.0,0
505706.0,2470496.0,0
506696.0,2470496.0,0
507686.0,2470496.0,0
508676.0,2470496.0,0
509666.0,2470496.0,2
510656.0,2470496.0,0
512636.0,2470496.0,1
513626.0,2470496.0,1
514616.0,2470496.0,1
515606.0,2470496.0,1
516596.0,2470496.0,1
517586.0,2470496.0,1
519566.0,2470496.0,0
520556.0,2470496.0,0
521546.0,2470496.0,0
522536.0,2470496.0,1
523526.0,2470496.0,1
524516.0,2470496.0,1
525506.0,2470496.0,1
526496.0,2470496.0,0
527486.0,2470496.0,0
528476.0,2470496.0,0
529466.0,2470496.0,0
530456.0,2470496.0,0
531446.0,2470496.0,0
532436.0,2470496.0,0
533426.0,2470496.0,1
534416.0,2470496.0,1
535406.0,2470496.0,1
536396.0,2470496.0,0
537386.0,2470496.0,0
539366.0,2470496.0,0
540356.0,2470496.0,0
542336.0,2470496.0,0
543326.0,2470496.0,0
544316.0,2470496.0,0
545306.0,2470496.0,1
546296.0,2470496.0,1
547286.0,2470496.0,1
548276.0,2470496.0,1
549266.0,2470496.0,1
550256.0,2470496.0,1
551246.0,2470496.0,1
552236.0,2470496.0,1
553226.0,2470496.0,1
554216.0,2470496.0,1
555206.0,2470496.0,1
557186.0,2470496.0,1
558176.0,2470496.0,1
559166.0,2470496.0,1
560156.0,2470496.0,1
561146.0,2470496.0,1
562136.0,2470496.0,1
563126.0,2470496.0,1
564116.0,2470496.0,1
565106.0,2470496.0,1
566096.0,2470496.0,1
567086.0,2470496.0,1
568076.0,2470496.0,1
569066.0,2470496.0,1
570056.0,2470496.0,1
571046.0,2470496.0,1
572036.0,2470496.0,1
573026.0,2470496.0,1
574016.0,2470496.0,0
575006.0,2470496.0,0
575996.0,2470496.0,0
576986.0,2470496.0,1
577976.0,2470496.0,1
578966.0,2470496.0,0
579956.0,2470496.0,0
580946.0,2470496.0,0
581936.0,2470496.0,1
582926.0,2470496.0,1
583916.0,2470496.0,0
588866.0,2470496.0,2
595796.0,2470496.0,0
596786.0,2470496.0,1
597776.0,2470496.0,1
598766.0,2470496.0,1
599756.0,2470496.0,1
600746.0,2470496.0,1
601736.0,2470496.0,1
602726.0,2470496.0,1
603716.0,2470496.0,0
604706.0,2470496.0,0
605696.0,2470496.0,0
606686.0,2470496.0,0
607676.0,2470496.0,0
608666.0,2470496.0,1
609656.0,2470496.0,0
475016.0,2469506.0,0
476006.0,2469506.0,0
477986.0,2469506.0,0
479966.0,2469506.0,0
480956.0,2469506.0,0
481946.0,2469506.0,0
483926.0,2469506.0,0
484916.0,2469506.0,0
485906.0,2469506.0,0
486896.0,2469506.0,0
488876.0,2469506.0,2
489866.0,2469506.0,2
490856.0,2469506.0,2
493826.0,2469506.0,2
497786.0,2469506.0,0
498776.0,2469506.0,0
499766.0,2469506.0,0
500756.0,2469506.0,0
501746.0,2469506.0,0
502736.0,2469506.0,0
503726.0,2469506.0,0
504716.0,2469506.0,0
505706.0,2469506.0,0
506696.0,2469506.0,0
507686.0,2469506.0,0
508676.0,2469506.0,2
509666.0,2469506.0,2
510656.0,2469506.0,0
511646.0,2469506.0,0
512636.0,2469506.0,1
513626.0,2469506.0,1
514616.0,2469506.0,1
515606.0,2469506.0,1
516596.0,2469506.0,1
517586.0,2469506.0,1
518576.0,2469506.0,1
519566.0,2469506.0,1
520556.0,2469506.0,0
521546.0,2469506.0,0
522536.0,2469506.0,1
523526.0,2469506.0,1
524516.0,2469506.0,1
525506.0,2469506.0,1
526496.0,2469506.0,1
527486.0,2469506.0,0
530456.0,2469506.0,0
532436.0,2469506.0,0
533426.0,2469506.0,1
534416.0,2469506.0,1
535406.0,2469506.0,1
536396.0,2469506.0,0
537386.0,2469506.0,0
538376.0,2469506.0,0
539366.0,2469506.0,1
540356.0,2469506.0,1
541346.0,2469506.0,0
542336.0,2469506.0,0
543326.0,2469506.0,0
544316.0,2469506.0,0
545306.0,2469506.0,1
546296.0,2469506.0,1
548276.0,2469506.0,1
550256.0,2469506.0,1
551246.0,2469506.0,1
552236.0,2469506.0,1
553226.0,2469506.0,1
554216.0,2469506.0,1
555206.0,2469506.0,1
556196.0,2469506.0,1
557186.0,2469506.0,1
558176.0,2469506.0,1
559166.0,2469506.0,1
560156.0,2469506.0,1
561146.0,2469506.0,1
562136.0,2469506.0,1
563126.0,2469506.0,1
564116.0,2469506.0,1
565106.0,2469506.0,1
566096.0,2469506.0,1
567086.0,2469506.0,1
568076.0,2469506.0,1
569066.0,2469506.0,1
570056.0,2469506.0,1
571046.0,2469506.0,1
572036.0,2469506.0,1
573026.0,2469506.0,1
574016.0,2469506.0,1
575006.0,2469506.0,1
575996.0,2469506.0,1
576986.0,2469506.0,1
577976.0,2469506.0,0
578966.0,2469506.0,0
579956.0,2469506.0,0
580946.0,2469506.0,0
581936.0,2469506.0,1
582926.0,2469506.0,0
585896.0,2469506.0,2
590846.0,2469506.0,2
595796.0,2469506.0,0
596786.0,2469506.0,1
597776.0,2469506.0,1
598766.0,2469506.0,1
599756.0,2469506.0,1
600746.0,2469506.0,1
601736.0,2469506.0,1
602726.0,2469506.0,0
605696.0,2469506.0,0
606686.0,2469506.0,1
607676.0,2469506.0,1
608666.0,2469506.0,1
476006.0,2468516.0,0
476996.0,2468516.0,0
480956.0,2468516.0,0
482936.0,2468516.0,2
483926.0,2468516.0,0
484916.0,2468516.0,0
485906.0,2468516.0,0
487886.0,2468516.0,2
489866.0,2468516.0,2
490856.0,2468516.0,2
493826.0,2468516.0,2
494816.0,2468516.0,2
495806.0,2468516.0,2
496796.0,2468516.0,2
497786.0,2468516.0,2
498776.0,2468516.0,0
499766.0,2468516.0,0
500756.0,2468516.0,0
501746.0,2468516.0,0
503726.0,2468516.0,0
504716.0,2468516.0,0
505706.0,2468516.0,0
507686.0,2468516.0,0
509666.0,2468516.0,2
510656.0,2468516.0,2
511646.0,2468516.0,0
512636.0,2468516.0,0
513626.0,2468516.0,0
514616.0,2468516.0,0
515606.0,2468516.0,0
516596.0,2468516.0,1
517586.0,2468516.0,1
518576.0,2468516.0,1
519566.0,2468516.0,1
520556.0,2468516.0,0
521546.0,2468516.0,0
522536.0,2468516.0,0
523526.0,2468516.0,1
524516.0,2468516.0,1
525506.0,2468516.0,1
526496.0,2468516.0,1
527486.0,2468516.0,1
528476.0,2468516.0,0
529466.0,2468516.0,0
530456.0,2468516.0,0
531446.0,2468516.0,0
532436.0,2468516.0,1
533426.0,2468516.0,1
534416.0,2468516.0,1
535406.0,2468516.0,1
536396.0,2468516.0,0
537386.0,2468516.0,0
538376.0,2468516.0,0
539366.0,2468516.0,1
540356.0,2468516.0,1
541346.0,2468516.0,1
542336.0,2468516.0,0
543326.0,2468516.0,0
544316.0,2468516.0,1
545306.0,2468516.0,1
546296.0,2468516.0,1
547286.0,2468516.0,1
548276.0,2468516.0,1
549266.0,2468516.0,1
551246.0,2468516.0,1
552236.0,2468516.0,1
553226.0,2468516.0,1
554216.0,2468516.0,1
555206.0,2468516.0,1
556196.0,2468516.0,1
557186.0,2468516.0,1
558176.0,2468516.0,1
559166.0,2468516.0,1
560156.0,2468516.0,0
561146.0,2468516.0,1
562136.0,2468516.0,1
563126.0,2468516.0,1
564116.0,2468516.0,1
565106.0,2468516.0,1
566096.0,2468516.0,1
567086.0,2468516.0,1
568076.0,2468516.0,1
569066.0,2468516.0,1
570056.0,2468516.0,1
571046.0,2468516.0,1
572036.0,2468516.0,1
574016.0,2468516.0,1
575006.0,2468516.0,1
575996.0,2468516.0,0
576986.0,2468516.0,0
577976.0,2468516.0,0
578966.0,2468516.0,0
579956.0,2468516.0,0
580946.0,2468516.0,0
581936.0,2468516.0,1
582926.0,2468516.0,0
583916.0,2468516.0,0
584906.0,2468516.0,0
586886.0,2468516.0,2
589856.0,2468516.0,2
593816.0,2468516.0,2
594806.0,2468516.0,0
595796.0,2468516.0,0
596786.0,2468516.0,0
597776.0,2468516.0,1
598766.0,2468516.0,1
599756.0,2468516.0,1
600746.0,2468516.0,1
601736.0,2468516.0,1
602726.0,2468516.0,0
603716.0,2468516.0,0
604706.0,2468516.0,0
605696.0,2468516.0,0
606686.0,2468516.0,1
607676.0,2468516.0,1
608666.0,2468516.0,1
476006.0,2467526.0,0
476996.0,2467526.0,0
477986.0,2467526.0,0
478976.0,2467526.0,0
479966.0,2467526.0,2
482936.0,2467526.0,2
483926.0,2467526.0,0
484916.0,2467526.0,2
485906.0,2467526.0,2
488876.0,2467526.0,2
489866.0,2467526.0,2
490856.0,2467526.0,2
493826.0,2467526.0,2
494816.0,2467526.0,2
495806.0,2467526.0,2
496796.0,2467526.0,2
497786.0,2467526.0,2
498776.0,2467526.0,2
499766.0,2467526.0,2
500756.0,2467526.0,2
501746.0,2467526.0,2
502736.0,2467526.0,0
503726.0,2467526.0,0
504716.0,2467526.0,0
506696.0,2467526.0,0
507686.0,2467526.0,0
508676.0,2467526.0,0
509666.0,2467526.0,0
511646.0,2467526.0,0
512636.0,2467526.0,0
513626.0,2467526.0,0
514616.0,2467526.0,0
515606.0,2467526.0,0
517586.0,2467526.0,1
518576.0,2467526.0,1
519566.0,2467526.0,1
520556.0,2467526.0,0
521546.0,2467526.0,0
522536.0,2467526.0,1
523526.0,2467526.0,1
524516.0,2467526.0,1
525506.0,2467526.0,1
526496.0,2467526.0,1
529466.0,2467526.0,1
530456.0,2467526.0,0
531446.0,2467526.0,0
532436.0,2467526.0,1
533426.0,2467526.0,1
534416.0,2467526.0,1
535406.0,2467526.0,1
536396.0,2467526.0,1
537386.0,2467526.0,1
538376.0,2467526.0,1
539366.0,2467526.0,1
540356.0,2467526.0,1
541346.0,2467526.0,1
542336.0,2467526.0,1
543326.0,2467526.0,1
544316.0,2467526.0,1
545306.0,2467526.0,1
546296.0,2467526.0,1
547286.0,2467526.0,1
548276.0,2467526.0,1
549266.0,2467526.0,1
550256.0,2467526.0,1
551246.0,2467526.0,1
552236.0,2467526.0,1
553226.0,2467526.0,1
554216.0,2467526.0,1
555206.0,2467526.0,1
556196.0,2467526.0,1
557186.0,2467526.0,1
558176.0,2467526.0,1
559166.0,2467526.0,0
560156.0,2467526.0,0
561146.0,2467526.0,1
562136.0,2467526.0,1
563126.0,2467526.0,1
564116.0,2467526.0,1
565106.0,2467526.0,1
567086.0,2467526.0,1
568076.0,2467526.0,1
569066.0,2467526.0,1
570056.0,2467526.0,1
571046.0,2467526.0,1
572036.0,2467526.0,1
573026.0,2467526.0,1
574016.0,2467526.0,1
575006.0,2467526.0,1
575996.0,2467526.0,0
576986.0,2467526.0,0
577976.0,2467526.0,0
578966.0,2467526.0,0
579956.0,2467526.0,0
580946.0,2467526.0,0
581936.0,2467526.0,0
582926.0,2467526.0,0
585896.0,2467526.0,2
586886.0,2467526.0,2
590846.0,2467526.0,2
591836.0,2467526.0,2
592826.0,2467526.0,2
593816.0,2467526.0,2
595796.0,2467526.0,0
596786.0,2467526.0,0
597776.0,2467526.0,0
598766.0,2467526.0,0
599756.0,2467526.0,0
600746.0,2467526.0,0
601736.0,2467526.0,0
602726.0,2467526.0,0
603716.0,2467526.0,0
604706.0,2467526.0,1
605696.0,2467526.0,1
606686.0,2467526.0,1
607676.0,2467526.0,1
608666.0,2467526.0,1
476006.0,2466536.0,0
476996.0,2466536.0,0
477986.0,2466536.0,0
478976.0,2466536.0,0
479966.0,2466536.0,2
480956.0,2466536.0,2
482936.0,2466536.0,2
484916.0,2466536.0,2
485906.0,2466536.0,0
487886.0,2466536.0,3
488876.0,2466536.0,0
489866.0,2466536.0,2
491846.0,2466536.0,2
494816.0,2466536.0,2
495806.0,2466536.0,2
496796.0,2466536.0,2
497786.0,2466536.0,2
498776.0,2466536.0,2
499766.0,2466536.0,2
500756.0,2466536.0,2
501746.0,2466536.0,2
503726.0,2466536.0,0
504716.0,2466536.0,0
505706.0,2466536.0,0
506696.0,2466536.0,1
507686.0,2466536.0,1
509666.0,2466536.0,0
510656.0,2466536.0,2
512636.0,2466536.0,0
514616.0,2466536.0,0
516596.0,2466536.0,0
517586.0,2466536.0,0
518576.0,2466536.0,1
519566.0,2466536.0,1
520556.0,2466536.0,0
521546.0,2466536.0,1
522536.0,2466536.0,1
523526.0,2466536.0,1
524516.0,2466536.0,1
525506.0,2466536.0,1
526496.0,2466536.0,1
527486.0,2466536.0,1
528476.0,2466536.0,1
529466.0,2466536.0,1
530456.0,2466536.0,1
531446.0,2466536.0,1
532436.0,2466536.0,1
533426.0,2466536.0,1
534416.0,2466536.0,1
535406.0,2466536.0,1
536396.0,2466536.0,1
537386.0,2466536.0,1
538376.0,2466536.0,1
539366.0,2466536.0,1
540356.0,2466536.0,1
541346.0,2466536.0,1
542336.0,2466536.0,1
543326.0,2466536.0,1
545306.0,2466536.0,1
546296.0,2466536.0,1
547286.0,2466536.0,1
548276.0,2466536.0,1
549266.0,2466536.0,1
550256.0,2466536.0,1
551246.0,2466536.0,0
552236.0,2466536.0,0
553226.0,2466536.0,0
554216.0,2466536.0,0
555206.0,2466536.0,1
556196.0,2466536.0,1
557186.0,2466536.0,1
558176.0,2466536.0,1
559166.0,2466536.0,0
562136.0,2466536.0,1
563126.0,2466536.0,1
564116.0,2466536.0,1
566096.0,2466536.0,4
567086.0,2466536.0,1
568076.0,2466536.0,1
569066.0,2466536.0,1
570056.0,2466536.0,1
571046.0,2466536.0,1
572036.0,2466536.0,1
573026.0,2466536.0,1
574016.0,2466536.0,1
575006.0,2466536.0,0
575996.0,2466536.0,0
576986.0,2466536.0,0
577976.0,2466536.0,0
578966.0,2466536.0,0
579956.0,2466536.0,0
580946.0,2466536.0,0
581936.0,2466536.0,0
582926.0,2466536.0,0
586886.0,2466536.0,2
592826.0,2466536.0,0
593816.0,2466536.0,0
598766.0,2466536.0,0
599756.0,2466536.0,0
601736.0,2466536.0,0
602726.0,2466536.0,1
603716.0,2466536.0,1
604706.0,2466536.0,1
605696.0,2466536.0,0
606686.0,2466536.0,0
607676.0,2466536.0,1
608666.0,2466536.0,1
476996.0,2465546.0,1
477986.0,2465546.0,0
478976.0,2465546.0,0
479966.0,2465546.0,0
482936.0,2465546.0,2
484916.0,2465546.0,2
485906.0,2465546.0,0
486896.0,2465546.0,0
487886.0,2465546.0,0
488876.0,2465546.0,0
489866.0,2465546.0,0
490856.0,2465546.0,2
491846.0,2465546.0,2
493826.0,2465546.0,2
496796.0,2465546.0,2
497786.0,2465546.0,0
498776.0,2465546.0,0
499766.0,2465546.0,0
500756.0,2465546.0,0
501746.0,2465546.0,0
502736.0,2465546.0,0
503726.0,2465546.0,0
504716.0,2465546.0,0
505706.0,2465546.0,0
506696.0,2465546.0,1
507686.0,2465546.0,1
508676.0,2465546.0,0
509666.0,2465546.0,0
510656.0,2465546.0,0
511646.0,2465546.0,0
513626.0,2465546.0,0
514616.0,2465546.0,0
516596.0,2465546.0,0
517586.0,2465546.0,0
518576.0,2465546.0,0
519566.0,2465546.0,0
520556.0,2465546.0,0
521546.0,2465546.0,1
522536.0,2465546.0,1
523526.0,2465546.0,1
524516.0,2465546.0,1
525506.0,2465546.0,1
526496.0,2465546.0,1
527486.0,2465546.0,1
528476.0,2465546.0,1
529466.0,2465546.0,1
530456.0,2465546.0,1
531446.0,2465546.0,1
532436.0,2465546.0,1
533426.0,2465546.0,1
534416.0,2465546.0,1
535406.0,2465546.0,1
536396.0,2465546.0,1
537386.0,2465546.0,1
538376.0,2465546.0,1
539366.0,2465546.0,1
540356.0,2465546.0,1
541346.0,2465546.0,1
542336.0,2465546.0,1
543326.0,2465546.0,1
544316.0,2465546.0,1
545306.0,2465546.0,1
546296.0,2465546.0,1
547286.0,2465546.0,1
548276.0,2465546.0,1
549266.0,2465546.0,1
550256.0,2465546.0,1
551246.0,2465546.0,0
552236.0,2465546.0,0
553226.0,2465546.0,0
554216.0,2465546.0,0
555206.0,2465546.0,0
556196.0,2465546.0,0
557186.0,2465546.0,1
558176.0,2465546.0,0
559166.0,2465546.0,0
560156.0,2465546.0,0
561146.0,2465546.0,0
562136.0,2465546.0,0
563126.0,2465546.0,1
564116.0,2465546.0,1
566096.0,2465546.0,0
567086.0,2465546.0,0
568076.0,2465546.0,1
569066.0,2465546.0,1
570056.0,2465546.0,1
571046.0,2465546.0,1
572036.0,2465546.0,1
573026.0,2465546.0,1
574016.0,2465546.0,0
575006.0,2465546.0,0
575996.0,2465546.0,0
576986.0,2465546.0,0
577976.0,2465546.0,0
578966.0,2465546.0,0
579956.0,2465546.0,0
580946.0,2465546.0,0
581936.0,2465546.0,0
582926.0,2465546.0,0
585896.0,2465546.0,2
590846.0,2465546.0,0
593816.0,2465546.0,0
594806.0,2465546.0,0
597776.0,2465546.0,0
598766.0,2465546.0,0
600746.0,2465546.0,0
601736.0,2465546.0,4
602726.0,2465546.0,1
603716.0,2465546.0,1
604706.0,2465546.0,1
605696.0,2465546.0,0
606686.0,2465546.0,0
607676.0,2465546.0,0
608666.0,2465546.0,0
470066.0,2464556.0,0
472046.0,2464556.0,0
473036.0,2464556.0,0
477986.0,2464556.0,1
478976.0,2464556.0,0
479966.0,2464556.0,0
480956.0,2464556.0,3
481946.0,2464556.0,2
482936.0,2464556.0,0
488876.0,2464556.0,2
489866.0,2464556.0,0
490856.0,2464556.0,0
494816.0,2464556.0,2
496796.0,2464556.0,0
497786.0,2464556.0,0
498776.0,2464556.0,0
499766.0,2464556.0,0
500756.0,2464556.0,0
501746.0,2464556.0,0
502736.0,2464556.0,0
503726.0,2464556.0,0
504716.0,2464556.0,0
505706.0,2464556.0,1
506696.0,2464556.0,1
507686.0,2464556.0,1
508676.0,2464556.0,0
509666.0,2464556.0,0
510656.0,2464556.0,0
511646.0,2464556.0,0
512636.0,2464556.0,1
513626.0,2464556.0,0
514616.0,2464556.0,0
515606.0,2464556.0,0
517586.0,2464556.0,0
518576.0,2464556.0,0
519566.0,2464556.0,0
520556.0,2464556.0,0
521546.0,2464556.0,1
522536.0,2464556.0,1
523526.0,2464556.0,1
524516.0,2464556.0,1
525506.0,2464556.0,1
526496.0,2464556.0,1
527486.0,2464556.0,1
528476.0,2464556.0,1
529466.0,2464556.0,1
530456.0,2464556.0,1
531446.0,2464556.0,1
532436.0,2464556.0,1
533426.0,2464556.0,1
534416.0,2464556.0,1
535406.0,2464556.0,1
536396.0,2464556.0,1
537386.0,2464556.0,1
538376.0,2464556.0,1
539366.0,2464556.0,1
540356.0,2464556.0,1
541346.0,2464556.0,1
542336.0,2464556.0,1
543326.0,2464556.0,1
544316.0,2464556.0,1
545306.0,2464556.0,1
546296.0,2464556.0,1
547286.0,2464556.0,1
548276.0,2464556.0,1
549266.0,2464556.0,1
550256.0,2464556.0,1
551246.0,2464556.0,1
552236.0,2464556.0,0
553226.0,2464556.0,0
554216.0,2464556.0,0
555206.0,2464556.0,0
556196.0,2464556.0,0
557186.0,2464556.0,0
558176.0,2464556.0,0
559166.0,2464556.0,0
560156.0,2464556.0,0
562136.0,2464556.0,0
563126.0,2464556.0,1
564116.0,2464556.0,1
566096.0,2464556.0,0
567086.0,2464556.0,0
568076.0,2464556.0,1
569066.0,2464556.0,1
570056.0,2464556.0,1
571046.0,2464556.0,1
572036.0,2464556.0,1
573026.0,2464556.0,1
574016.0,2464556.0,0
575006.0,2464556.0,0
575996.0,2464556.0,0
576986.0,2464556.0,1
577976.0,2464556.0,1
578966.0,2464556.0,1
579956.0,2464556.0,0
580946.0,2464556.0,0
581936.0,2464556.0,0
592826.0,2464556.0,0
593816.0,2464556.0,1
594806.0,2464556.0,1
595796.0,2464556.0,1
596786.0,2464556.0,1
597776.0,2464556.0,1
598766.0,2464556.0,0
599756.0,2464556.0,0
600746.0,2464556.0,0
601736.0,2464556.0,1
602726.0,2464556.0,1
603716.0,2464556.0,1
604706.0,2464556.0,1
605696.0,2464556.0,1
606686.0,2464556.0,0
607676.0,2464556.0,0
469076.0,2463566.0,2
470066.0,2463566.0,0
472046.0,2463566.0,0
473036.0,2463566.0,0
474026.0,2463566.0,0
476996.0,2463566.0,1
477986.0,2463566.0,1
478976.0,2463566.0,0
479966.0,2463566.0,0
480956.0,2463566.0,2
481946.0,2463566.0,0
482936.0,2463566.0,0
483926.0,2463566.0,0
484916.0,2463566.0,0
485906.0,2463566.0,0
486896.0,2463566.0,2
488876.0,2463566.0,0
489866.0,2463566.0,0
490856.0,2463566.0,2
494816.0,2463566.0,0
495806.0,2463566.0,0
496796.0,2463566.0,0
497786.0,2463566.0,0
498776.0,2463566.0,0
499766.0,2463566.0,0
500756.0,2463566.0,0
501746.0,2463566.0,0
502736.0,2463566.0,0
503726.0,2463566.0,0
504716.0,2463566.0,1
505706.0,2463566.0,1
507686.0,2463566.0,0
508676.0,2463566.0,0
509666.0,2463566.0,0
510656.0,2463566.0,0
511646.0,2463566.0,1
512636.0,2463566.0,1
513626.0,2463566.0,1
514616.0,2463566.0,0
517586.0,2463566.0,0
518576.0,2463566.0,0
519566.0,2463566.0,0
520556.0,2463566.0,0
521546.0,2463566.0,1
522536.0,2463566.0,1
523526.0,2463566.0,0
524516.0,2463566.0,0
525506.0,2463566.0,1
526496.0,2463566.0,1
527486.0,2463566.0,1
528476.0,2463566.0,1
529466.0,2463566.0,1
530456.0,2463566.0,1
531446.0,2463566.0,1
532436.0,2463566.0,0
534416.0,2463566.0,1
535406.0,2463566.0,1
536396.0,2463566.0,1
537386.0,2463566.0,1
538376.0,2463566.0,1
539366.0,2463566.0,1
540356.0,2463566.0,1
541346.0,2463566.0,1
542336.0,2463566.0,1
543326.0,2463566.0,1
544316.0,2463566.0,1
545306.0,2463566.0,1
546296.0,2463566.0,1
547286.0,2463566.0,1
548276.0,2463566.0,1
549266.0,2463566.0,1
550256.0,2463566.0,1
551246.0,2463566.0,1
552236.0,2463566.0,1
553226.0,2463566.0,1
554216.0,2463566.0,1
555206.0,2463566.0,0
556196.0,2463566.0,0
558176.0,2463566.0,0
559166.0,2463566.0,0
560156.0,2463566.0,0
561146.0,2463566.0,0
562136.0,2463566.0,0
563126.0,2463566.0,0
564116.0,2463566.0,0
565106.0,2463566.0,0
566096.0,2463566.0,0
567086.0,2463566.0,0
568076.0,2463566.0,1
569066.0,2463566.0,1
570056.0,2463566.0,1
571046.0,2463566.0,1
572036.0,2463566.0,1
573026.0,2463566.0,1
574016.0,2463566.0,1
575006.0,2463566.0,1
575996.0,2463566.0,1
576986.0,2463566.0,1
577976.0,2463566.0,1
578966.0,2463566.0,1
579956.0,2463566.0,1
580946.0,2463566.0,0
589856.0,2463566.0,0
590846.0,2463566.0,0
591836.0,2463566.0,0
592826.0,2463566.0,1
593816.0,2463566.0,1
594806.0,2463566.0,1
595796.0,2463566.0,1
596786.0,2463566.0,1
597776.0,2463566.0,1
598766.0,2463566.0,0
599756.0,2463566.0,0
600746.0,2463566.0,0
601736.0,2463566.0,1
602726.0,2463566.0,1
603716.0,2463566.0,1
604706.0,2463566.0,1
605696.0,2463566.0,1
606686.0,2463566.0,1
470066.0,2462576.0,2
472046.0,2462576.0,0
474026.0,2462576.0,0
476006.0,2462576.0,0
476996.0,2462576.0,0
477986.0,2462576.0,0
478976.0,2462576.0,0
479966.0,2462576.0,0
480956.0,2462576.0,0
481946.0,2462576.0,2
483926.0,2462576.0,0
484916.0,2462576.0,0
487886.0,2462576.0,2
489866.0,2462576.0,2
491846.0,2462576.0,0
493826.0,2462576.0,0
494816.0,2462576.0,0
495806.0,2462576.0,0
496796.0,2462576.0,0
497786.0,2462576.0,0
498776.0,2462576.0,0
500756.0,2462576.0,0
501746.0,2462576.0,0
502736.0,2462576.0,0
503726.0,2462576.0,1
504716.0,2462576.0,1
505706.0,2462576.0,0
506696.0,2462576.0,0
507686.0,2462576.0,0
508676.0,2462576.0,0
509666.0,2462576.0,0
510656.0,2462576.0,0
511646.0,2462576.0,1
512636.0,2462576.0,1
513626.0,2462576.0,1
514616.0,2462576.0,1
515606.0,2462576.0,1
516596.0,2462576.0,0
517586.0,2462576.0,0
518576.0,2462576.0,0
519566.0,2462576.0,0
520556.0,2462576.0,0
521546.0,2462576.0,1
522536.0,2462576.0,1
523526.0,2462576.0,0
524516.0,2462576.0,0
525506.0,2462576.0,0
526496.0,2462576.0,1
527486.0,2462576.0,1
528476.0,2462576.0,1
529466.0,2462576.0,1
530456.0,2462576.0,1
531446.0,2462576.0,0
532436.0,2462576.0,0
533426.0,2462576.0,0
534416.0,2462576.0,1
535406.0,2462576.0,1
536396.0,2462576.0,1
537386.0,2462576.0,1
538376.0,2462576.0,1
539366.0,2462576.0,1
540356.0,2462576.0,1
541346.0,2462576.0,1
542336.0,2462576.0,1
543326.0,2462576.0,1
544316.0,2462576.0,1
545306.0,2462576.0,1
546296.0,2462576.0,1
547286.0,2462576.0,1
548276.0,2462576.0,1
549266.0,2462576.0,1
550256.0,2462576.0,1
551246.0,2462576.0,1
552236.0,2462576.0,1
553226.0,2462576.0,1
554216.0,2462576.0,1
555206.0,2462576.0,1
556196.0,2462576.0,0
557186.0,2462576.0,0
558176.0,2462576.0,0
559166.0,2462576.0,0
560156.0,2462576.0,0
561146.0,2462576.0,0
562136.0,2462576.0,0
563126.0,2462576.0,0
564116.0,2462576.0,0
565106.0,2462576.0,0
566096.0,2462576.0,0
567086.0,2462576.0,1
568076.0,2462576.0,1
569066.0,2462576.0,1
570056.0,2462576.0,1
571046.0,2462576.0,1
572036.0,2462576.0,1
574016.0,2462576.0,1
575006.0,2462576.0,1
575996.0,2462576.0,1
576986.0,2462576.0,1
577976.0,2462576.0,1
578966.0,2462576.0,1
579956.0,2462576.0,0
586886.0,2462576.0,0
588866.0,2462576.0,0
589856.0,2462576.0,0
590846.0,2462576.0,0
592826.0,2462576.0,1
593816.0,2462576.0,1
594806.0,2462576.0,1
595796.0,2462576.0,1
596786.0,2462576.0,1
597776.0,2462576.0,1
598766.0,2462576.0,1
599756.0,2462576.0,0
600746.0,2462576.0,0
601736.0,2462576.0,1
602726.0,2462576.0,1
469076.0,2461586.0,2
470066.0,2461586.0,0
471056.0,2461586.0,3
472046.0,2461586.0,0
473036.0,2461586.0,0
474026.0,2461586.0,0
475016.0,2461586.0,0
476006.0,2461586.0,0
477986.0,2461586.0,0
478976.0,2461586.0,0
480956.0,2461586.0,2
481946.0,2461586.0,2
482936.0,2461586.0,0
484916.0,2461586.0,0
485906.0,2461586.0,2
487886.0,2461586.0,0
488876.0,2461586.0,0
489866.0,2461586.0,0
492836.0,2461586.0,0
493826.0,2461586.0,0
494816.0,2461586.0,0
495806.0,2461586.0,0
496796.0,2461586.0,0
498776.0,2461586.0,0
499766.0,2461586.0,0
500756.0,2461586.0,0
501746.0,2461586.0,0
502736.0,2461586.0,1
503726.0,2461586.0,1
504716.0,2461586.0,1
505706.0,2461586.0,0
506696.0,2461586.0,0
507686.0,2461586.0,0
508676.0,2461586.0,0
509666.0,2461586.0,0
510656.0,2461586.0,1
511646.0,2461586.0,1
512636.0,2461586.0,1
513626.0,2461586.0,1
514616.0,2461586.0,1
515606.0,2461586.0,1
517586.0,2461586.0,1
518576.0,2461586.0,0
519566.0,2461586.0,0
520556.0,2461586.0,1
521546.0,2461586.0,1
522536.0,2461586.0,1
523526.0,2461586.0,0
524516.0,2461586.0,0
525506.0,2461586.0,1
526496.0,2461586.0,1
527486.0,2461586.0,1
528476.0,2461586.0,1
529466.0,2461586.0,1
530456.0,2461586.0,1
532436.0,2461586.0,0
533426.0,2461586.0,0
534416.0,2461586.0,0
536396.0,2461586.0,1
537386.0,2461586.0,1
538376.0,2461586.0,1
539366.0,2461586.0,1
540356.0,2461586.0,1
541346.0,2461586.0,1
542336.0,2461586.0,1
543326.0,2461586.0,1
545306.0,2461586.0,1
546296.0,2461586.0,1
547286.0,2461586.0,1
548276.0,2461586.0,1
549266.0,2461586.0,1
550256.0,2461586.0,1
551246.0,2461586.0,1
552236.0,2461586.0,1
553226.0,2461586.0,1
554216.0,2461586.0,1
555206.0,2461586.0,1
556196.0,2461586.0,0
557186.0,2461586.0,0
558176.0,2461586.0,0
560156.0,2461586.0,0
561146.0,2461586.0,0
563126.0,2461586.0,0
564116.0,2461586.0,0
565106.0,2461586.0,0
566096.0,2461586.0,1
567086.0,2461586.0,1
568076.0,2461586.0,1
569066.0,2461586.0,1
570056.0,2461586.0,1
571046.0,2461586.0,1
572036.0,2461586.0,1
573026.0,2461586.0,1
574016.0,2461586.0,1
575006.0,2461586.0,1
575996.0,2461586.0,1
576986.0,2461586.0,1
577976.0,2461586.0,1
578966.0,2461586.0,1
579956.0,2461586.0,0
580946.0,2461586.0,0
583916.0,2461586.0,2
584906.0,2461586.0,2
585896.0,2461586.0,2
588866.0,2461586.0,0
589856.0,2461586.0,0
592826.0,2461586.0,1
593816.0,2461586.0,1
594806.0,2461586.0,1
595796.0,2461586.0,1
596786.0,2461586.0,1
597776.0,2461586.0,1
598766.0,2461586.0,1
599756.0,2461586.0,1
600746.0,2461586.0,1
601736.0,2461586.0,1
602726.0,2461586.0,1
468086.0,2460596.0,2
469076.0,2460596.0,2
470066.0,2460596.0,0
471056.0,2460596.0,0
473036.0,2460596.0,0
474026.0,2460596.0,0
475016.0,2460596.0,0
476996.0,2460596.0,0
478976.0,2460596.0,0
479966.0,2460596.0,2
481946.0,2460596.0,2
487886.0,2460596.0,0
488876.0,2460596.0,0
489866.0,2460596.0,0
493826.0,2460596.0,0
494816.0,2460596.0,0
496796.0,2460596.0,0
497786.0,2460596.0,0
498776.0,2460596.0,0
499766.0,2460596.0,0
500756.0,2460596.0,0
501746.0,2460596.0,1
502736.0,2460596.0,1
503726.0,2460596.0,1
504716.0,2460596.0,1
506696.0,2460596.0,0
507686.0,2460596.0,0
508676.0,2460596.0,0
509666.0,2460596.0,0
510656.0,2460596.0,1
511646.0,2460596.0,1
512636.0,2460596.0,1
513626.0,2460596.0,1
514616.0,2460596.0,1
515606.0,2460596.0,1
516596.0,2460596.0,1
517586.0,2460596.0,1
518576.0,2460596.0,1
519566.0,2460596.0,1
520556.0,2460596.0,1
521546.0,2460596.0,1
522536.0,2460596.0,1
524516.0,2460596.0,1
525506.0,2460596.0,1
526496.0,2460596.0,1
527486.0,2460596.0,1
530456.0,2460596.0,1
531446.0,2460596.0,0
532436.0,2460596.0,0
533426.0,2460596.0,0
534416.0,2460596.0,0
535406.0,2460596.0,1
536396.0,2460596.0,1
537386.0,2460596.0,1
538376.0,2460596.0,1
539366.0,2460596.0,1
540356.0,2460596.0,1
541346.0,2460596.0,1
542336.0,2460596.0,1
543326.0,2460596.0,1
545306.0,2460596.0,1
546296.0,2460596.0,1
547286.0,2460596.0,1
548276.0,2460596.0,1
549266.0,2460596.0,1
550256.0,2460596.0,1
551246.0,2460596.0,1
552236.0,2460596.0,1
553226.0,2460596.0,1
554216.0,2460596.0,1
555206.0,2460596.0,1
556196.0,2460596.0,1
557186.0,2460596.0,0
558176.0,2460596.0,0
559166.0,2460596.0,0
560156.0,2460596.0,0
561146.0,2460596.0,0
562136.0,2460596.0,0
563126.0,2460596.0,0
564116.0,2460596.0,0
565106.0,2460596.0,0
566096.0,2460596.0,1
567086.0,2460596.0,1
568076.0,2460596.0,1
569066.0,2460596.0,1
570056.0,2460596.0,1
571046.0,2460596.0,1
572036.0,2460596.0,1
573026.0,2460596.0,1
574016.0,2460596.0,1
575006.0,2460596.0,1
575996.0,2460596.0,1
576986.0,2460596.0,1
577976.0,2460596.0,1
578966.0,2460596.0,0
581936.0,2460596.0,2
582926.0,2460596.0,2
584906.0,2460596.0,2
585896.0,2460596.0,2
589856.0,2460596.0,0
590846.0,2460596.0,0
592826.0,2460596.0,0
593816.0,2460596.0,1
594806.0,2460596.0,1
595796.0,2460596.0,1
596786.0,2460596.0,1
597776.0,2460596.0,1
598766.0,2460596.0,1
599756.0,2460596.0,1
600746.0,2460596.0,1
601736.0,2460596.0,1
602726.0,2460596.0,1
465116.0,2459606.0,2
466106.0,2459606.0,0
467096.0,2459606.0,2
468086.0,2459606.0,2
470066.0,2459606.0,0
471056.0,2459606.0,0
472046.0,2459606.0,0
473036.0,2459606.0,1
475016.0,2459606.0,0
476006.0,2459606.0,0
476996.0,2459606.0,0
478976.0,2459606.0,0
479966.0,2459606.0,2
481946.0,2459606.0,2
482936.0,2459606.0,2
484916.0,2459606.0,3
485906.0,2459606.0,2
486896.0,2459606.0,2
487886.0,2459606.0,2
488876.0,2459606.0,0
489866.0,2459606.0,0
490856.0,2459606.0,0
491846.0,2459606.0,0
493826.0,2459606.0,0
494816.0,2459606.0,0
495806.0,2459606.0,0
496796.0,2459606.0,0
497786.0,2459606.0,0
498776.0,2459606.0,0
500756.0,2459606.0,1
501746.0,2459606.0,1
502736.0,2459606.0,1
503726.0,2459606.0,1
504716.0,2459606.0,0
505706.0,2459606.0,0
506696.0,2459606.0,0
507686.0,2459606.0,0
508676.0,2459606.0,1
509666.0,2459606.0,1
510656.0,2459606.0,1
511646.0,2459606.0,1
512636.0,2459606.0,1
514616.0,2459606.0,1
515606.0,2459606.0,1
516596.0,2459606.0,1
517586.0,2459606.0,1
519566.0,2459606.0,1
520556.0,2459606.0,1
522536.0,2459606.0,1
523526.0,2459606.0,1
524516.0,2459606.0,1
525506.0,2459606.0,1
526496.0,2459606.0,1
527486.0,2459606.0,1
528476.0,2459606.0,1
529466.0,2459606.0,1
531446.0,2459606.0,0
532436.0,2459606.0,0
533426.0,2459606.0,0
534416.0,2459606.0,0
535406.0,2459606.0,1
536396.0,2459606.0,1
538376.0,2459606.0,1
539366.0,2459606.0,1
540356.0,2459606.0,1
541346.0,2459606.0,1
542336.0,2459606.0,1
543326.0,2459606.0,1
544316.0,2459606.0,1
545306.0,2459606.0,1
546296.0,2459606.0,1
547286.0,2459606.0,1
548276.0,2459606.0,1
549266.0,2459606.0,1
550256.0,2459606.0,1
551246.0,2459606.0,1
552236.0,2459606.0,1
553226.0,2459606.0,1
554216.0,2459606.0,1
555206.0,2459606.0,1
556196.0,2459606.0,1
557186.0,2459606.0,1
558176.0,2459606.0,1
559166.0,2459606.0,1
560156.0,2459606.0,1
561146.0,2459606.0,1
562136.0,2459606.0,0
563126.0,2459606.0,0
564116.0,2459606.0,0
565106.0,2459606.0,0
566096.0,2459606.0,1
567086.0,2459606.0,1
568076.0,2459606.0,1
569066.0,2459606.0,1
570056.0,2459606.0,1
571046.0,2459606.0,1
572036.0,2459606.0,1
573026.0,2459606.0,1
574016.0,2459606.0,1
575006.0,2459606.0,1
575996.0,2459606.0,1
576986.0,2459606.0,1
577976.0,2459606.0,1
578966.0,2459606.0,0
579956.0,2459606.0,0
583916.0,2459606.0,2
584906.0,2459606.0,2
588866.0,2459606.0,0
589856.0,2459606.0,0
590846.0,2459606.0,0
591836.0,2459606.0,0
592826.0,2459606.0,0
593816.0,2459606.0,1
594806.0,2459606.0,1
595796.0,2459606.0,1
596786.0,2459606.0,1
597776.0,2459606.0,1
598766.0,2459606.0,1
599756.0,2459606.0,1
600746.0,2459606.0,1
601736.0,2459606.0,1
602726.0,2459606.0,1
603716.0,2459606.0,1
604706.0,2459606.0,1
464126.0,2458616.0,2
465116.0,2458616.0,2
467096.0,2458616.0,2
468086.0,2458616.0,2
469076.0,2458616.0,2
470066.0,2458616.0,2
471056.0,2458616.0,0
472046.0,2458616.0,0
473036.0,2458616.0,0
474026.0,2458616.0,1
475016.0,2458616.0,0
476006.0,2458616.0,0
476996.0,2458616.0,0
478976.0,2458616.0,0
479966.0,2458616.0,0
480956.0,2458616.0,0
483926.0,2458616.0,0
484916.0,2458616.0,0
486896.0,2458616.0,0
488876.0,2458616.0,2
491846.0,2458616.0,0
492836.0,2458616.0,0
494816.0,2458616.0,0
495806.0,2458616.0,0
496796.0,2458616.0,0
497786.0,2458616.0,0
498776.0,2458616.0,0
499766.0,2458616.0,1
500756.0,2458616.0,1
501746.0,2458616.0,1
502736.0,2458616.0,1
503726.0,2458616.0,0
504716.0,2458616.0,0
505706.0,2458616.0,0
506696.0,2458616.0,0
507686.0,2458616.0,0
508676.0,2458616.0,1
509666.0,2458616.0,1
510656.0,2458616.0,1
511646.0,2458616.0,0
513626.0,2458616.0,0
514616.0,2458616.0,1
515606.0,2458616.0,1
516596.0,2458616.0,1
517586.0,2458616.0,1
518576.0,2458616.0,1
519566.0,2458616.0,1
520556.0,2458616.0,1
521546.0,2458616.0,1
522536.0,2458616.0,1
523526.0,2458616.0,1
524516.0,2458616.0,1
525506.0,2458616.0,1
526496.0,2458616.0,1
527486.0,2458616.0,1
528476.0,2458616.0,1
529466.0,2458616.0,1
530456.0,2458616.0,0
531446.0,2458616.0,0
532436.0,2458616.0,0
533426.0,2458616.0,0
534416.0,2458616.0,1
537386.0,2458616.0,1
538376.0,2458616.0,1
539366.0,2458616.0,1
540356.0,2458616.0,1
541346.0,2458616.0,1
542336.0,2458616.0,1
543326.0,2458616.0,1
544316.0,2458616.0,1
545306.0,2458616.0,1
546296.0,2458616.0,1
547286.0,2458616.0,1
548276.0,2458616.0,1
549266.0,2458616.0,1
550256.0,2458616.0,1
551246.0,2458616.0,1
552236.0,2458616.0,1
553226.0,2458616.0,1
554216.0,2458616.0,1
555206.0,2458616.0,1
556196.0,2458616.0,1
557186.0,2458616.0,1
558176.0,2458616.0,1
559166.0,2458616.0,1
560156.0,2458616.0,1
561146.0,2458616.0,1
562136.0,2458616.0,1
563126.0,2458616.0,0
564116.0,2458616.0,0
565106.0,2458616.0,1
566096.0,2458616.0,1
567086.0,2458616.0,1
568076.0,2458616.0,1
569066.0,2458616.0,1
570056.0,2458616.0,1
571046.0,2458616.0,1
572036.0,2458616.0,1
573026.0,2458616.0,1
574016.0,2458616.0,1
575006.0,2458616.0,1
575996.0,2458616.0,1
576986.0,2458616.0,1
577976.0,2458616.0,1
582926.0,2458616.0,2
583916.0,2458616.0,2
585896.0,2458616.0,0
586886.0,2458616.0,0
588866.0,2458616.0,0
589856.0,2458616.0,0
590846.0,2458616.0,0
591836.0,2458616.0,0
592826.0,2458616.0,1
593816.0,2458616.0,1
594806.0,2458616.0,1
595796.0,2458616.0,1
596786.0,2458616.0,1
597776.0,2458616.0,1
598766.0,2458616.0,1
599756.0,2458616.0,1
600746.0,2458616.0,1
601736.0,2458616.0,1
602726.0,2458616.0,1
603716.0,2458616.0,1
604706.0,2458616.0,1
605696.0,2458616.0,1
464126.0,2457626.0,2
465116.0,2457626.0,2
466106.0,2457626.0,2
467096.0,2457626.0,2
468086.0,2457626.0,2
470066.0,2457626.0,2
471056.0,2457626.0,0
473036.0,2457626.0,0
474026.0,2457626.0,0
476006.0,2457626.0,0
476996.0,2457626.0,0
477986.0,2457626.0,0
478976.0,2457626.0,0
479966.0,2457626.0,0
480956.0,2457626.0,0
481946.0,2457626.0,0
482936.0,2457626.0,0
484916.0,2457626.0,0
490856.0,2457626.0,0
491846.0,2457626.0,0
492836.0,2457626.0,0
493826.0,2457626.0,0
494816.0,2457626.0,0
495806.0,2457626.0,0
496796.0,2457626.0,0
497786.0,2457626.0,0
498776.0,2457626.0,0
499766.0,2457626.0,0
500756.0,2457626.0,1
501746.0,2457626.0,0
502736.0,2457626.0,0
503726.0,2457626.0,0
504716.0,2457626.0,0
506696.0,2457626.0,0
507686.0,2457626.0,0
509666.0,2457626.0,1
510656.0,2457626.0,1
511646.0,2457626.0,0
513626.0,2457626.0,0
514616.0,2457626.0,0
515606.0,2457626.0,1
516596.0,2457626.0,1
517586.0,2457626.0,1
518576.0,2457626.0,1
519566.0,2457626.0,1
520556.0,2457626.0,1
521546.0,2457626.0,1
522536.0,2457626.0,1
523526.0,2457626.0,1
524516.0,2457626.0,1
525506.0,2457626.0,1
526496.0,2457626.0,1
527486.0,2457626.0,1
528476.0,2457626.0,1
529466.0,2457626.0,1
532436.0,2457626.0,0
533426.0,2457626.0,1
534416.0,2457626.0,1
535406.0,2457626.0,1
536396.0,2457626.0,1
537386.0,2457626.0,1
538376.0,2457626.0,1
539366.0,2457626.0,1
540356.0,2457626.0,1
541346.0,2457626.0,1
542336.0,2457626.0,1
543326.0,2457626.0,1
544316.0,2457626.0,1
545306.0,2457626.0,1
546296.0,2457626.0,1
547286.0,2457626.0,1
548276.0,2457626.0,1
549266.0,2457626.0,1
550256.0,2457626.0,1
551246.0,2457626.0,1
552236.0,2457626.0,1
553226.0,2457626.0,1
554216.0,2457626.0,1
555206.0,2457626.0,1
556196.0,2457626.0,1
557186.0,2457626.0,1
558176.0,2457626.0,1
559166.0,2457626.0,1
560156.0,2457626.0,1
561146.0,2457626.0,1
562136.0,2457626.0,1
563126.0,2457626.0,1
564116.0,2457626.0,1
565106.0,2457626.0,1
566096.0,2457626.0,1
567086.0,2457626.0,1
568076.0,2457626.0,1
569066.0,2457626.0,1
570056.0,2457626.0,1
571046.0,2457626.0,1
572036.0,2457626.0,1
573026.0,2457626.0,1
574016.0,2457626.0,1
575006.0,2457626.0,1
575996.0,2457626.0,1
584906.0,2457626.0,0
585896.0,2457626.0,0
586886.0,2457626.0,0
587876.0,2457626.0,1
588866.0,2457626.0,0
589856.0,2457626.0,0
590846.0,2457626.0,0
591836.0,2457626.0,0
592826.0,2457626.0,1
593816.0,2457626.0,1
594806.0,2457626.0,1
595796.0,2457626.0,1
596786.0,2457626.0,1
597776.0,2457626.0,1
598766.0,2457626.0,1
599756.0,2457626.0,1
600746.0,2457626.0,1
601736.0,2457626.0,0
602726.0,2457626.0,0
603716.0,2457626.0,1
604706.0,2457626.0,1
605696.0,2457626.0,1
464126.0,2456636.0,2
465116.0,2456636.0,2
466106.0,2456636.0,2
467096.0,2456636.0,2
469076.0,2456636.0,2
470066.0,2456636.0,0
471056.0,2456636.0,0
473036.0,2456636.0,0
475016.0,2456636.0,0
476006.0,2456636.0,0
476996.0,2456636.0,0
477986.0,2456636.0,0
478976.0,2456636.0,0
479966.0,2456636.0,0
480956.0,2456636.0,0
481946.0,2456636.0,0
482936.0,2456636.0,0
483926.0,2456636.0,0
485906.0,2456636.0,2
489866.0,2456636.0,0
490856.0,2456636.0,0
491846.0,2456636.0,0
492836.0,2456636.0,0
493826.0,2456636.0,0
494816.0,2456636.0,0
495806.0,2456636.0,0
496796.0,2456636.0,0
497786.0,2456636.0,0
498776.0,2456636.0,0
499766.0,2456636.0,0
500756.0,2456636.0,0
501746.0,2456636.0,0
502736.0,2456636.0,0
503726.0,2456636.0,0
504716.0,2456636.0,0
505706.0,2456636.0,0
507686.0,2456636.0,0
508676.0,2456636.0,1
509666.0,2456636.0,1
510656.0,2456636.0,1
511646.0,2456636.0,0
512636.0,2456636.0,0
513626.0,2456636.0,0
514616.0,2456636.0,0
515606.0,2456636.0,1
516596.0,2456636.0,1
517586.0,2456636.0,1
518576.0,2456636.0,1
519566.0,2456636.0,1
520556.0,2456636.0,1
521546.0,2456636.0,1
522536.0,2456636.0,1
523526.0,2456636.0,1
524516.0,2456636.0,1
525506.0,2456636.0,1
526496.0,2456636.0,1
527486.0,2456636.0,1
528476.0,2456636.0,1
529466.0,2456636.0,0
531446.0,2456636.0,0
532436.0,2456636.0,0
533426.0,2456636.0,1
534416.0,2456636.0,1
535406.0,2456636.0,1
536396.0,2456636.0,1
537386.0,2456636.0,1
538376.0,2456636.0,1
539366.0,2456636.0,1
540356.0,2456636.0,1
541346.0,2456636.0,1
543326.0,2456636.0,1
545306.0,2456636.0,1
546296.0,2456636.0,1
547286.0,2456636.0,1
548276.0,2456636.0,1
549266.0,2456636.0,1
550256.0,2456636.0,1
551246.0,2456636.0,1
552236.0,2456636.0,1
553226.0,2456636.0,1
554216.0,2456636.0,1
555206.0,2456636.0,1
556196.0,2456636.0,1
557186.0,2456636.0,1
558176.0,2456636.0,1
559166.0,2456636.0,1
560156.0,2456636.0,1
561146.0,2456636.0,1
562136.0,2456636.0,1
563126.0,2456636.0,1
564116.0,2456636.0,1
566096.0,2456636.0,1
567086.0,2456636.0,1
568076.0,2456636.0,1
569066.0,2456636.0,1
570056.0,2456636.0,1
571046.0,2456636.0,1
572036.0,2456636.0,1
573026.0,2456636.0,1
574016.0,2456636.0,1
575006.0,2456636.0,1
575996.0,2456636.0,1
579956.0,2456636.0,0
584906.0,2456636.0,0
585896.0,2456636.0,0
586886.0,2456636.0,0
587876.0,2456636.0,1
588866.0,2456636.0,0
589856.0,2456636.0,0
590846.0,2456636.0,0
591836.0,2456636.0,0
592826.0,2456636.0,1
593816.0,2456636.0,1
594806.0,2456636.0,1
595796.0,2456636.0,1
596786.0,2456636.0,1
597776.0,2456636.0,1
598766.0,2456636.0,1
599756.0,2456636.0,1
600746.0,2456636.0,0
601736.0,2456636.0,0
602726.0,2456636.0,0
603716.0,2456636.0,0
604706.0,2456636.0,1
605696.0,2456636.0,1
606686.0,2456636.0,1
439376.0,2455646.0,0
465116.0,2455646.0,3
466106.0,2455646.0,2
467096.0,2455646.0,2
468086.0,2455646.0,0
469076.0,2455646.0,0
471056.0,2455646.0,3
473036.0,2455646.0,0
474026.0,2455646.0,0
475016.0,2455646.0,0
476006.0,2455646.0,0
476996.0,2455646.0,0
477986.0,2455646.0,0
478976.0,2455646.0,0
479966.0,2455646.0,0
480956.0,2455646.0,0
481946.0,2455646.0,0
483926.0,2455646.0,2
484916.0,2455646.0,0
487886.0,2455646.0,2
488876.0,2455646.0,0
489866.0,2455646.0,0
490856.0,2455646.0,0
492836.0,2455646.0,0
493826.0,2455646.0,0
494816.0,2455646.0,0
495806.0,2455646.0,0
496796.0,2455646.0,0
497786.0,2455646.0,0
498776.0,2455646.0,0
499766.0,2455646.0,0
500756.0,2455646.0,0
502736.0,2455646.0,0
503726.0,2455646.0,2
504716.0,2455646.0,0
505706.0,2455646.0,0
506696.0,2455646.0,0
508676.0,2455646.0,1
509666.0,2455646.0,1
510656.0,2455646.0,1
511646.0,2455646.0,0
513626.0,2455646.0,0
514616.0,2455646.0,0
515606.0,2455646.0,1
516596.0,2455646.0,1
517586.0,2455646.0,1
518576.0,2455646.0,1
519566.0,2455646.0,1
520556.0,2455646.0,1
522536.0,2455646.0,1
523526.0,2455646.0,1
524516.0,2455646.0,1
525506.0,2455646.0,0
526496.0,2455646.0,0
527486.0,2455646.0,1
528476.0,2455646.0,0
529466.0,2455646.0,0
530456.0,2455646.0,0
531446.0,2455646.0,0
532436.0,2455646.0,0
533426.0,2455646.0,1
534416.0,2455646.0,1
535406.0,2455646.0,1
536396.0,2455646.0,1
537386.0,2455646.0,1
538376.0,2455646.0,1
539366.0,2455646.0,1
540356.0,2455646.0,1
541346.0,2455646.0,1
542336.0,2455646.0,1
543326.0,2455646.0,1
544316.0,2455646.0,1
546296.0,2455646.0,1
547286.0,2455646.0,1
548276.0,2455646.0,1
549266.0,2455646.0,1
550256.0,2455646.0,1
551246.0,2455646.0,1
552236.0,2455646.0,1
553226.0,2455646.0,1
554216.0,2455646.0,1
555206.0,2455646.0,1
556196.0,2455646.0,1
557186.0,2455646.0,1
558176.0,2455646.0,1
559166.0,2455646.0,1
560156.0,2455646.0,1
561146.0,2455646.0,1
562136.0,2455646.0,1
563126.0,2455646.0,1
564116.0,2455646.0,1
565106.0,2455646.0,1
566096.0,2455646.0,0
567086.0,2455646.0,0
568076.0,2455646.0,0
569066.0,2455646.0,1
570056.0,2455646.0,1
571046.0,2455646.0,1
572036.0,2455646.0,1
573026.0,2455646.0,1
575006.0,2455646.0,0
585896.0,2455646.0,0
586886.0,2455646.0,0
587876.0,2455646.0,0
588866.0,2455646.0,0
589856.0,2455646.0,0
590846.0,2455646.0,0
591836.0,2455646.0,0
592826.0,2455646.0,0
593816.0,2455646.0,0
594806.0,2455646.0,1
595796.0,2455646.0,1
596786.0,2455646.0,1
597776.0,2455646.0,1
598766.0,2455646.0,1
599756.0,2455646.0,1
600746.0,2455646.0,0
601736.0,2455646.0,0
602726.0,2455646.0,0
603716.0,2455646.0,0
604706.0,2455646.0,1
605696.0,2455646.0,1
606686.0,2455646.0,1
607676.0,2455646.0,1
432446.0,2454656.0,0
439376.0,2454656.0,0
441356.0,2454656.0,0
442346.0,2454656.0,3
467096.0,2454656.0,2
468086.0,2454656.0,0
469076.0,2454656.0,0
470066.0,2454656.0,0
471056.0,2454656.0,0
472046.0,2454656.0,0
474026.0,2454656.0,2
476006.0,2454656.0,2
476996.0,2454656.0,0
477986.0,2454656.0,0
478976.0,2454656.0,0
479966.0,2454656.0,0
480956.0,2454656.0,0
481946.0,2454656.0,2
482936.0,2454656.0,0
483926.0,2454656.0,2
484916.0,2454656.0,2
485906.0,2454656.0,2
487886.0,2454656.0,2
488876.0,2454656.0,0
491846.0,2454656.0,0
492836.0,2454656.0,0
493826.0,2454656.0,0
494816.0,2454656.0,0
495806.0,2454656.0,0
496796.0,2454656.0,0
497786.0,2454656.0,0
498776.0,2454656.0,0
499766.0,2454656.0,0
500756.0,2454656.0,0
502736.0,2454656.0,0
503726.0,2454656.0,0
505706.0,2454656.0,0
506696.0,2454656.0,0
507686.0,2454656.0,0
508676.0,2454656.0,1
509666.0,2454656.0,1
511646.0,2454656.0,0
512636.0,2454656.0,0
513626.0,2454656.0,0
515606.0,2454656.0,1
516596.0,2454656.0,1
517586.0,2454656.0,1
518576.0,2454656.0,1
519566.0,2454656.0,1
520556.0,2454656.0,1
521546.0,2454656.0,1
522536.0,2454656.0,1
523526.0,2454656.0,0
524516.0,2454656.0,0
525506.0,2454656.0,0
526496.0,2454656.0,0
527486.0,2454656.0,0
528476.0,2454656.0,0
529466.0,2454656.0,0
530456.0,2454656.0,0
533426.0,2454656.0,4
534416.0,2454656.0,1
535406.0,2454656.0,1
536396.0,2454656.0,1
538376.0,2454656.0,1
539366.0,2454656.0,1
540356.0,2454656.0,1
541346.0,2454656.0,1
542336.0,2454656.0,1
543326.0,2454656.0,1
544316.0,2454656.0,1
545306.0,2454656.0,1
546296.0,2454656.0,1
547286.0,2454656.0,1
548276.0,2454656.0,1
549266.0,2454656.0,1
550256.0,2454656.0,1
551246.0,2454656.0,1
552236.0,2454656.0,1
553226.0,2454656.0,1
554216.0,2454656.0,1
555206.0,2454656.0,1
556196.0,2454656.0,1
557186.0,2454656.0,1
558176.0,2454656.0,1
559166.0,2454656.0,1
560156.0,2454656.0,1
561146.0,2454656.0,1
562136.0,2454656.0,1
563126.0,2454656.0,1
564116.0,2454656.0,1
565106.0,2454656.0,0
566096.0,2454656.0,0
567086.0,2454656.0,0
569066.0,2454656.0,0
571046.0,2454656.0,0
572036.0,2454656.0,4
582926.0,2454656.0,2
585896.0,2454656.0,0
586886.0,2454656.0,0
587876.0,2454656.0,0
588866.0,2454656.0,0
589856.0,2454656.0,0
590846.0,2454656.0,0
591836.0,2454656.0,0
592826.0,2454656.0,0
593816.0,2454656.0,0
595796.0,2454656.0,0
596786.0,2454656.0,1
597776.0,2454656.0,1
598766.0,2454656.0,1
599756.0,2454656.0,1
600746.0,2454656.0,0
601736.0,2454656.0,0
602726.0,2454656.0,0
603716.0,2454656.0,0
604706.0,2454656.0,0
605696.0,2454656.0,0
606686.0,2454656.0,1
431456.0,2453666.0,0
432446.0,2453666.0,0
433436.0,2453666.0,0
438386.0,2453666.0,0
439376.0,2453666.0,0
440366.0,2453666.0,0
441356.0,2453666.0,0
453236.0,2453666.0,1
454226.0,2453666.0,1
457196.0,2453666.0,0
467096.0,2453666.0,0
469076.0,2453666.0,0
470066.0,2453666.0,0
471056.0,2453666.0,0
472046.0,2453666.0,0
473036.0,2453666.0,2
475016.0,2453666.0,0
476996.0,2453666.0,2
477986.0,2453666.0,2
478976.0,2453666.0,2
479966.0,2453666.0,2
480956.0,2453666.0,2
481946.0,2453666.0,2
482936.0,2453666.0,2
483926.0,2453666.0,2
485906.0,2453666.0,2
488876.0,2453666.0,0
490856.0,2453666.0,0
491846.0,2453666.0,0
492836.0,2453666.0,0
493826.0,2453666.0,0
494816.0,2453666.0,0
497786.0,2453666.0,0
498776.0,2453666.0,0
499766.0,2453666.0,0
500756.0,2453666.0,0
502736.0,2453666.0,0
504716.0,2453666.0,0
505706.0,2453666.0,0
506696.0,2453666.0,0
507686.0,2453666.0,4
508676.0,2453666.0,1
509666.0,2453666.0,0
510656.0,2453666.0,0
512636.0,2453666.0,0
513626.0,2453666.0,0
514616.0,2453666.0,0
515606.0,2453666.0,1
516596.0,2453666.0,1
517586.0,2453666.0,1
518576.0,2453666.0,1
520556.0,2453666.0,1
521546.0,2453666.0,0
522536.0,2453666.0,0
523526.0,2453666.0,0
524516.0,2453666.0,0
525506.0,2453666.0,0
526496.0,2453666.0,0
528476.0,2453666.0,0
529466.0,2453666.0,0
530456.0,2453666.0,0
531446.0,2453666.0,0
533426.0,2453666.0,0
534416.0,2453666.0,0
535406.0,2453666.0,1
536396.0,2453666.0,1
537386.0,2453666.0,1
538376.0,2453666.0,1
539366.0,2453666.0,1
540356.0,2453666.0,1
541346.0,2453666.0,1
542336.0,2453666.0,1
543326.0,2453666.0,1
544316.0,2453666.0,1
545306.0,2453666.0,1
546296.0,2453666.0,1
547286.0,2453666.0,1
548276.0,2453666.0,1
549266.0,2453666.0,1
550256.0,2453666.0,1
551246.0,2453666.0,1
552236.0,2453666.0,1
553226.0,2453666.0,1
554216.0,2453666.0,1
555206.0,2453666.0,1
556196.0,2453666.0,1
557186.0,2453666.0,1
558176.0,2453666.0,1
559166.0,2453666.0,1
560156.0,2453666.0,1
561146.0,2453666.0,1
562136.0,2453666.0,1
563126.0,2453666.0,1
564116.0,2453666.0,1
565106.0,2453666.0,0
566096.0,2453666.0,0
567086.0,2453666.0,2
568076.0,2453666.0,0
571046.0,2453666.0,0
575996.0,2453666.0,0
576986.0,2453666.0,0
585896.0,2453666.0,0
586886.0,2453666.0,2
587876.0,2453666.0,0
588866.0,2453666.0,0
589856.0,2453666.0,0
590846.0,2453666.0,0
592826.0,2453666.0,0
593816.0,2453666.0,0
594806.0,2453666.0,0
595796.0,2453666.0,0
596786.0,2453666.0,0
597776.0,2453666.0,1
598766.0,2453666.0,1
599756.0,2453666.0,1
600746.0,2453666.0,0
601736.0,2453666.0,0
602726.0,2453666.0,0
603716.0,2453666.0,0
604706.0,2453666.0,0
605696.0,2453666.0,0
431456.0,2452676.0,0
432446.0,2452676.0,0
433436.0,2452676.0,0
437396.0,2452676.0,0
438386.0,2452676.0,0
439376.0,2452676.0,0
440366.0,2452676.0,0
441356.0,2452676.0,2
444326.0,2452676.0,0
452246.0,2452676.0,1
453236.0,2452676.0,1
454226.0,2452676.0,1
455216.0,2452676.0,0
457196.0,2452676.0,0
458186.0,2452676.0,0
466106.0,2452676.0,2
467096.0,2452676.0,2
469076.0,2452676.0,2
470066.0,2452676.0,0
472046.0,2452676.0,0
473036.0,2452676.0,0
474026.0,2452676.0,0
475016.0,2452676.0,0
476006.0,2452676.0,2
476996.0,2452676.0,2
478976.0,2452676.0,0
479966.0,2452676.0,2
480956.0,2452676.0,2
481946.0,2452676.0,2
482936.0,2452676.0,2
483926.0,2452676.0,2
485906.0,2452676.0,2
488876.0,2452676.0,0
489866.0,2452676.0,0
491846.0,2452676.0,0
492836.0,2452676.0,0
493826.0,2452676.0,0
494816.0,2452676.0,0
495806.0,2452676.0,0
496796.0,2452676.0,0
497786.0,2452676.0,0
498776.0,2452676.0,0
499766.0,2452676.0,0
500756.0,2452676.0,0
505706.0,2452676.0,0
508676.0,2452676.0,0
509666.0,2452676.0,0
510656.0,2452676.0,0
511646.0,2452676.0,0
514616.0,2452676.0,1
515606.0,2452676.0,1
516596.0,2452676.0,1
517586.0,2452676.0,1
518576.0,2452676.0,1
521546.0,2452676.0,0
524516.0,2452676.0,0
526496.0,2452676.0,0
527486.0,2452676.0,0
528476.0,2452676.0,0
529466.0,2452676.0,0
530456.0,2452676.0,0
531446.0,2452676.0,0
532436.0,2452676.0,0
533426.0,2452676.0,0
534416.0,2452676.0,0
535406.0,2452676.0,0
536396.0,2452676.0,1
538376.0,2452676.0,0
540356.0,2452676.0,1
541346.0,2452676.0,1
542336.0,2452676.0,1
543326.0,2452676.0,1
544316.0,2452676.0,1
545306.0,2452676.0,0
546296.0,2452676.0,0
547286.0,2452676.0,0
549266.0,2452676.0,1
550256.0,2452676.0,1
551246.0,2452676.0,1
552236.0,2452676.0,1
553226.0,2452676.0,4
555206.0,2452676.0,1
556196.0,2452676.0,1
557186.0,2452676.0,1
558176.0,2452676.0,1
559166.0,2452676.0,1
560156.0,2452676.0,1
561146.0,2452676.0,1
562136.0,2452676.0,1
563126.0,2452676.0,1
564116.0,2452676.0,0
565106.0,2452676.0,0
566096.0,2452676.0,0
584906.0,2452676.0,0
586886.0,2452676.0,0
587876.0,2452676.0,0
588866.0,2452676.0,0
589856.0,2452676.0,0
590846.0,2452676.0,0
591836.0,2452676.0,0
592826.0,2452676.0,0
593816.0,2452676.0,0
594806.0,2452676.0,0
595796.0,2452676.0,0
596786.0,2452676.0,1
598766.0,2452676.0,1
599756.0,2452676.0,1
600746.0,2452676.0,0
601736.0,2452676.0,0
602726.0,2452676.0,0
603716.0,2452676.0,0
604706.0,2452676.0,0
605696.0,2452676.0,0
430466.0,2451686.0,0
431456.0,2451686.0,0
432446.0,2451686.0,0
433436.0,2451686.0,0
434426.0,2451686.0,2
435416.0,2451686.0,2
436406.0,2451686.0,0
437396.0,2451686.0,0
439376.0,2451686.0,2
440366.0,2451686.0,2
442346.0,2451686.0,0
443336.0,2451686.0,0
444326.0,2451686.0,0
452246.0,2451686.0,1
453236.0,2451686.0,1
454226.0,2451686.0,1
455216.0,2451686.0,0
456206.0,2451686.0,0
457196.0,2451686.0,0
458186.0,2451686.0,0
464126.0,2451686.0,2
465116.0,2451686.0,0
467096.0,2451686.0,2
468086.0,2451686.0,2
470066.0,2451686.0,0
471056.0,2451686.0,0
472046.0,2451686.0,0
473036.0,2451686.0,0
474026.0,2451686.0,0
475016.0,2451686.0,0
476006.0,2451686.0,0
476996.0,2451686.0,0
477986.0,2451686.0,0
478976.0,2451686.0,0
479966.0,2451686.0,0
480956.0,2451686.0,0
481946.0,2451686.0,2
482936.0,2451686.0,2
483926.0,2451686.0,2
484916.0,2451686.0,2
487886.0,2451686.0,0
488876.0,2451686.0,0
489866.0,2451686.0,0
490856.0,2451686.0,0
491846.0,2451686.0,0
493826.0,2451686.0,0
494816.0,2451686.0,0
495806.0,2451686.0,0
496796.0,2451686.0,0
497786.0,2451686.0,0
498776.0,2451686.0,0
499766.0,2451686.0,0
500756.0,2451686.0,0
503726.0,2451686.0,0
504716.0,2451686.0,0
505706.0,2451686.0,0
506696.0,2451686.0,0
507686.0,2451686.0,0
508676.0,2451686.0,0
509666.0,2451686.0,0
510656.0,2451686.0,2
511646.0,2451686.0,3
513626.0,2451686.0,0
514616.0,2451686.0,1
515606.0,2451686.0,1
516596.0,2451686.0,1
517586.0,2451686.0,1
518576.0,2451686.0,1
519566.0,2451686.0,0
520556.0,2451686.0,0
521546.0,2451686.0,0
522536.0,2451686.0,0
523526.0,2451686.0,0
524516.0,2451686.0,0
525506.0,2451686.0,0
526496.0,2451686.0,0
527486.0,2451686.0,0
528476.0,2451686.0,0
530456.0,2451686.0,0
531446.0,2451686.0,0
532436.0,2451686.0,0
533426.0,2451686.0,0
534416.0,2451686.0,0
535406.0,2451686.0,0
536396.0,2451686.0,0
537386.0,2451686.0,0
538376.0,2451686.0,0
540356.0,2451686.0,4
541346.0,2451686.0,1
542336.0,2451686.0,1
543326.0,2451686.0,1
544316.0,2451686.0,0
545306.0,2451686.0,0
546296.0,2451686.0,0
548276.0,2451686.0,0
549266.0,2451686.0,1
550256.0,2451686.0,1
551246.0,2451686.0,1
553226.0,2451686.0,0
555206.0,2451686.0,0
556196.0,2451686.0,1
557186.0,2451686.0,1
558176.0,2451686.0,1
559166.0,2451686.0,1
560156.0,2451686.0,1
561146.0,2451686.0,1
562136.0,2451686.0,1
563126.0,2451686.0,0
564116.0,2451686.0,0
565106.0,2451686.0,0
567086.0,2451686.0,2
582926.0,2451686.0,0
583916.0,2451686.0,0
584906.0,2451686.0,0
585896.0,2451686.0,0
586886.0,2451686.0,0
587876.0,2451686.0,0
588866.0,2451686.0,0
589856.0,2451686.0,0
590846.0,2451686.0,1
591836.0,2451686.0,1
592826.0,2451686.0,1
593816.0,2451686.0,1
594806.0,2451686.0,1
595796.0,2451686.0,1
596786.0,2451686.0,1
597776.0,2451686.0,1
598766.0,2451686.0,1
599756.0,2451686.0,1
600746.0,2451686.0,0
602726.0,2451686.0,0
603716.0,2451686.0,0
604706.0,2451686.0,1
605696.0,2451686.0,1
430466.0,2450696.0,0
436406.0,2450696.0,2
437396.0,2450696.0,0
439376.0,2450696.0,2
440366.0,2450696.0,2
441356.0,2450696.0,0
442346.0,2450696.0,0
443336.0,2450696.0,0
444326.0,2450696.0,0
445316.0,2450696.0,0
451256.0,2450696.0,1
452246.0,2450696.0,1
453236.0,2450696.0,1
454226.0,2450696.0,0
455216.0,2450696.0,0
457196.0,2450696.0,0
458186.0,2450696.0,0
459176.0,2450696.0,0
464126.0,2450696.0,2
466106.0,2450696.0,2
467096.0,2450696.0,2
468086.0,2450696.0,2
469076.0,2450696.0,2
472046.0,2450696.0,0
473036.0,2450696.0,0
474026.0,2450696.0,0
475016.0,2450696.0,0
476006.0,2450696.0,0
476996.0,2450696.0,0
477986.0,2450696.0,0
478976.0,2450696.0,0
479966.0,2450696.0,0
480956.0,2450696.0,0
481946.0,2450696.0,0
482936.0,2450696.0,0
483926.0,2450696.0,2
487886.0,2450696.0,0
488876.0,2450696.0,0
490856.0,2450696.0,0
491846.0,2450696.0,0
492836.0,2450696.0,0
493826.0,2450696.0,0
494816.0,2450696.0,0
495806.0,2450696.0,0
496796.0,2450696.0,0
497786.0,2450696.0,0
498776.0,2450696.0,0
502736.0,2450696.0,0
504716.0,2450696.0,0
505706.0,2450696.0,0
506696.0,2450696.0,0
508676.0,2450696.0,0
509666.0,2450696.0,2
510656.0,2450696.0,2
511646.0,2450696.0,2
512636.0,2450696.0,0
513626.0,2450696.0,1
514616.0,2450696.0,1
515606.0,2450696.0,1
516596.0,2450696.0,1
517586.0,2450696.0,0
518576.0,2450696.0,0
519566.0,2450696.0,0
520556.0,2450696.0,0
521546.0,2450696.0,0
522536.0,2450696.0,0
524516.0,2450696.0,0
525506.0,2450696.0,0
526496.0,2450696.0,0
527486.0,2450696.0,0
528476.0,2450696.0,0
529466.0,2450696.0,0
531446.0,2450696.0,0
532436.0,2450696.0,0
533426.0,2450696.0,0
534416.0,2450696.0,0
535406.0,2450696.0,0
536396.0,2450696.0,1
537386.0,2450696.0,0
538376.0,2450696.0,0
539366.0,2450696.0,0
540356.0,2450696.0,0
541346.0,2450696.0,1
542336.0,2450696.0,1
543326.0,2450696.0,1
544316.0,2450696.0,0
545306.0,2450696.0,0
546296.0,2450696.0,0
547286.0,2450696.0,0
548276.0,2450696.0,1
549266.0,2450696.0,1
550256.0,2450696.0,1
551246.0,2450696.0,1
552236.0,2450696.0,1
553226.0,2450696.0,0
554216.0,2450696.0,0
555206.0,2450696.0,0
556196.0,2450696.0,1
557186.0,2450696.0,1
558176.0,2450696.0,1
559166.0,2450696.0,1
560156.0,2450696.0,1
561146.0,2450696.0,1
563126.0,2450696.0,0
570056.0,2450696.0,2
579956.0,2450696.0,2
583916.0,2450696.0,0
584906.0,2450696.0,0
585896.0,2450696.0,1
586886.0,2450696.0,0
587876.0,2450696.0,0
588866.0,2450696.0,0
589856.0,2450696.0,0
590846.0,2450696.0,0
591836.0,2450696.0,1
592826.0,2450696.0,1
593816.0,2450696.0,1
594806.0,2450696.0,1
595796.0,2450696.0,1
596786.0,2450696.0,1
597776.0,2450696.0,1
598766.0,2450696.0,1
599756.0,2450696.0,1
600746.0,2450696.0,0
601736.0,2450696.0,0
602726.0,2450696.0,1
603716.0,2450696.0,1
604706.0,2450696.0,1
605696.0,2450696.0,1
606686.0,2450696.0,1
431456.0,2449706.0,0
432446.0,2449706.0,0
433436.0,2449706.0,0
434426.0,2449706.0,0
435416.0,2449706.0,0
436406.0,2449706.0,0
437396.0,2449706.0,0
438386.0,2449706.0,0
439376.0,2449706.0,0
440366.0,2449706.0,0
441356.0,2449706.0,0
442346.0,2449706.0,0
443336.0,2449706.0,0
444326.0,2449706.0,0
445316.0,2449706.0,0
446306.0,2449706.0,1
450266.0,2449706.0,1
451256.0,2449706.0,1
452246.0,2449706.0,1
453236.0,2449706.0,0
454226.0,2449706.0,0
455216.0,2449706.0,0
456206.0,2449706.0,0
457196.0,2449706.0,0
458186.0,2449706.0,0
459176.0,2449706.0,0
460166.0,2449706.0,0
461156.0,2449706.0,0
463136.0,2449706.0,2
464126.0,2449706.0,2
466106.0,2449706.0,2
469076.0,2449706.0,2
472046.0,2449706.0,0
473036.0,2449706.0,0
474026.0,2449706.0,0
475016.0,2449706.0,0
476996.0,2449706.0,0
477986.0,2449706.0,0
478976.0,2449706.0,0
479966.0,2449706.0,0
480956.0,2449706.0,0
481946.0,2449706.0,0
482936.0,2449706.0,0
483926.0,2449706.0,2
486896.0,2449706.0,0
487886.0,2449706.0,0
488876.0,2449706.0,1
489866.0,2449706.0,1
490856.0,2449706.0,1
491846.0,2449706.0,0
492836.0,2449706.0,0
493826.0,2449706.0,0
494816.0,2449706.0,0
495806.0,2449706.0,2
497786.0,2449706.0,2
498776.0,2449706.0,0
500756.0,2449706.0,0
503726.0,2449706.0,0
504716.0,2449706.0,0
507686.0,2449706.0,0
508676.0,2449706.0,0
509666.0,2449706.0,0
510656.0,2449706.0,2
511646.0,2449706.0,0
512636.0,2449706.0,0
513626.0,2449706.0,0
514616.0,2449706.0,1
515606.0,2449706.0,1
516596.0,2449706.0,0
517586.0,2449706.0,0
518576.0,2449706.0,0
520556.0,2449706.0,0
521546.0,2449706.0,0
523526.0,2449706.0,0
524516.0,2449706.0,1
525506.0,2449706.0,1
526496.0,2449706.0,1
528476.0,2449706.0,0
530456.0,2449706.0,0
531446.0,2449706.0,0
532436.0,2449706.0,0
533426.0,2449706.0,1
534416.0,2449706.0,1
535406.0,2449706.0,1
536396.0,2449706.0,1
537386.0,2449706.0,0
538376.0,2449706.0,0
539366.0,2449706.0,0
540356.0,2449706.0,0
541346.0,2449706.0,1
542336.0,2449706.0,1
543326.0,2449706.0,1
544316.0,2449706.0,0
545306.0,2449706.0,0
546296.0,2449706.0,0
547286.0,2449706.0,0
548276.0,2449706.0,1
549266.0,2449706.0,1
550256.0,2449706.0,1
551246.0,2449706.0,1
552236.0,2449706.0,1
554216.0,2449706.0,0
556196.0,2449706.0,0
557186.0,2449706.0,1
559166.0,2449706.0,0
560156.0,2449706.0,1
561146.0,2449706.0,1
562136.0,2449706.0,1
563126.0,2449706.0,0
566096.0,2449706.0,2
569066.0,2449706.0,2
578966.0,2449706.0,2
582926.0,2449706.0,0
583916.0,2449706.0,0
584906.0,2449706.0,1
585896.0,2449706.0,1
586886.0,2449706.0,1
587876.0,2449706.0,0
588866.0,2449706.0,0
589856.0,2449706.0,0
590846.0,2449706.0,0
591836.0,2449706.0,4
592826.0,2449706.0,1
593816.0,2449706.0,1
594806.0,2449706.0,1
596786.0,2449706.0,1
597776.0,2449706.0,1
598766.0,2449706.0,1
599756.0,2449706.0,1
600746.0,2449706.0,1
601736.0,2449706.0,1
602726.0,2449706.0,1
603716.0,2449706.0,1
604706.0,2449706.0,1
605696.0,2449706.0,1
606686.0,2449706.0,1
607676.0,2449706.0,1
433436.0,2448716.0,0
434426.0,2448716.0,0
435416.0,2448716.0,0
436406.0,2448716.0,0
437396.0,2448716.0,0
438386.0,2448716.0,0
439376.0,2448716.0,0
440366.0,2448716.0,0
441356.0,2448716.0,0
442346.0,2448716.0,0
443336.0,2448716.0,0
444326.0,2448716.0,0
445316.0,2448716.0,0
446306.0,2448716.0,1
447296.0,2448716.0,1
448286.0,2448716.0,1
449276.0,2448716.0,1
450266.0,2448716.0,1
451256.0,2448716.0,0
452246.0,2448716.0,0
454226.0,2448716.0,0
456206.0,2448716.0,0
457196.0,2448716.0,0
458186.0,2448716.0,0
459176.0,2448716.0,0
460166.0,2448716.0,0
461156.0,2448716.0,0
462146.0,2448716.0,0
464126.0,2448716.0,2
467096.0,2448716.0,0
469076.0,2448716.0,2
470066.0,2448716.0,0
471056.0,2448716.0,0
472046.0,2448716.0,0
474026.0,2448716.0,0
475016.0,2448716.0,0
476006.0,2448716.0,0
477986.0,2448716.0,0
478976.0,2448716.0,0
479966.0,2448716.0,0
481946.0,2448716.0,0
486896.0,2448716.0,0
487886.0,2448716.0,0
488876.0,2448716.0,1
489866.0,2448716.0,1
490856.0,2448716.0,1
491846.0,2448716.0,0
492836.0,2448716.0,0
493826.0,2448716.0,0
495806.0,2448716.0,2
497786.0,2448716.0,0
499766.0,2448716.0,0
500756.0,2448716.0,0
503726.0,2448716.0,0
504716.0,2448716.0,0
507686.0,2448716.0,0
508676.0,2448716.0,0
512636.0,2448716.0,0
513626.0,2448716.0,0
514616.0,2448716.0,1
515606.0,2448716.0,0
516596.0,2448716.0,0
518576.0,2448716.0,0
519566.0,2448716.0,0
520556.0,2448716.0,0
521546.0,2448716.0,0
522536.0,2448716.0,0
523526.0,2448716.0,0
524516.0,2448716.0,1
525506.0,2448716.0,1
526496.0,2448716.0,1
527486.0,2448716.0,0
528476.0,2448716.0,0
529466.0,2448716.0,0
530456.0,2448716.0,0
531446.0,2448716.0,0
532436.0,2448716.0,1
533426.0,2448716.0,1
534416.0,2448716.0,1
535406.0,2448716.0,1
536396.0,2448716.0,1
537386.0,2448716.0,1
539366.0,2448716.0,0
540356.0,2448716.0,0
541346.0,2448716.0,1
542336.0,2448716.0,1
544316.0,2448716.0,0
546296.0,2448716.0,0
547286.0,2448716.0,0
548276.0,2448716.0,0
549266.0,2448716.0,1
550256.0,2448716.0,1
551246.0,2448716.0,1
552236.0,2448716.0,1
553226.0,2448716.0,0
555206.0,2448716.0,0
556196.0,2448716.0,0
557186.0,2448716.0,0
558176.0,2448716.0,0
559166.0,2448716.0,0
560156.0,2448716.0,0
561146.0,2448716.0,0
562136.0,2448716.0,0
563126.0,2448716.0,0
577976.0,2448716.0,2
582926.0,2448716.0,0
583916.0,2448716.0,0
584906.0,2448716.0,1
585896.0,2448716.0,1
586886.0,2448716.0,1
587876.0,2448716.0,0
588866.0,2448716.0,0
589856.0,2448716.0,0
590846.0,2448716.0,0
591836.0,2448716.0,1
592826.0,2448716.0,1
593816.0,2448716.0,1
594806.0,2448716.0,1
596786.0,2448716.0,0
597776.0,2448716.0,0
598766.0,2448716.0,1
599756.0,2448716.0,1
600746.0,2448716.0,1
601736.0,2448716.0,1
602726.0,2448716.0,1
603716.0,2448716.0,1
604706.0,2448716.0,1
605696.0,2448716.0,1
606686.0,2448716.0,1
434426.0,2447726.0,0
436406.0,2447726.0,0
438386.0,2447726.0,0
439376.0,2447726.0,0
440366.0,2447726.0,0
441356.0,2447726.0,0
442346.0,2447726.0,0
443336.0,2447726.0,0
444326.0,2447726.0,0
445316.0,2447726.0,0
446306.0,2447726.0,1
447296.0,2447726.0,1
448286.0,2447726.0,1
449276.0,2447726.0,1
450266.0,2447726.0,0
451256.0,2447726.0,0
452246.0,2447726.0,0
453236.0,2447726.0,0
454226.0,2447726.0,3
456206.0,2447726.0,0
457196.0,2447726.0,0
459176.0,2447726.0,0
461156.0,2447726.0,0
462146.0,2447726.0,2
464126.0,2447726.0,2
466106.0,2447726.0,3
467096.0,2447726.0,0
468086.0,2447726.0,0
470066.0,2447726.0,0
471056.0,2447726.0,2
473036.0,2447726.0,0
474026.0,2447726.0,0
475016.0,2447726.0,0
476006.0,2447726.0,0
476996.0,2447726.0,0
477986.0,2447726.0,0
478976.0,2447726.0,0
479966.0,2447726.0,0
481946.0,2447726.0,0
482936.0,2447726.0,3
483926.0,2447726.0,2
484916.0,2447726.0,0
486896.0,2447726.0,0
487886.0,2447726.0,1
488876.0,2447726.0,1
489866.0,2447726.0,1
490856.0,2447726.0,1
491846.0,2447726.0,0
492836.0,2447726.0,0
493826.0,2447726.0,0
494816.0,2447726.0,2
498776.0,2447726.0,0
502736.0,2447726.0,0
503726.0,2447726.0,0
508676.0,2447726.0,0
509666.0,2447726.0,0
510656.0,2447726.0,0
511646.0,2447726.0,0
512636.0,2447726.0,0
513626.0,2447726.0,0
514616.0,2447726.0,1
515606.0,2447726.0,1
516596.0,2447726.0,0
517586.0,2447726.0,0
518576.0,2447726.0,0
519566.0,2447726.0,0
520556.0,2447726.0,0
521546.0,2447726.0,0
522536.0,2447726.0,1
523526.0,2447726.0,1
524516.0,2447726.0,1
525506.0,2447726.0,1
526496.0,2447726.0,1
527486.0,2447726.0,1
528476.0,2447726.0,0
529466.0,2447726.0,0
530456.0,2447726.0,0
531446.0,2447726.0,0
532436.0,2447726.0,1
533426.0,2447726.0,1
534416.0,2447726.0,1
535406.0,2447726.0,1
536396.0,2447726.0,1
537386.0,2447726.0,0
539366.0,2447726.0,0
540356.0,2447726.0,0
541346.0,2447726.0,1
542336.0,2447726.0,1
543326.0,2447726.0,1
544316.0,2447726.0,1
545306.0,2447726.0,4
548276.0,2447726.0,0
549266.0,2447726.0,0
550256.0,2447726.0,0
552236.0,2447726.0,0
553226.0,2447726.0,0
555206.0,2447726.0,0
556196.0,2447726.0,0
561146.0,2447726.0,0
562136.0,2447726.0,0
564116.0,2447726.0,0
566096.0,2447726.0,2
567086.0,2447726.0,2
569066.0,2447726.0,2
570056.0,2447726.0,2
572036.0,2447726.0,2
576986.0,2447726.0,0
577976.0,2447726.0,2
579956.0,2447726.0,2
580946.0,2447726.0,0
581936.0,2447726.0,0
582926.0,2447726.0,0
583916.0,2447726.0,0
584906.0,2447726.0,0
585896.0,2447726.0,1
586886.0,2447726.0,0
587876.0,2447726.0,0
588866.0,2447726.0,0
589856.0,2447726.0,0
590846.0,2447726.0,0
591836.0,2447726.0,1
592826.0,2447726.0,1
593816.0,2447726.0,1
594806.0,2447726.0,0
595796.0,2447726.0,0
596786.0,2447726.0,0
597776.0,2447726.0,0
598766.0,2447726.0,1
599756.0,2447726.0,1
600746.0,2447726.0,1
601736.0,2447726.0,1
602726.0,2447726.0,1
603716.0,2447726.0,1
604706.0,2447726.0,1
605696.0,2447726.0,1
611636.0,2447726.0,1
612626.0,2447726.0,1
434426.0,2446736.0,0
435416.0,2446736.0,0
436406.0,2446736.0,0
437396.0,2446736.0,0
438386.0,2446736.0,0
439376.0,2446736.0,0
440366.0,2446736.0,0
442346.0,2446736.0,0
443336.0,2446736.0,0
444326.0,2446736.0,0
445316.0,2446736.0,1
446306.0,2446736.0,1
447296.0,2446736.0,1
448286.0,2446736.0,1
449276.0,2446736.0,0
450266.0,2446736.0,0
451256.0,2446736.0,0
452246.0,2446736.0,2
453236.0,2446736.0,2
456206.0,2446736.0,2
457196.0,2446736.0,0
459176.0,2446736.0,0
460166.0,2446736.0,0
462146.0,2446736.0,0
463136.0,2446736.0,2
464126.0,2446736.0,2
466106.0,2446736.0,0
467096.0,2446736.0,0
468086.0,2446736.0,0
469076.0,2446736.0,0
470066.0,2446736.0,2
471056.0,2446736.0,2
472046.0,2446736.0,2
474026.0,2446736.0,2
476006.0,2446736.0,0
476996.0,2446736.0,0
477986.0,2446736.0,0
478976.0,2446736.0,0
479966.0,2446736.0,0
480956.0,2446736.0,0
482936.0,2446736.0,0
483926.0,2446736.0,3
486896.0,2446736.0,0
487886.0,2446736.0,0
488876.0,2446736.0,1
489866.0,2446736.0,0
490856.0,2446736.0,0
491846.0,2446736.0,0
496796.0,2446736.0,2
497786.0,2446736.0,0
498776.0,2446736.0,0
499766.0,2446736.0,0
500756.0,2446736.0,0
501746.0,2446736.0,0
502736.0,2446736.0,0
505706.0,2446736.0,1
506696.0,2446736.0,1
507686.0,2446736.0,1
508676.0,2446736.0,0
509666.0,2446736.0,0
510656.0,2446736.0,0
511646.0,2446736.0,0
512636.0,2446736.0,0
513626.0,2446736.0,1
514616.0,2446736.0,1
515606.0,2446736.0,1
516596.0,2446736.0,0
517586.0,2446736.0,0
519566.0,2446736.0,0
520556.0,2446736.0,1
521546.0,2446736.0,1
522536.0,2446736.0,1
523526.0,2446736.0,1
524516.0,2446736.0,1
525506.0,2446736.0,1
526496.0,2446736.0,1
527486.0,2446736.0,1
528476.0,2446736.0,0
530456.0,2446736.0,0
531446.0,2446736.0,0
533426.0,2446736.0,1
534416.0,2446736.0,1
535406.0,2446736.0,1
536396.0,2446736.0,1
537386.0,2446736.0,0
540356.0,2446736.0,0
541346.0,2446736.0,0
542336.0,2446736.0,1
543326.0,2446736.0,1
544316.0,2446736.0,0
545306.0,2446736.0,0
546296.0,2446736.0,0
547286.0,2446736.0,0
549266.0,2446736.0,0
550256.0,2446736.0,0
551246.0,2446736.0,0
552236.0,2446736.0,0
553226.0,2446736.0,0
554216.0,2446736.0,0
555206.0,2446736.0,0
556196.0,2446736.0,0
557186.0,2446736.0,0
558176.0,2446736.0,0
559166.0,2446736.0,0
561146.0,2446736.0,0
566096.0,2446736.0,2
567086.0,2446736.0,2
570056.0,2446736.0,2
572036.0,2446736.0,2
575006.0,2446736.0,0
575996.0,2446736.0,0
576986.0,2446736.0,2
577976.0,2446736.0,2
579956.0,2446736.0,2
580946.0,2446736.0,0
581936.0,2446736.0,0
582926.0,2446736.0,0
583916.0,2446736.0,0
585896.0,2446736.0,0
586886.0,2446736.0,0
588866.0,2446736.0,0
589856.0,2446736.0,1
590846.0,2446736.0,0
591836.0,2446736.0,0
592826.0,2446736.0,0
593816.0,2446736.0,0
594806.0,2446736.0,0
595796.0,2446736.0,0
596786.0,2446736.0,0
597776.0,2446736.0,0
598766.0,2446736.0,0
599756.0,2446736.0,1
601736.0,2446736.0,1
602726.0,2446736.0,1
603716.0,2446736.0,1
604706.0,2446736.0,1
605696.0,2446736.0,1
608666.0,2446736.0,1
609656.0,2446736.0,1
610646.0,2446736.0,1
611636.0,2446736.0,1
612626.0,2446736.0,1
613616.0,2446736.0,1
435416.0,2445746.0,0
437396.0,2445746.0,2
439376.0,2445746.0,0
442346.0,2445746.0,0
443336.0,2445746.0,0
444326.0,2445746.0,0
445316.0,2445746.0,1
446306.0,2445746.0,0
447296.0,2445746.0,0
448286.0,2445746.0,0
449276.0,2445746.0,0
450266.0,2445746.0,0
451256.0,2445746.0,0
452246.0,2445746.0,2
453236.0,2445746.0,2
455216.0,2445746.0,2
456206.0,2445746.0,2
458186.0,2445746.0,2
460166.0,2445746.0,0
461156.0,2445746.0,0
462146.0,2445746.0,0
463136.0,2445746.0,2
465116.0,2445746.0,2
466106.0,2445746.0,0
469076.0,2445746.0,2
470066.0,2445746.0,2
471056.0,2445746.0,2
472046.0,2445746.0,0
473036.0,2445746.0,0
474026.0,2445746.0,0
475016.0,2445746.0,0
476006.0,2445746.0,0
477986.0,2445746.0,0
478976.0,2445746.0,0
479966.0,2445746.0,0
481946.0,2445746.0,2
482936.0,2445746.0,2
483926.0,2445746.0,2
484916.0,2445746.0,2
486896.0,2445746.0,0
487886.0,2445746.0,0
488876.0,2445746.0,0
489866.0,2445746.0,0
490856.0,2445746.0,0
491846.0,2445746.0,0
494816.0,2445746.0,2
495806.0,2445746.0,2
496796.0,2445746.0,2
498776.0,2445746.0,0
499766.0,2445746.0,0
500756.0,2445746.0,0
501746.0,2445746.0,0
502736.0,2445746.0,0
503726.0,2445746.0,0
504716.0,2445746.0,0
505706.0,2445746.0,0
507686.0,2445746.0,0
508676.0,2445746.0,0
510656.0,2445746.0,0
511646.0,2445746.0,0
512636.0,2445746.0,1
513626.0,2445746.0,1
514616.0,2445746.0,1
515606.0,2445746.0,0
516596.0,2445746.0,0
518576.0,2445746.0,0
519566.0,2445746.0,0
521546.0,2445746.0,1
522536.0,2445746.0,1
523526.0,2445746.0,1
524516.0,2445746.0,1
525506.0,2445746.0,1
526496.0,2445746.0,0
527486.0,2445746.0,0
528476.0,2445746.0,0
529466.0,2445746.0,0
530456.0,2445746.0,0
531446.0,2445746.0,0
532436.0,2445746.0,0
533426.0,2445746.0,0
534416.0,2445746.0,1
535406.0,2445746.0,0
538376.0,2445746.0,0
539366.0,2445746.0,0
540356.0,2445746.0,0
542336.0,2445746.0,0
544316.0,2445746.0,0
545306.0,2445746.0,1
546296.0,2445746.0,1
547286.0,2445746.0,0
548276.0,2445746.0,0
549266.0,2445746.0,0
550256.0,2445746.0,0
552236.0,2445746.0,0
553226.0,2445746.0,0
554216.0,2445746.0,0
555206.0,2445746.0,0
556196.0,2445746.0,0
557186.0,2445746.0,0
558176.0,2445746.0,0
559166.0,2445746.0,0
562136.0,2445746.0,2
565106.0,2445746.0,2
569066.0,2445746.0,2
574016.0,2445746.0,0
575006.0,2445746.0,0
575996.0,2445746.0,0
576986.0,2445746.0,0
578966.0,2445746.0,0
579956.0,2445746.0,0
580946.0,2445746.0,0
581936.0,2445746.0,0
582926.0,2445746.0,1
583916.0,2445746.0,1
584906.0,2445746.0,0
585896.0,2445746.0,0
586886.0,2445746.0,0
587876.0,2445746.0,0
588866.0,2445746.0,0
589856.0,2445746.0,1
590846.0,2445746.0,0
591836.0,2445746.0,0
594806.0,2445746.0,0
595796.0,2445746.0,0
596786.0,2445746.0,0
597776.0,2445746.0,0
598766.0,2445746.0,0
599756.0,2445746.0,0
600746.0,2445746.0,0
601736.0,2445746.0,1
602726.0,2445746.0,1
603716.0,2445746.0,1
604706.0,2445746.0,1
605696.0,2445746.0,1
606686.0,2445746.0,1
607676.0,2445746.0,1
608666.0,2445746.0,1
609656.0,2445746.0,1
610646.0,2445746.0,1
611636.0,2445746.0,1
612626.0,2445746.0,1
613616.0,2445746.0,1
614606.0,2445746.0,1
434426.0,2444756.0,0
435416.0,2444756.0,0
436406.0,2444756.0,2
437396.0,2444756.0,2
441356.0,2444756.0,0
442346.0,2444756.0,0
443336.0,2444756.0,0
444326.0,2444756.0,0
445316.0,2444756.0,0
446306.0,2444756.0,0
447296.0,2444756.0,0
449276.0,2444756.0,0
450266.0,2444756.0,0
451256.0,2444756.0,3
452246.0,2444756.0,2
454226.0,2444756.0,2
455216.0,2444756.0,2
456206.0,2444756.0,0
457196.0,2444756.0,2
458186.0,2444756.0,2
459176.0,2444756.0,2
460166.0,2444756.0,0
461156.0,2444756.0,0
465116.0,2444756.0,2
466106.0,2444756.0,0
468086.0,2444756.0,2
469076.0,2444756.0,2
470066.0,2444756.0,2
471056.0,2444756.0,2
472046.0,2444756.0,0
473036.0,2444756.0,3
474026.0,2444756.0,2
476996.0,2444756.0,0
477986.0,2444756.0,0
478976.0,2444756.0,0
479966.0,2444756.0,0
481946.0,2444756.0,2
482936.0,2444756.0,2
484916.0,2444756.0,2
485906.0,2444756.0,0
487886.0,2444756.0,0
488876.0,2444756.0,0
489866.0,2444756.0,0
492836.0,2444756.0,0
493826.0,2444756.0,0
494816.0,2444756.0,2
495806.0,2444756.0,2
498776.0,2444756.0,0
499766.0,2444756.0,0
500756.0,2444756.0,0
501746.0,2444756.0,0
504716.0,2444756.0,0
507686.0,2444756.0,0
509666.0,2444756.0,0
510656.0,2444756.0,0
511646.0,2444756.0,0
512636.0,2444756.0,0
513626.0,2444756.0,1
514616.0,2444756.0,0
515606.0,2444756.0,0
516596.0,2444756.0,0
518576.0,2444756.0,0
519566.0,2444756.0,0
520556.0,2444756.0,1
521546.0,2444756.0,1
522536.0,2444756.0,1
523526.0,2444756.0,0
525506.0,2444756.0,0
526496.0,2444756.0,0
527486.0,2444756.0,0
529466.0,2444756.0,0
530456.0,2444756.0,0
531446.0,2444756.0,0
533426.0,2444756.0,0
535406.0,2444756.0,0
536396.0,2444756.0,0
537386.0,2444756.0,0
539366.0,2444756.0,0
541346.0,2444756.0,0
542336.0,2444756.0,0
544316.0,2444756.0,0
545306.0,2444756.0,1
546296.0,2444756.0,1
547286.0,2444756.0,0
548276.0,2444756.0,0
550256.0,2444756.0,0
551246.0,2444756.0,0
552236.0,2444756.0,0
553226.0,2444756.0,0
554216.0,2444756.0,0
555206.0,2444756.0,0
556196.0,2444756.0,0
557186.0,2444756.0,0
558176.0,2444756.0,0
562136.0,2444756.0,2
563126.0,2444756.0,2
564116.0,2444756.0,2
565106.0,2444756.0,2
566096.0,2444756.0,2
567086.0,2444756.0,2
568076.0,2444756.0,2
573026.0,2444756.0,0
574016.0,2444756.0,0
575006.0,2444756.0,0
578966.0,2444756.0,0
579956.0,2444756.0,0
580946.0,2444756.0,0
581936.0,2444756.0,1
582926.0,2444756.0,1
583916.0,2444756.0,1
584906.0,2444756.0,0
585896.0,2444756.0,0
586886.0,2444756.0,0
587876.0,2444756.0,0
588866.0,2444756.0,0
589856.0,2444756.0,1
590846.0,2444756.0,1
591836.0,2444756.0,0
592826.0,2444756.0,0
594806.0,2444756.0,0
595796.0,2444756.0,0
596786.0,2444756.0,0
597776.0,2444756.0,0
601736.0,2444756.0,0
602726.0,2444756.0,1
603716.0,2444756.0,1
604706.0,2444756.0,1
605696.0,2444756.0,1
606686.0,2444756.0,1
607676.0,2444756.0,1
609656.0,2444756.0,1
610646.0,2444756.0,1
611636.0,2444756.0,1
612626.0,2444756.0,1
613616.0,2444756.0,0
614606.0,2444756.0,4
433436.0,2443766.0,0
434426.0,2443766.0,0
435416.0,2443766.0,0
436406.0,2443766.0,2
437396.0,2443766.0,2
438386.0,2443766.0,2
440366.0,2443766.0,0
441356.0,2443766.0,0
442346.0,2443766.0,0
443336.0,2443766.0,0
444326.0,2443766.0,0
445316.0,2443766.0,0
446306.0,2443766.0,0
447296.0,2443766.0,0
448286.0,2443766.0,2
449276.0,2443766.0,0
450266.0,2443766.0,0
452246.0,2443766.0,2
453236.0,2443766.0,2
454226.0,2443766.0,2
455216.0,2443766.0,3
456206.0,2443766.0,0
457196.0,2443766.0,3
458186.0,2443766.0,2
459176.0,2443766.0,2
460166.0,2443766.0,2
461156.0,2443766.0,0
462146.0,2443766.0,2
463136.0,2443766.0,0
464126.0,2443766.0,0
465116.0,2443766.0,0
466106.0,2443766.0,2
467096.0,2443766.0,2
468086.0,2443766.0,2
469076.0,2443766.0,2
470066.0,2443766.0,0
471056.0,2443766.0,0
472046.0,2443766.0,0
473036.0,2443766.0,2
474026.0,2443766.0,0
475016.0,2443766.0,2
476006.0,2443766.0,2
476996.0,2443766.0,2
477986.0,2443766.0,2
478976.0,2443766.0,0
479966.0,2443766.0,0
480956.0,2443766.0,0
482936.0,2443766.0,0
483926.0,2443766.0,0
484916.0,2443766.0,0
485906.0,2443766.0,0
488876.0,2443766.0,0
490856.0,2443766.0,0
491846.0,2443766.0,0
492836.0,2443766.0,0
494816.0,2443766.0,3
495806.0,2443766.0,0
497786.0,2443766.0,0
498776.0,2443766.0,0
499766.0,2443766.0,0
502736.0,2443766.0,2
504716.0,2443766.0,0
505706.0,2443766.0,0
506696.0,2443766.0,0
507686.0,2443766.0,0
508676.0,2443766.0,0
510656.0,2443766.0,0
512636.0,2443766.0,1
513626.0,2443766.0,1
514616.0,2443766.0,0
515606.0,2443766.0,0
516596.0,2443766.0,0
517586.0,2443766.0,0
518576.0,2443766.0,0
519566.0,2443766.0,1
521546.0,2443766.0,1
522536.0,2443766.0,0
523526.0,2443766.0,0
524516.0,2443766.0,0
525506.0,2443766.0,0
526496.0,2443766.0,0
528476.0,2443766.0,0
529466.0,2443766.0,0
530456.0,2443766.0,0
531446.0,2443766.0,0
532436.0,2443766.0,0
533426.0,2443766.0,0
534416.0,2443766.0,0
535406.0,2443766.0,0
541346.0,2443766.0,0
542336.0,2443766.0,3
543326.0,2443766.0,0
544316.0,2443766.0,0
546296.0,2443766.0,1
547286.0,2443766.0,1
548276.0,2443766.0,0
550256.0,2443766.0,2
551246.0,2443766.0,2
552236.0,2443766.0,0
554216.0,2443766.0,0
555206.0,2443766.0,0
556196.0,2443766.0,0
558176.0,2443766.0,0
560156.0,2443766.0,0
563126.0,2443766.0,2
566096.0,2443766.0,2
568076.0,2443766.0,2
572036.0,2443766.0,0
574016.0,2443766.0,0
575006.0,2443766.0,0
575996.0,2443766.0,0
577976.0,2443766.0,0
578966.0,2443766.0,0
579956.0,2443766.0,0
580946.0,2443766.0,1
581936.0,2443766.0,1
582926.0,2443766.0,1
583916.0,2443766.0,1
584906.0,2443766.0,1
585896.0,2443766.0,0
586886.0,2443766.0,0
587876.0,2443766.0,0
588866.0,2443766.0,0
589856.0,2443766.0,1
590846.0,2443766.0,1
591836.0,2443766.0,1
592826.0,2443766.0,1
593816.0,2443766.0,0
594806.0,2443766.0,0
595796.0,2443766.0,0
596786.0,2443766.0,0
597776.0,2443766.0,0
598766.0,2443766.0,2
599756.0,2443766.0,0
600746.0,2443766.0,0
601736.0,2443766.0,0
602726.0,2443766.0,0
603716.0,2443766.0,0
604706.0,2443766.0,0
605696.0,2443766.0,0
606686.0,2443766.0,0
607676.0,2443766.0,4
608666.0,2443766.0,0
609656.0,2443766.0,1
610646.0,2443766.0,1
611636.0,2443766.0,1
612626.0,2443766.0,0
613616.0,2443766.0,0
614606.0,2443766.0,0
615596.0,2443766.0,0
616586.0,2443766.0,0
618566.0,2443766.0,1
433436.0,2442776.0,0
434426.0,2442776.0,0
435416.0,2442776.0,2
436406.0,2442776.0,2
437396.0,2442776.0,2
438386.0,2442776.0,2
441356.0,2442776.0,0
442346.0,2442776.0,0
443336.0,2442776.0,0
444326.0,2442776.0,0
445316.0,2442776.0,0
447296.0,2442776.0,2
448286.0,2442776.0,2
449276.0,2442776.0,2
450266.0,2442776.0,0
451256.0,2442776.0,0
452246.0,2442776.0,0
453236.0,2442776.0,2
454226.0,2442776.0,2
455216.0,2442776.0,0
456206.0,2442776.0,0
458186.0,2442776.0,2
459176.0,2442776.0,2
460166.0,2442776.0,0
461156.0,2442776.0,2
463136.0,2442776.0,2
464126.0,2442776.0,0
465116.0,2442776.0,0
466106.0,2442776.0,0
467096.0,2442776.0,0
468086.0,2442776.0,0
469076.0,2442776.0,0
470066.0,2442776.0,0
471056.0,2442776.0,0
472046.0,2442776.0,2
473036.0,2442776.0,2
474026.0,2442776.0,2
475016.0,2442776.0,2
476006.0,2442776.0,2
476996.0,2442776.0,2
477986.0,2442776.0,0
478976.0,2442776.0,0
479966.0,2442776.0,0
480956.0,2442776.0,0
481946.0,2442776.0,0
482936.0,2442776.0,0
483926.0,2442776.0,0
484916.0,2442776.0,0
485906.0,2442776.0,0
488876.0,2442776.0,0
489866.0,2442776.0,0
490856.0,2442776.0,0
491846.0,2442776.0,0
492836.0,2442776.0,0
493826.0,2442776.0,0
494816.0,2442776.0,0
495806.0,2442776.0,0
496796.0,2442776.0,0
498776.0,2442776.0,0
501746.0,2442776.0,2
502736.0,2442776.0,2
503726.0,2442776.0,0
506696.0,2442776.0,0
507686.0,2442776.0,0
508676.0,2442776.0,0
509666.0,2442776.0,0
510656.0,2442776.0,0
511646.0,2442776.0,0
512636.0,2442776.0,1
513626.0,2442776.0,1
514616.0,2442776.0,1
516596.0,2442776.0,0
517586.0,2442776.0,1
518576.0,2442776.0,1
519566.0,2442776.0,1
520556.0,2442776.0,1
521546.0,2442776.0,1
523526.0,2442776.0,0
524516.0,2442776.0,0
525506.0,2442776.0,0
526496.0,2442776.0,0
527486.0,2442776.0,0
528476.0,2442776.0,0
529466.0,2442776.0,0
530456.0,2442776.0,0
531446.0,2442776.0,1
532436.0,2442776.0,0
533426.0,2442776.0,0
535406.0,2442776.0,0
536396.0,2442776.0,0
537386.0,2442776.0,0
538376.0,2442776.0,0
539366.0,2442776.0,0
540356.0,2442776.0,0
542336.0,2442776.0,0
543326.0,2442776.0,0
544316.0,2442776.0,0
545306.0,2442776.0,0
546296.0,2442776.0,1
547286.0,2442776.0,0
548276.0,2442776.0,0
549266.0,2442776.0,0
551246.0,2442776.0,2
552236.0,2442776.0,0
553226.0,2442776.0,0
554216.0,2442776.0,0
555206.0,2442776.0,0
556196.0,2442776.0,0
558176.0,2442776.0,0
559166.0,2442776.0,0
560156.0,2442776.0,0
564116.0,2442776.0,2
567086.0,2442776.0,2
568076.0,2442776.0,0
569066.0,2442776.0,0
570056.0,2442776.0,0
572036.0,2442776.0,0
573026.0,2442776.0,0
574016.0,2442776.0,0
575996.0,2442776.0,0
577976.0,2442776.0,0
578966.0,2442776.0,0
579956.0,2442776.0,0
582926.0,2442776.0,0
583916.0,2442776.0,1
585896.0,2442776.0,0
586886.0,2442776.0,0
587876.0,2442776.0,0
588866.0,2442776.0,0
589856.0,2442776.0,0
590846.0,2442776.0,1
591836.0,2442776.0,1
592826.0,2442776.0,0
593816.0,2442776.0,0
594806.0,2442776.0,0
595796.0,2442776.0,0
597776.0,2442776.0,0
601736.0,2442776.0,0
602726.0,2442776.0,0
603716.0,2442776.0,0
604706.0,2442776.0,0
605696.0,2442776.0,0
607676.0,2442776.0,0
608666.0,2442776.0,0
609656.0,2442776.0,0
610646.0,2442776.0,0
611636.0,2442776.0,0
612626.0,2442776.0,0
613616.0,2442776.0,0
615596.0,2442776.0,0
616586.0,2442776.0,0
617576.0,2442776.0,0
618566.0,2442776.0,1
619556.0,2442776.0,1
433436.0,2441786.0,0
435416.0,2441786.0,0
437396.0,2441786.0,2
438386.0,2441786.0,2
439376.0,2441786.0,2
442346.0,2441786.0,0
443336.0,2441786.0,0
444326.0,2441786.0,0
445316.0,2441786.0,3
446306.0,2441786.0,0
448286.0,2441786.0,0
449276.0,2441786.0,0
450266.0,2441786.0,0
451256.0,2441786.0,0
452246.0,2441786.0,0
453236.0,2441786.0,2
454226.0,2441786.0,2
456206.0,2441786.0,0
458186.0,2441786.0,2
459176.0,2441786.0,2
461156.0,2441786.0,2
462146.0,2441786.0,2
463136.0,2441786.0,0
464126.0,2441786.0,0
465116.0,2441786.0,0
466106.0,2441786.0,0
467096.0,2441786.0,0
468086.0,2441786.0,0
469076.0,2441786.0,0
470066.0,2441786.0,0
471056.0,2441786.0,0
472046.0,2441786.0,0
473036.0,2441786.0,2
475016.0,2441786.0,0
476996.0,2441786.0,0
477986.0,2441786.0,3
478976.0,2441786.0,0
479966.0,2441786.0,0
480956.0,2441786.0,0
481946.0,2441786.0,0
483926.0,2441786.0,0
488876.0,2441786.0,0
489866.0,2441786.0,0
490856.0,2441786.0,0
491846.0,2441786.0,0
492836.0,2441786.0,0
493826.0,2441786.0,0
494816.0,2441786.0,0
495806.0,2441786.0,0
496796.0,2441786.0,0
497786.0,2441786.0,0
498776.0,2441786.0,0
500756.0,2441786.0,2
501746.0,2441786.0,2
502736.0,2441786.0,0
503726.0,2441786.0,2
505706.0,2441786.0,0
506696.0,2441786.0,0
507686.0,2441786.0,0
508676.0,2441786.0,0
509666.0,2441786.0,0
510656.0,2441786.0,0
511646.0,2441786.0,1
512636.0,2441786.0,1
513626.0,2441786.0,1
514616.0,2441786.0,1
516596.0,2441786.0,1
517586.0,2441786.0,1
518576.0,2441786.0,1
519566.0,2441786.0,1
520556.0,2441786.0,1
521546.0,2441786.0,0
522536.0,2441786.0,0
523526.0,2441786.0,0
525506.0,2441786.0,0
526496.0,2441786.0,0
530456.0,2441786.0,0
531446.0,2441786.0,0
532436.0,2441786.0,0
533426.0,2441786.0,0
534416.0,2441786.0,0
536396.0,2441786.0,0
537386.0,2441786.0,1
539366.0,2441786.0,0
540356.0,2441786.0,0
542336.0,2441786.0,0
543326.0,2441786.0,0
544316.0,2441786.0,0
545306.0,2441786.0,0
546296.0,2441786.0,0
547286.0,2441786.0,0
548276.0,2441786.0,0
550256.0,2441786.0,2
551246.0,2441786.0,2
552236.0,2441786.0,0
553226.0,2441786.0,0
554216.0,2441786.0,0
555206.0,2441786.0,0
558176.0,2441786.0,0
559166.0,2441786.0,0
560156.0,2441786.0,0
567086.0,2441786.0,0
568076.0,2441786.0,0
569066.0,2441786.0,0
570056.0,2441786.0,0
574016.0,2441786.0,0
575996.0,2441786.0,2
578966.0,2441786.0,0
579956.0,2441786.0,0
581936.0,2441786.0,0
582926.0,2441786.0,0
583916.0,2441786.0,0
588866.0,2441786.0,0
589856.0,2441786.0,0
590846.0,2441786.0,0
591836.0,2441786.0,0
592826.0,2441786.0,0
593816.0,2441786.0,0
594806.0,2441786.0,0
595796.0,2441786.0,0
596786.0,2441786.0,0
597776.0,2441786.0,2
599756.0,2441786.0,0
600746.0,2441786.0,0
601736.0,2441786.0,0
602726.0,2441786.0,0
603716.0,2441786.0,0
604706.0,2441786.0,0
605696.0,2441786.0,0
606686.0,2441786.0,0
607676.0,2441786.0,0
608666.0,2441786.0,0
609656.0,2441786.0,0
610646.0,2441786.0,0
615596.0,2441786.0,0
616586.0,2441786.0,0
617576.0,2441786.0,0
618566.0,2441786.0,1
619556.0,2441786.0,1
620546.0,2441786.0,0
433436.0,2440796.0,3
434426.0,2440796.0,0
435416.0,2440796.0,0
436406.0,2440796.0,2
438386.0,2440796.0,2
439376.0,2440796.0,2
440366.0,2440796.0,2
441356.0,2440796.0,0
442346.0,2440796.0,0
443336.0,2440796.0,0
444326.0,2440796.0,0
447296.0,2440796.0,0
448286.0,2440796.0,2
449276.0,2440796.0,0
450266.0,2440796.0,0
451256.0,2440796.0,0
452246.0,2440796.0,0
453236.0,2440796.0,0
454226.0,2440796.0,0
455216.0,2440796.0,3
456206.0,2440796.0,0
459176.0,2440796.0,2
460166.0,2440796.0,2
461156.0,2440796.0,2
465116.0,2440796.0,0
466106.0,2440796.0,0
467096.0,2440796.0,0
468086.0,2440796.0,0
469076.0,2440796.0,0
470066.0,2440796.0,0
471056.0,2440796.0,0
472046.0,2440796.0,2
474026.0,2440796.0,2
475016.0,2440796.0,0
476006.0,2440796.0,2
476996.0,2440796.0,0
477986.0,2440796.0,2
478976.0,2440796.0,2
479966.0,2440796.0,2
482936.0,2440796.0,0
483926.0,2440796.0,0
487886.0,2440796.0,0
488876.0,2440796.0,0
489866.0,2440796.0,0
490856.0,2440796.0,0
491846.0,2440796.0,0
492836.0,2440796.0,0
493826.0,2440796.0,0
494816.0,2440796.0,2
495806.0,2440796.0,0
496796.0,2440796.0,0
497786.0,2440796.0,0
498776.0,2440796.0,0
499766.0,2440796.0,2
500756.0,2440796.0,2
502736.0,2440796.0,0
504716.0,2440796.0,0
505706.0,2440796.0,0
506696.0,2440796.0,0
507686.0,2440796.0,0
508676.0,2440796.0,0
509666.0,2440796.0,0
510656.0,2440796.0,1
511646.0,2440796.0,1
512636.0,2440796.0,1
513626.0,2440796.0,1
514616.0,2440796.0,1
515606.0,2440796.0,1
516596.0,2440796.0,1
517586.0,2440796.0,1
518576.0,2440796.0,1
520556.0,2440796.0,0
521546.0,2440796.0,0
522536.0,2440796.0,0
524516.0,2440796.0,0
525506.0,2440796.0,0
526496.0,2440796.0,1
527486.0,2440796.0,1
528476.0,2440796.0,1
529466.0,2440796.0,1
530456.0,2440796.0,0
531446.0,2440796.0,0
532436.0,2440796.0,0
533426.0,2440796.0,0
534416.0,2440796.0,0
535406.0,2440796.0,1
536396.0,2440796.0,1
537386.0,2440796.0,1
538376.0,2440796.0,1
539366.0,2440796.0,1
540356.0,2440796.0,0
541346.0,2440796.0,0
542336.0,2440796.0,0
545306.0,2440796.0,0
546296.0,2440796.0,0
547286.0,2440796.0,0
548276.0,2440796.0,0
549266.0,2440796.0,0
550256.0,2440796.0,2
552236.0,2440796.0,0
553226.0,2440796.0,0
554216.0,2440796.0,0
555206.0,2440796.0,0
556196.0,2440796.0,0
559166.0,2440796.0,0
560156.0,2440796.0,0
564116.0,2440796.0,2
565106.0,2440796.0,2
567086.0,2440796.0,0
569066.0,2440796.0,0
574016.0,2440796.0,0
575006.0,2440796.0,2
575996.0,2440796.0,2
579956.0,2440796.0,0
580946.0,2440796.0,0
581936.0,2440796.0,0
582926.0,2440796.0,0
583916.0,2440796.0,0
589856.0,2440796.0,0
590846.0,2440796.0,0
591836.0,2440796.0,0
592826.0,2440796.0,0
593816.0,2440796.0,0
594806.0,2440796.0,0
597776.0,2440796.0,2
598766.0,2440796.0,0
600746.0,2440796.0,0
601736.0,2440796.0,0
602726.0,2440796.0,0
603716.0,2440796.0,0
604706.0,2440796.0,0
606686.0,2440796.0,0
607676.0,2440796.0,0
608666.0,2440796.0,0
609656.0,2440796.0,0
610646.0,2440796.0,0
615596.0,2440796.0,0
616586.0,2440796.0,0
617576.0,2440796.0,0
618566.0,2440796.0,1
619556.0,2440796.0,1
620546.0,2440796.0,0
621536.0,2440796.0,0
622526.0,2440796.0,0
623516.0,2440796.0,0
435416.0,2439806.0,2
437396.0,2439806.0,3
438386.0,2439806.0,2
439376.0,2439806.0,2
440366.0,2439806.0,2
441356.0,2439806.0,2
443336.0,2439806.0,0
444326.0,2439806.0,0
445316.0,2439806.0,0
447296.0,2439806.0,2
448286.0,2439806.0,2
450266.0,2439806.0,0
451256.0,2439806.0,0
452246.0,2439806.0,0
453236.0,2439806.0,0
454226.0,2439806.0,0
455216.0,2439806.0,0
456206.0,2439806.0,0
457196.0,2439806.0,0
458186.0,2439806.0,2
459176.0,2439806.0,3
460166.0,2439806.0,2
462146.0,2439806.0,2
463136.0,2439806.0,2
465116.0,2439806.0,0
466106.0,2439806.0,0
467096.0,2439806.0,0
468086.0,2439806.0,0
470066.0,2439806.0,2
471056.0,2439806.0,2
472046.0,2439806.0,2
473036.0,2439806.0,2
474026.0,2439806.0,0
475016.0,2439806.0,0
476006.0,2439806.0,0
476996.0,2439806.0,0
478976.0,2439806.0,2
479966.0,2439806.0,2
480956.0,2439806.0,2
481946.0,2439806.0,0
483926.0,2439806.0,0
484916.0,2439806.0,0
486896.0,2439806.0,0
487886.0,2439806.0,0
488876.0,2439806.0,0
490856.0,2439806.0,0
491846.0,2439806.0,0
492836.0,2439806.0,0
493826.0,2439806.0,0
494816.0,2439806.0,2
495806.0,2439806.0,0
496796.0,2439806.0,0
497786.0,2439806.0,0
500756.0,2439806.0,2
501746.0,2439806.0,2
504716.0,2439806.0,0
505706.0,2439806.0,0
506696.0,2439806.0,0
507686.0,2439806.0,0
510656.0,2439806.0,1
512636.0,2439806.0,0
513626.0,2439806.0,0
514616.0,2439806.0,0
515606.0,2439806.0,0
516596.0,2439806.0,1
517586.0,2439806.0,1
518576.0,2439806.0,1
519566.0,2439806.0,0
520556.0,2439806.0,0
521546.0,2439806.0,0
522536.0,2439806.0,0
524516.0,2439806.0,0
525506.0,2439806.0,0
526496.0,2439806.0,1
527486.0,2439806.0,1
528476.0,2439806.0,1
529466.0,2439806.0,1
530456.0,2439806.0,1
532436.0,2439806.0,0
533426.0,2439806.0,1
534416.0,2439806.0,1
535406.0,2439806.0,1
536396.0,2439806.0,1
537386.0,2439806.0,1
538376.0,2439806.0,1
539366.0,2439806.0,0
540356.0,2439806.0,0
541346.0,2439806.0,0
543326.0,2439806.0,0
544316.0,2439806.0,0
545306.0,2439806.0,0
546296.0,2439806.0,0
547286.0,2439806.0,0
548276.0,2439806.0,0
553226.0,2439806.0,0
554216.0,2439806.0,0
555206.0,2439806.0,0
561146.0,2439806.0,0
567086.0,2439806.0,0
569066.0,2439806.0,0
570056.0,2439806.0,0
575996.0,2439806.0,2
581936.0,2439806.0,0
582926.0,2439806.0,0
589856.0,2439806.0,0
590846.0,2439806.0,0
591836.0,2439806.0,0
594806.0,2439806.0,0
595796.0,2439806.0,0
597776.0,2439806.0,2
599756.0,2439806.0,2
602726.0,2439806.0,0
603716.0,2439806.0,0
604706.0,2439806.0,0
606686.0,2439806.0,0
607676.0,2439806.0,0
608666.0,2439806.0,1
609656.0,2439806.0,1
610646.0,2439806.0,0
611636.0,2439806.0,0
612626.0,2439806.0,0
613616.0,2439806.0,0
614606.0,2439806.0,0
616586.0,2439806.0,0
617576.0,2439806.0,0
618566.0,2439806.0,0
619556.0,2439806.0,0
620546.0,2439806.0,0
621536.0,2439806.0,0
622526.0,2439806.0,0
623516.0,2439806.0,0
625496.0,2439806.0,0
626486.0,2439806.0,0
433436.0,2438816.0,2
434426.0,2438816.0,0
435416.0,2438816.0,2
436406.0,2438816.0,2
437396.0,2438816.0,2
439376.0,2438816.0,2
440366.0,2438816.0,2
442346.0,2438816.0,0
443336.0,2438816.0,0
444326.0,2438816.0,0
445316.0,2438816.0,0
446306.0,2438816.0,0
448286.0,2438816.0,0
449276.0,2438816.0,2
450266.0,2438816.0,2
452246.0,2438816.0,0
453236.0,2438816.0,0
454226.0,2438816.0,0
455216.0,2438816.0,2
459176.0,2438816.0,0
460166.0,2438816.0,2
462146.0,2438816.0,0
463136.0,2438816.0,0
464126.0,2438816.0,3
465116.0,2438816.0,0
466106.0,2438816.0,0
469076.0,2438816.0,0
470066.0,2438816.0,0
471056.0,2438816.0,2
472046.0,2438816.0,2
473036.0,2438816.0,2
474026.0,2438816.0,2
475016.0,2438816.0,0
476006.0,2438816.0,0
476996.0,2438816.0,0
477986.0,2438816.0,2
479966.0,2438816.0,2
480956.0,2438816.0,2
481946.0,2438816.0,2
482936.0,2438816.0,0
484916.0,2438816.0,2
486896.0,2438816.0,0
487886.0,2438816.0,0
488876.0,2438816.0,0
489866.0,2438816.0,0
490856.0,2438816.0,0
491846.0,2438816.0,2
493826.0,2438816.0,2
494816.0,2438816.0,2
495806.0,2438816.0,0
498776.0,2438816.0,2
499766.0,2438816.0,2
507686.0,2438816.0,0
508676.0,2438816.0,0
509666.0,2438816.0,0
511646.0,2438816.0,0
512636.0,2438816.0,0
513626.0,2438816.0,0
514616.0,2438816.0,0
515606.0,2438816.0,0
516596.0,2438816.0,0
517586.0,2438816.0,0
518576.0,2438816.0,0
519566.0,2438816.0,0
521546.0,2438816.0,0
522536.0,2438816.0,0
524516.0,2438816.0,0
525506.0,2438816.0,0
526496.0,2438816.0,0
527486.0,2438816.0,1
528476.0,2438816.0,1
529466.0,2438816.0,1
531446.0,2438816.0,1
532436.0,2438816.0,1
533426.0,2438816.0,1
534416.0,2438816.0,1
535406.0,2438816.0,1
536396.0,2438816.0,1
538376.0,2438816.0,0
540356.0,2438816.0,0
541346.0,2438816.0,0
542336.0,2438816.0,0
544316.0,2438816.0,0
545306.0,2438816.0,0
546296.0,2438816.0,0
553226.0,2438816.0,0
554216.0,2438816.0,0
555206.0,2438816.0,0
560156.0,2438816.0,0
565106.0,2438816.0,2
567086.0,2438816.0,0
569066.0,2438816.0,0
570056.0,2438816.0,0
572036.0,2438816.0,0
575006.0,2438816.0,0
579956.0,2438816.0,2
581936.0,2438816.0,3
582926.0,2438816.0,0
586886.0,2438816.0,2
587876.0,2438816.0,0
588866.0,2438816.0,0
589856.0,2438816.0,0
590846.0,2438816.0,0
591836.0,2438816.0,3
592826.0,2438816.0,0
593816.0,2438816.0,0
594806.0,2438816.0,0
595796.0,2438816.0,2
597776.0,2438816.0,2
598766.0,2438816.0,2
599756.0,2438816.0,2
600746.0,2438816.0,0
601736.0,2438816.0,0
602726.0,2438816.0,0
603716.0,2438816.0,3
604706.0,2438816.0,0
605696.0,2438816.0,0
606686.0,2438816.0,0
607676.0,2438816.0,0
608666.0,2438816.0,0
610646.0,2438816.0,0
611636.0,2438816.0,0
612626.0,2438816.0,0
613616.0,2438816.0,0
614606.0,2438816.0,0
615596.0,2438816.0,0
617576.0,2438816.0,0
618566.0,2438816.0,0
619556.0,2438816.0,0
620546.0,2438816.0,0
621536.0,2438816.0,0
434426.0,2437826.0,2
435416.0,2437826.0,2
436406.0,2437826.0,2
437396.0,2437826.0,2
438386.0,2437826.0,2
440366.0,2437826.0,2
441356.0,2437826.0,2
442346.0,2437826.0,0
443336.0,2437826.0,0
444326.0,2437826.0,0
445316.0,2437826.0,0
447296.0,2437826.0,0
448286.0,2437826.0,2
450266.0,2437826.0,2
451256.0,2437826.0,2
452246.0,2437826.0,0
454226.0,2437826.0,2
455216.0,2437826.0,2
456206.0,2437826.0,2
457196.0,2437826.0,2
458186.0,2437826.0,2
459176.0,2437826.0,2
462146.0,2437826.0,0
464126.0,2437826.0,0
465116.0,2437826.0,0
466106.0,2437826.0,0
469076.0,2437826.0,0
470066.0,2437826.0,0
471056.0,2437826.0,2
472046.0,2437826.0,2
473036.0,2437826.0,2
474026.0,2437826.0,2
476006.0,2437826.0,0
476996.0,2437826.0,0
477986.0,2437826.0,2
479966.0,2437826.0,2
480956.0,2437826.0,2
481946.0,2437826.0,2
482936.0,2437826.0,2
486896.0,2437826.0,2
487886.0,2437826.0,0
488876.0,2437826.0,0
489866.0,2437826.0,3
490856.0,2437826.0,2
491846.0,2437826.0,0
492836.0,2437826.0,2
493826.0,2437826.0,2
494816.0,2437826.0,2
496796.0,2437826.0,0
497786.0,2437826.0,0
498776.0,2437826.0,2
503726.0,2437826.0,0
513626.0,2437826.0,0
515606.0,2437826.0,0
516596.0,2437826.0,0
518576.0,2437826.0,0
520556.0,2437826.0,0
521546.0,2437826.0,0
522536.0,2437826.0,0
523526.0,2437826.0,0
524516.0,2437826.0,0
525506.0,2437826.0,0
526496.0,2437826.0,0
527486.0,2437826.0,0
528476.0,2437826.0,1
529466.0,2437826.0,1
530456.0,2437826.0,1
531446.0,2437826.0,1
532436.0,2437826.0,1
533426.0,2437826.0,1
534416.0,2437826.0,1
535406.0,2437826.0,1
536396.0,2437826.0,1
537386.0,2437826.0,0
538376.0,2437826.0,0
539366.0,2437826.0,0
540356.0,2437826.0,0
542336.0,2437826.0,0
543326.0,2437826.0,0
544316.0,2437826.0,0
545306.0,2437826.0,0
546296.0,2437826.0,0
547286.0,2437826.0,0
549266.0,2437826.0,0
551246.0,2437826.0,0
553226.0,2437826.0,2
554216.0,2437826.0,2
556196.0,2437826.0,0
567086.0,2437826.0,0
568076.0,2437826.0,0
569066.0,2437826.0,0
570056.0,2437826.0,0
571046.0,2437826.0,0
572036.0,2437826.0,0
573026.0,2437826.0,0
575996.0,2437826.0,2
583916.0,2437826.0,2
584906.0,2437826.0,2
585896.0,2437826.0,2
586886.0,2437826.0,2
588866.0,2437826.0,0
589856.0,2437826.0,0
591836.0,2437826.0,0
592826.0,2437826.0,0
594806.0,2437826.0,2
596786.0,2437826.0,2
598766.0,2437826.0,2
599756.0,2437826.0,2
600746.0,2437826.0,3
601736.0,2437826.0,0
603716.0,2437826.0,0
604706.0,2437826.0,2
605696.0,2437826.0,2
606686.0,2437826.0,2
607676.0,2437826.0,0
608666.0,2437826.0,0
609656.0,2437826.0,0
610646.0,2437826.0,0
612626.0,2437826.0,0
613616.0,2437826.0,0
614606.0,2437826.0,3
616586.0,2437826.0,2
618566.0,2437826.0,0
620546.0,2437826.0,0
433436.0,2436836.0,2
435416.0,2436836.0,2
436406.0,2436836.0,2
440366.0,2436836.0,2
442346.0,2436836.0,0
443336.0,2436836.0,0
444326.0,2436836.0,1
445316.0,2436836.0,0
446306.0,2436836.0,0
447296.0,2436836.0,0
448286.0,2436836.0,0
449276.0,2436836.0,0
450266.0,2436836.0,2
451256.0,2436836.0,2
452246.0,2436836.0,0
454226.0,2436836.0,2
455216.0,2436836.0,2
456206.0,2436836.0,2
457196.0,2436836.0,2
458186.0,2436836.0,2
459176.0,2436836.0,2
460166.0,2436836.0,2
463136.0,2436836.0,0
464126.0,2436836.0,0
465116.0,2436836.0,2
466106.0,2436836.0,2
468086.0,2436836.0,2
469076.0,2436836.0,2
470066.0,2436836.0,2
473036.0,2436836.0,2
474026.0,2436836.0,0
475016.0,2436836.0,0
476006.0,2436836.0,0
476996.0,2436836.0,0
477986.0,2436836.0,2
478976.0,2436836.0,2
480956.0,2436836.0,2
481946.0,2436836.0,2
482936.0,2436836.0,2
483926.0,2436836.0,2
486896.0,2436836.0,0
487886.0,2436836.0,0
488876.0,2436836.0,0
489866.0,2436836.0,2
490856.0,2436836.0,0
492836.0,2436836.0,2
494816.0,2436836.0,0
495806.0,2436836.0,0
496796.0,2436836.0,0
497786.0,2436836.0,0
499766.0,2436836.0,2
500756.0,2436836.0,2
502736.0,2436836.0,0
503726.0,2436836.0,0
504716.0,2436836.0,0
505706.0,2436836.0,1
506696.0,2436836.0,0
507686.0,2436836.0,1
508676.0,2436836.0,4
509666.0,2436836.0,0
510656.0,2436836.0,0
511646.0,2436836.0,0
512636.0,2436836.0,0
513626.0,2436836.0,0
515606.0,2436836.0,0
516596.0,2436836.0,0
517586.0,2436836.0,0
518576.0,2436836.0,0
519566.0,2436836.0,2
520556.0,2436836.0,0
521546.0,2436836.0,0
522536.0,2436836.0,0
523526.0,2436836.0,0
524516.0,2436836.0,0
525506.0,2436836.0,0
527486.0,2436836.0,0
528476.0,2436836.0,0
529466.0,2436836.0,1
530456.0,2436836.0,1
531446.0,2436836.0,1
532436.0,2436836.0,1
533426.0,2436836.0,1
534416.0,2436836.0,1
535406.0,2436836.0,1
536396.0,2436836.0,1
537386.0,2436836.0,0
538376.0,2436836.0,0
539366.0,2436836.0,0
541346.0,2436836.0,0
542336.0,2436836.0,0
543326.0,2436836.0,0
544316.0,2436836.0,0
545306.0,2436836.0,2
546296.0,2436836.0,0
547286.0,2436836.0,0
548276.0,2436836.0,0
549266.0,2436836.0,0
550256.0,2436836.0,0
551246.0,2436836.0,0
552236.0,2436836.0,2
554216.0,2436836.0,2
555206.0,2436836.0,2
559166.0,2436836.0,2
562136.0,2436836.0,0
563126.0,2436836.0,0
567086.0,2436836.0,0
568076.0,2436836.0,0
569066.0,2436836.0,0
570056.0,2436836.0,0
571046.0,2436836.0,0
573026.0,2436836.0,0
574016.0,2436836.0,0
578966.0,2436836.0,0
580946.0,2436836.0,2
582926.0,2436836.0,0
583916.0,2436836.0,2
584906.0,2436836.0,2
586886.0,2436836.0,0
587876.0,2436836.0,0
589856.0,2436836.0,0
591836.0,2436836.0,0
592826.0,2436836.0,2
598766.0,2436836.0,2
600746.0,2436836.0,0
601736.0,2436836.0,0
602726.0,2436836.0,0
607676.0,2436836.0,0
608666.0,2436836.0,0
609656.0,2436836.0,0
610646.0,2436836.0,0
611636.0,2436836.0,0
612626.0,2436836.0,0
614606.0,2436836.0,0
615596.0,2436836.0,2
617576.0,2436836.0,2
618566.0,2436836.0,2
620546.0,2436836.0,0
622526.0,2436836.0,2
434426.0,2435846.0,2
435416.0,2435846.0,2
437396.0,2435846.0,2
438386.0,2435846.0,2
440366.0,2435846.0,2
441356.0,2435846.0,0
442346.0,2435846.0,0
443336.0,2435846.0,0
444326.0,2435846.0,0
445316.0,2435846.0,0
446306.0,2435846.0,0
447296.0,2435846.0,0
448286.0,2435846.0,0
449276.0,2435846.0,0
450266.0,2435846.0,0
451256.0,2435846.0,0
454226.0,2435846.0,2
457196.0,2435846.0,2
458186.0,2435846.0,2
462146.0,2435846.0,0
463136.0,2435846.0,0
464126.0,2435846.0,0
465116.0,2435846.0,2
466106.0,2435846.0,2
469076.0,2435846.0,2
471056.0,2435846.0,2
472046.0,2435846.0,2
473036.0,2435846.0,0
474026.0,2435846.0,0
475016.0,2435846.0,0
476006.0,2435846.0,0
476996.0,2435846.0,2
477986.0,2435846.0,2
479966.0,2435846.0,2
480956.0,2435846.0,2
482936.0,2435846.0,2
483926.0,2435846.0,2
485906.0,2435846.0,0
486896.0,2435846.0,0
487886.0,2435846.0,0
488876.0,2435846.0,0
489866.0,2435846.0,2
490856.0,2435846.0,2
491846.0,2435846.0,2
493826.0,2435846.0,0
494816.0,2435846.0,0
495806.0,2435846.0,0
497786.0,2435846.0,0
501746.0,2435846.0,0
502736.0,2435846.0,0
503726.0,2435846.0,0
504716.0,2435846.0,0
505706.0,2435846.0,0
506696.0,2435846.0,1
507686.0,2435846.0,1
508676.0,2435846.0,1
509666.0,2435846.0,1
510656.0,2435846.0,1
511646.0,2435846.0,1
512636.0,2435846.0,0
513626.0,2435846.0,0
514616.0,2435846.0,0
515606.0,2435846.0,0
516596.0,2435846.0,0
517586.0,2435846.0,0
518576.0,2435846.0,0
519566.0,2435846.0,0
520556.0,2435846.0,0
521546.0,2435846.0,0
522536.0,2435846.0,0
523526.0,2435846.0,0
524516.0,2435846.0,0
525506.0,2435846.0,1
526496.0,2435846.0,4
527486.0,2435846.0,0
530456.0,2435846.0,1
531446.0,2435846.0,1
532436.0,2435846.0,1
533426.0,2435846.0,1
534416.0,2435846.0,1
535406.0,2435846.0,1
536396.0,2435846.0,1
537386.0,2435846.0,1
538376.0,2435846.0,0
540356.0,2435846.0,0
541346.0,2435846.0,0
542336.0,2435846.0,0
543326.0,2435846.0,0
546296.0,2435846.0,0
549266.0,2435846.0,0
550256.0,2435846.0,0
551246.0,2435846.0,0
553226.0,2435846.0,2
556196.0,2435846.0,3
566096.0,2435846.0,0
567086.0,2435846.0,0
568076.0,2435846.0,0
569066.0,2435846.0,0
571046.0,2435846.0,0
572036.0,2435846.0,0
578966.0,2435846.0,2
579956.0,2435846.0,0
583916.0,2435846.0,2
584906.0,2435846.0,0
585896.0,2435846.0,2
586886.0,2435846.0,0
587876.0,2435846.0,0
588866.0,2435846.0,0
590846.0,2435846.0,0
598766.0,2435846.0,0
600746.0,2435846.0,0
601736.0,2435846.0,0
602726.0,2435846.0,0
603716.0,2435846.0,0
605696.0,2435846.0,0
606686.0,2435846.0,0
609656.0,2435846.0,0
611636.0,2435846.0,0
612626.0,2435846.0,0
614606.0,2435846.0,2
616586.0,2435846.0,2
617576.0,2435846.0,2
620546.0,2435846.0,2
621536.0,2435846.0,2
623516.0,2435846.0,0
624506.0,2435846.0,2
625496.0,2435846.0,0
435416.0,2434856.0,2
439376.0,2434856.0,2
440366.0,2434856.0,2
441356.0,2434856.0,2
442346.0,2434856.0,0
443336.0,2434856.0,0
444326.0,2434856.0,0
445316.0,2434856.0,0
446306.0,2434856.0,0
447296.0,2434856.0,0
448286.0,2434856.0,0
449276.0,2434856.0,0
450266.0,2434856.0,0
451256.0,2434856.0,0
452246.0,2434856.0,0
453236.0,2434856.0,0
455216.0,2434856.0,2
456206.0,2434856.0,2
457196.0,2434856.0,2
461156.0,2434856.0,2
463136.0,2434856.0,0
464126.0,2434856.0,3
466106.0,2434856.0,2
467096.0,2434856.0,2
470066.0,2434856.0,2
471056.0,2434856.0,2
473036.0,2434856.0,2
475016.0,2434856.0,0
476006.0,2434856.0,0
478976.0,2434856.0,2
479966.0,2434856.0,2
480956.0,2434856.0,2
484916.0,2434856.0,2
487886.0,2434856.0,2
488876.0,2434856.0,0
489866.0,2434856.0,0
490856.0,2434856.0,0
491846.0,2434856.0,0
493826.0,2434856.0,0
494816.0,2434856.0,0
496796.0,2434856.0,0
499766.0,2434856.0,2
500756.0,2434856.0,2
503726.0,2434856.0,0
504716.0,2434856.0,0
505706.0,2434856.0,0
506696.0,2434856.0,1
507686.0,2434856.0,1
508676.0,2434856.0,1
509666.0,2434856.0,1
510656.0,2434856.0,1
511646.0,2434856.0,1
512636.0,2434856.0,1
513626.0,2434856.0,1
514616.0,2434856.0,0
515606.0,2434856.0,1
516596.0,2434856.0,1
517586.0,2434856.0,1
518576.0,2434856.0,1
519566.0,2434856.0,0
520556.0,2434856.0,0
521546.0,2434856.0,0
522536.0,2434856.0,0
523526.0,2434856.0,0
524516.0,2434856.0,1
525506.0,2434856.0,1
526496.0,2434856.0,1
527486.0,2434856.0,0
528476.0,2434856.0,0
529466.0,2434856.0,0
530456.0,2434856.0,1
531446.0,2434856.0,1
532436.0,2434856.0,1
533426.0,2434856.0,1
534416.0,2434856.0,1
536396.0,2434856.0,1
537386.0,2434856.0,1
538376.0,2434856.0,0
539366.0,2434856.0,0
540356.0,2434856.0,0
541346.0,2434856.0,1
542336.0,2434856.0,1
543326.0,2434856.0,0
545306.0,2434856.0,0
546296.0,2434856.0,0
548276.0,2434856.0,0
549266.0,2434856.0,0
550256.0,2434856.0,0
551246.0,2434856.0,0
552236.0,2434856.0,0
553226.0,2434856.0,0
554216.0,2434856.0,0
555206.0,2434856.0,0
556196.0,2434856.0,0
558176.0,2434856.0,2
565106.0,2434856.0,0
566096.0,2434856.0,0
567086.0,2434856.0,0
568076.0,2434856.0,0
569066.0,2434856.0,0
570056.0,2434856.0,0
571046.0,2434856.0,0
572036.0,2434856.0,0
577976.0,2434856.0,2
578966.0,2434856.0,3
579956.0,2434856.0,0
580946.0,2434856.0,2
582926.0,2434856.0,2
583916.0,2434856.0,3
584906.0,2434856.0,0
586886.0,2434856.0,3
588866.0,2434856.0,0
589856.0,2434856.0,0
590846.0,2434856.0,0
592826.0,2434856.0,2
593816.0,2434856.0,2
594806.0,2434856.0,2
595796.0,2434856.0,2
596786.0,2434856.0,2
597776.0,2434856.0,0
598766.0,2434856.0,0
599756.0,2434856.0,0
600746.0,2434856.0,0
601736.0,2434856.0,0
602726.0,2434856.0,1
603716.0,2434856.0,1
604706.0,2434856.0,1
605696.0,2434856.0,0
606686.0,2434856.0,0
607676.0,2434856.0,0
609656.0,2434856.0,0
610646.0,2434856.0,0
611636.0,2434856.0,0
612626.0,2434856.0,0
613616.0,2434856.0,0
615596.0,2434856.0,3
616586.0,2434856.0,2
617576.0,2434856.0,2
620546.0,2434856.0,0
621536.0,2434856.0,2
622526.0,2434856.0,0
623516.0,2434856.0,2
624506.0,2434856.0,2
625496.0,2434856.0,0
435416.0,2433866.0,2
438386.0,2433866.0,2
439376.0,2433866.0,2
440366.0,2433866.0,2
441356.0,2433866.0,2
442346.0,2433866.0,0
443336.0,2433866.0,0
445316.0,2433866.0,0
446306.0,2433866.0,0
447296.0,2433866.0,0
448286.0,2433866.0,0
449276.0,2433866.0,0
450266.0,2433866.0,0
451256.0,2433866.0,0
452246.0,2433866.0,0
453236.0,2433866.0,0
456206.0,2433866.0,2
460166.0,2433866.0,0
461156.0,2433866.0,0
462146.0,2433866.0,0
463136.0,2433866.0,0
464126.0,2433866.0,0
466106.0,2433866.0,2
467096.0,2433866.0,2
469076.0,2433866.0,2
470066.0,2433866.0,2
471056.0,2433866.0,2
472046.0,2433866.0,2
473036.0,2433866.0,2
475016.0,2433866.0,0
476006.0,2433866.0,2
476996.0,2433866.0,0
477986.0,2433866.0,2
479966.0,2433866.0,2
481946.0,2433866.0,2
482936.0,2433866.0,2
483926.0,2433866.0,2
487886.0,2433866.0,0
488876.0,2433866.0,2
489866.0,2433866.0,0
492836.0,2433866.0,0
493826.0,2433866.0,0
495806.0,2433866.0,0
497786.0,2433866.0,0
498776.0,2433866.0,0
500756.0,2433866.0,2
503726.0,2433866.0,0
506696.0,2433866.0,1
507686.0,2433866.0,1
508676.0,2433866.0,1
509666.0,2433866.0,1
510656.0,2433866.0,1
511646.0,2433866.0,1
512636.0,2433866.0,1
513626.0,2433866.0,1
514616.0,2433866.0,1
515606.0,2433866.0,1
516596.0,2433866.0,1
517586.0,2433866.0,1
518576.0,2433866.0,1
519566.0,2433866.0,0
520556.0,2433866.0,0
521546.0,2433866.0,0
522536.0,2433866.0,0
523526.0,2433866.0,0
524516.0,2433866.0,1
525506.0,2433866.0,1
526496.0,2433866.0,1
527486.0,2433866.0,1
529466.0,2433866.0,0
530456.0,2433866.0,1
531446.0,2433866.0,1
532436.0,2433866.0,1
533426.0,2433866.0,1
534416.0,2433866.0,1
535406.0,2433866.0,1
536396.0,2433866.0,1
537386.0,2433866.0,1
538376.0,2433866.0,1
539366.0,2433866.0,1
540356.0,2433866.0,1
541346.0,2433866.0,1
542336.0,2433866.0,1
543326.0,2433866.0,1
544316.0,2433866.0,0
545306.0,2433866.0,0
546296.0,2433866.0,0
548276.0,2433866.0,0
549266.0,2433866.0,0
552236.0,2433866.0,0
553226.0,2433866.0,0
554216.0,2433866.0,0
555206.0,2433866.0,0
557186.0,2433866.0,0
558176.0,2433866.0,0
562136.0,2433866.0,0
563126.0,2433866.0,0
564116.0,2433866.0,0
565106.0,2433866.0,1
566096.0,2433866.0,0
567086.0,2433866.0,0
569066.0,2433866.0,0
570056.0,2433866.0,0
574016.0,2433866.0,0
575006.0,2433866.0,0
582926.0,2433866.0,0
583916.0,2433866.0,0
585896.0,2433866.0,2
586886.0,2433866.0,0
587876.0,2433866.0,0
590846.0,2433866.0,2
591836.0,2433866.0,0
592826.0,2433866.0,0
594806.0,2433866.0,2
595796.0,2433866.0,2
596786.0,2433866.0,2
597776.0,2433866.0,0
598766.0,2433866.0,0
599756.0,2433866.0,0
600746.0,2433866.0,1
601736.0,2433866.0,1
602726.0,2433866.0,1
603716.0,2433866.0,1
604706.0,2433866.0,1
605696.0,2433866.0,1
606686.0,2433866.0,0
607676.0,2433866.0,0
608666.0,2433866.0,0
609656.0,2433866.0,0
610646.0,2433866.0,0
611636.0,2433866.0,0
612626.0,2433866.0,0
613616.0,2433866.0,0
614606.0,2433866.0,0
615596.0,2433866.0,0
616586.0,2433866.0,0
619556.0,2433866.0,2
620546.0,2433866.0,2
623516.0,2433866.0,2
626486.0,2433866.0,0
627476.0,2433866.0,0
628466.0,2433866.0,0
436406.0,2432876.0,0
440366.0,2432876.0,2
441356.0,2432876.0,2
444326.0,2432876.0,2
445316.0,2432876.0,3
446306.0,2432876.0,2
447296.0,2432876.0,0
448286.0,2432876.0,0
449276.0,2432876.0,0
450266.0,2432876.0,0
451256.0,2432876.0,0
452246.0,2432876.0,0
453236.0,2432876.0,0
456206.0,2432876.0,2
460166.0,2432876.0,0
461156.0,2432876.0,0
462146.0,2432876.0,0
464126.0,2432876.0,2
466106.0,2432876.0,2
468086.0,2432876.0,2
469076.0,2432876.0,2
472046.0,2432876.0,2
473036.0,2432876.0,2
474026.0,2432876.0,2
475016.0,2432876.0,2
476996.0,2432876.0,2
477986.0,2432876.0,2
478976.0,2432876.0,2
479966.0,2432876.0,2
480956.0,2432876.0,2
481946.0,2432876.0,2
484916.0,2432876.0,2
485906.0,2432876.0,2
487886.0,2432876.0,2
488876.0,2432876.0,0
489866.0,2432876.0,0
490856.0,2432876.0,0
491846.0,2432876.0,2
492836.0,2432876.0,2
493826.0,2432876.0,0
494816.0,2432876.0,2
496796.0,2432876.0,2
497786.0,2432876.0,0
498776.0,2432876.0,0
499766.0,2432876.0,2
500756.0,2432876.0,2
501746.0,2432876.0,2
502736.0,2432876.0,0
504716.0,2432876.0,0
505706.0,2432876.0,0
506696.0,2432876.0,0
507686.0,2432876.0,1
508676.0,2432876.0,1
509666.0,2432876.0,1
510656.0,2432876.0,1
511646.0,2432876.0,1
513626.0,2432876.0,1
514616.0,2432876.0,1
515606.0,2432876.0,1
516596.0,2432876.0,1
517586.0,2432876.0,1
519566.0,2432876.0,1
520556.0,2432876.0,1
521546.0,2432876.0,0
522536.0,2432876.0,0
523526.0,2432876.0,0
524516.0,2432876.0,1
525506.0,2432876.0,1
526496.0,2432876.0,1
527486.0,2432876.0,1
528476.0,2432876.0,1
529466.0,2432876.0,1
530456.0,2432876.0,1
531446.0,2432876.0,1
532436.0,2432876.0,1
533426.0,2432876.0,1
534416.0,2432876.0,1
535406.0,2432876.0,1
536396.0,2432876.0,1
537386.0,2432876.0,1
538376.0,2432876.0,1
540356.0,2432876.0,1
541346.0,2432876.0,1
542336.0,2432876.0,1
543326.0,2432876.0,1
544316.0,2432876.0,1
545306.0,2432876.0,1
546296.0,2432876.0,1
547286.0,2432876.0,0
550256.0,2432876.0,2
551246.0,2432876.0,0
552236.0,2432876.0,0
553226.0,2432876.0,0
554216.0,2432876.0,1
555206.0,2432876.0,1
558176.0,2432876.0,0
560156.0,2432876.0,0
561146.0,2432876.0,0
563126.0,2432876.0,0
564116.0,2432876.0,1
565106.0,2432876.0,1
566096.0,2432876.0,0
567086.0,2432876.0,0
569066.0,2432876.0,0
570056.0,2432876.0,0
576986.0,2432876.0,2
578966.0,2432876.0,0
582926.0,2432876.0,0
586886.0,2432876.0,2
588866.0,2432876.0,0
589856.0,2432876.0,2
591836.0,2432876.0,0
593816.0,2432876.0,0
594806.0,2432876.0,2
596786.0,2432876.0,2
597776.0,2432876.0,0
598766.0,2432876.0,0
600746.0,2432876.0,1
601736.0,2432876.0,1
602726.0,2432876.0,1
603716.0,2432876.0,1
604706.0,2432876.0,1
605696.0,2432876.0,1
606686.0,2432876.0,1
607676.0,2432876.0,1
608666.0,2432876.0,1
609656.0,2432876.0,1
610646.0,2432876.0,0
611636.0,2432876.0,0
613616.0,2432876.0,0
614606.0,2432876.0,0
615596.0,2432876.0,0
617576.0,2432876.0,0
623516.0,2432876.0,2
627476.0,2432876.0,0
628466.0,2432876.0,0
630446.0,2432876.0,0
433436.0,2431886.0,0
434426.0,2431886.0,0
436406.0,2431886.0,2
437396.0,2431886.0,2
441356.0,2431886.0,0
443336.0,2431886.0,2
444326.0,2431886.0,2
445316.0,2431886.0,2
446306.0,2431886.0,2
447296.0,2431886.0,2
448286.0,2431886.0,0
450266.0,2431886.0,0
451256.0,2431886.0,0
452246.0,2431886.0,0
454226.0,2431886.0,2
455216.0,2431886.0,2
458186.0,2431886.0,0
459176.0,2431886.0,0
460166.0,2431886.0,0
461156.0,2431886.0,0
462146.0,2431886.0,0
463136.0,2431886.0,0
464126.0,2431886.0,0
466106.0,2431886.0,2
467096.0,2431886.0,2
468086.0,2431886.0,2
471056.0,2431886.0,2
472046.0,2431886.0,0
473036.0,2431886.0,2
475016.0,2431886.0,2
476006.0,2431886.0,0
476996.0,2431886.0,2
478976.0,2431886.0,0
481946.0,2431886.0,2
483926.0,2431886.0,3
484916.0,2431886.0,2
485906.0,2431886.0,2
487886.0,2431886.0,2
488876.0,2431886.0,0
489866.0,2431886.0,0
490856.0,2431886.0,0
492836.0,2431886.0,2
493826.0,2431886.0,2
495806.0,2431886.0,2
496796.0,2431886.0,0
498776.0,2431886.0,0
499766.0,2431886.0,0
500756.0,2431886.0,2
501746.0,2431886.0,3
502736.0,2431886.0,0
503726.0,2431886.0,0
504716.0,2431886.0,0
505706.0,2431886.0,0
506696.0,2431886.0,0
507686.0,2431886.0,0
508676.0,2431886.0,1
509666.0,2431886.0,1
510656.0,2431886.0,1
511646.0,2431886.0,1
512636.0,2431886.0,1
513626.0,2431886.0,1
514616.0,2431886.0,1
515606.0,2431886.0,1
516596.0,2431886.0,1
517586.0,2431886.0,1
518576.0,2431886.0,1
519566.0,2431886.0,1
520556.0,2431886.0,1
521546.0,2431886.0,1
522536.0,2431886.0,1
523526.0,2431886.0,1
524516.0,2431886.0,1
525506.0,2431886.0,1
526496.0,2431886.0,1
527486.0,2431886.0,1
528476.0,2431886.0,1
529466.0,2431886.0,1
530456.0,2431886.0,1
531446.0,2431886.0,1
532436.0,2431886.0,1
533426.0,2431886.0,1
534416.0,2431886.0,1
535406.0,2431886.0,1
536396.0,2431886.0,1
537386.0,2431886.0,1
538376.0,2431886.0,1
539366.0,2431886.0,1
540356.0,2431886.0,1
541346.0,2431886.0,1
542336.0,2431886.0,1
544316.0,2431886.0,1
545306.0,2431886.0,1
546296.0,2431886.0,0
547286.0,2431886.0,0
548276.0,2431886.0,0
550256.0,2431886.0,2
551246.0,2431886.0,0
552236.0,2431886.0,0
553226.0,2431886.0,1
554216.0,2431886.0,1
555206.0,2431886.0,1
556196.0,2431886.0,1
558176.0,2431886.0,0
559166.0,2431886.0,0
560156.0,2431886.0,0
561146.0,2431886.0,0
562136.0,2431886.0,0
563126.0,2431886.0,1
564116.0,2431886.0,1
565106.0,2431886.0,1
566096.0,2431886.0,0
568076.0,2431886.0,0
569066.0,2431886.0,2
570056.0,2431886.0,0
573026.0,2431886.0,0
574016.0,2431886.0,0
575006.0,2431886.0,0
575996.0,2431886.0,0
577976.0,2431886.0,2
578966.0,2431886.0,2
579956.0,2431886.0,2
582926.0,2431886.0,2
583916.0,2431886.0,0
584906.0,2431886.0,0
585896.0,2431886.0,0
587876.0,2431886.0,2
588866.0,2431886.0,2
589856.0,2431886.0,2
594806.0,2431886.0,2
595796.0,2431886.0,2
596786.0,2431886.0,2
597776.0,2431886.0,2
598766.0,2431886.0,0
599756.0,2431886.0,0
600746.0,2431886.0,1
601736.0,2431886.0,1
602726.0,2431886.0,1
603716.0,2431886.0,1
604706.0,2431886.0,1
605696.0,2431886.0,1
606686.0,2431886.0,1
607676.0,2431886.0,1
608666.0,2431886.0,1
609656.0,2431886.0,1
611636.0,2431886.0,0
612626.0,2431886.0,2
613616.0,2431886.0,0
614606.0,2431886.0,2
615596.0,2431886.0,0
618566.0,2431886.0,2
619556.0,2431886.0,2
623516.0,2431886.0,0
625496.0,2431886.0,2
628466.0,2431886.0,0
629456.0,2431886.0,0
632426.0,2431886.0,0
633416.0,2431886.0,1
433436.0,2430896.0,0
434426.0,2430896.0,0
437396.0,2430896.0,2
438386.0,2430896.0,0
439376.0,2430896.0,0
440366.0,2430896.0,0
441356.0,2430896.0,0
442346.0,2430896.0,0
443336.0,2430896.0,0
444326.0,2430896.0,2
445316.0,2430896.0,2
446306.0,2430896.0,2
447296.0,2430896.0,2
448286.0,2430896.0,2
449276.0,2430896.0,0
450266.0,2430896.0,0
459176.0,2430896.0,0
460166.0,2430896.0,1
461156.0,2430896.0,1
462146.0,2430896.0,0
463136.0,2430896.0,0
464126.0,2430896.0,0
466106.0,2430896.0,2
468086.0,2430896.0,2
469076.0,2430896.0,2
470066.0,2430896.0,2
471056.0,2430896.0,3
472046.0,2430896.0,0
473036.0,2430896.0,0
474026.0,2430896.0,0
475016.0,2430896.0,0
476006.0,2430896.0,0
476996.0,2430896.0,0
478976.0,2430896.0,0
479966.0,2430896.0,2
481946.0,2430896.0,2
483926.0,2430896.0,2
485906.0,2430896.0,2
487886.0,2430896.0,0
490856.0,2430896.0,0
491846.0,2430896.0,2
492836.0,2430896.0,2
496796.0,2430896.0,0
497786.0,2430896.0,0
498776.0,2430896.0,0
501746.0,2430896.0,0
504716.0,2430896.0,0
505706.0,2430896.0,0
507686.0,2430896.0,0
508676.0,2430896.0,1
509666.0,2430896.0,1
510656.0,2430896.0,1
511646.0,2430896.0,1
512636.0,2430896.0,1
513626.0,2430896.0,1
514616.0,2430896.0,1
515606.0,2430896.0,1
516596.0,2430896.0,1
517586.0,2430896.0,1
518576.0,2430896.0,1
519566.0,2430896.0,1
520556.0,2430896.0,1
521546.0,2430896.0,1
522536.0,2430896.0,1
523526.0,2430896.0,1
524516.0,2430896.0,1
525506.0,2430896.0,1
526496.0,2430896.0,1
527486.0,2430896.0,1
528476.0,2430896.0,1
529466.0,2430896.0,1
532436.0,2430896.0,1
533426.0,2430896.0,1
534416.0,2430896.0,1
535406.0,2430896.0,1
536396.0,2430896.0,1
537386.0,2430896.0,1
538376.0,2430896.0,1
539366.0,2430896.0,1
540356.0,2430896.0,1
541346.0,2430896.0,1
542336.0,2430896.0,1
543326.0,2430896.0,0
544316.0,2430896.0,0
545306.0,2430896.0,0
546296.0,2430896.0,0
547286.0,2430896.0,0
549266.0,2430896.0,0
551246.0,2430896.0,0
552236.0,2430896.0,0
553226.0,2430896.0,0
554216.0,2430896.0,1
555206.0,2430896.0,1
556196.0,2430896.0,1
557186.0,2430896.0,1
558176.0,2430896.0,0
559166.0,2430896.0,0
560156.0,2430896.0,0
561146.0,2430896.0,0
562136.0,2430896.0,0
563126.0,2430896.0,1
564116.0,2430896.0,1
565106.0,2430896.0,1
568076.0,2430896.0,2
569066.0,2430896.0,2
571046.0,2430896.0,0
573026.0,2430896.0,0
574016.0,2430896.0,0
575006.0,2430896.0,0
575996.0,2430896.0,0
576986.0,2430896.0,2
579956.0,2430896.0,2
580946.0,2430896.0,0
582926.0,2430896.0,3
583916.0,2430896.0,0
585896.0,2430896.0,0
588866.0,2430896.0,2
596786.0,2430896.0,2
598766.0,2430896.0,0
599756.0,2430896.0,0
600746.0,2430896.0,1
601736.0,2430896.0,1
602726.0,2430896.0,1
603716.0,2430896.0,1
604706.0,2430896.0,1
605696.0,2430896.0,0
606686.0,2430896.0,0
607676.0,2430896.0,0
608666.0,2430896.0,0
609656.0,2430896.0,0
610646.0,2430896.0,0
611636.0,2430896.0,0
612626.0,2430896.0,2
615596.0,2430896.0,2
620546.0,2430896.0,0
622526.0,2430896.0,0
623516.0,2430896.0,0
625496.0,2430896.0,0
626486.0,2430896.0,0
627476.0,2430896.0,0
629456.0,2430896.0,0
630446.0,2430896.0,0
631436.0,2430896.0,0
632426.0,2430896.0,0
633416.0,2430896.0,0
634406.0,2430896.0,1
635396.0,2430896.0,1
434426.0,2429906.0,0
435416.0,2429906.0,0
436406.0,2429906.0,0
437396.0,2429906.0,2
438386.0,2429906.0,0
439376.0,2429906.0,0
440366.0,2429906.0,0
441356.0,2429906.0,0
442346.0,2429906.0,0
443336.0,2429906.0,0
444326.0,2429906.0,0
445316.0,2429906.0,2
446306.0,2429906.0,2
447296.0,2429906.0,2
448286.0,2429906.0,2
449276.0,2429906.0,2
451256.0,2429906.0,2
452246.0,2429906.0,2
453236.0,2429906.0,2
454226.0,2429906.0,0
455216.0,2429906.0,0
456206.0,2429906.0,0
458186.0,2429906.0,0
460166.0,2429906.0,1
461156.0,2429906.0,1
462146.0,2429906.0,1
463136.0,2429906.0,0
464126.0,2429906.0,0
466106.0,2429906.0,0
468086.0,2429906.0,2
470066.0,2429906.0,2
471056.0,2429906.0,0
472046.0,2429906.0,0
473036.0,2429906.0,0
474026.0,2429906.0,0
478976.0,2429906.0,3
480956.0,2429906.0,2
481946.0,2429906.0,2
482936.0,2429906.0,2
484916.0,2429906.0,2
491846.0,2429906.0,2
493826.0,2429906.0,2
494816.0,2429906.0,3
496796.0,2429906.0,0
497786.0,2429906.0,0
498776.0,2429906.0,0
499766.0,2429906.0,0
501746.0,2429906.0,0
502736.0,2429906.0,0
505706.0,2429906.0,0
506696.0,2429906.0,0
507686.0,2429906.0,0
509666.0,2429906.0,0
510656.0,2429906.0,0
511646.0,2429906.0,0
512636.0,2429906.0,1
513626.0,2429906.0,1
514616.0,2429906.0,1
515606.0,2429906.0,1
516596.0,2429906.0,1
517586.0,2429906.0,1
519566.0,2429906.0,1
520556.0,2429906.0,1
521546.0,2429906.0,1
522536.0,2429906.0,1
523526.0,2429906.0,1
524516.0,2429906.0,1
525506.0,2429906.0,1
526496.0,2429906.0,1
527486.0,2429906.0,1
528476.0,2429906.0,1
529466.0,2429906.0,1
530456.0,2429906.0,1
531446.0,2429906.0,1
532436.0,2429906.0,0
533426.0,2429906.0,0
534416.0,2429906.0,0
535406.0,2429906.0,1
536396.0,2429906.0,0
537386.0,2429906.0,1
538376.0,2429906.0,0
540356.0,2429906.0,0
542336.0,2429906.0,0
543326.0,2429906.0,0
544316.0,2429906.0,0
545306.0,2429906.0,0
546296.0,2429906.0,0
548276.0,2429906.0,0
549266.0,2429906.0,0
550256.0,2429906.0,0
552236.0,2429906.0,0
553226.0,2429906.0,0
554216.0,2429906.0,1
555206.0,2429906.0,1
556196.0,2429906.0,1
557186.0,2429906.0,1
558176.0,2429906.0,1
559166.0,2429906.0,0
560156.0,2429906.0,0
561146.0,2429906.0,0
562136.0,2429906.0,1
563126.0,2429906.0,1
564116.0,2429906.0,1
565106.0,2429906.0,0
567086.0,2429906.0,0
568076.0,2429906.0,2
569066.0,2429906.0,2
570056.0,2429906.0,2
571046.0,2429906.0,3
572036.0,2429906.0,0
573026.0,2429906.0,0
575006.0,2429906.0,0
576986.0,2429906.0,0
579956.0,2429906.0,2
580946.0,2429906.0,2
594806.0,2429906.0,2
595796.0,2429906.0,2
598766.0,2429906.0,0
599756.0,2429906.0,0
600746.0,2429906.0,1
601736.0,2429906.0,1
602726.0,2429906.0,1
603716.0,2429906.0,1
604706.0,2429906.0,1
605696.0,2429906.0,0
606686.0,2429906.0,0
607676.0,2429906.0,0
608666.0,2429906.0,0
609656.0,2429906.0,0
612626.0,2429906.0,2
616586.0,2429906.0,2
617576.0,2429906.0,2
618566.0,2429906.0,2
622526.0,2429906.0,0
625496.0,2429906.0,0
626486.0,2429906.0,0
627476.0,2429906.0,0
628466.0,2429906.0,1
629456.0,2429906.0,0
630446.0,2429906.0,0
631436.0,2429906.0,0
632426.0,2429906.0,0
633416.0,2429906.0,0
634406.0,2429906.0,0
635396.0,2429906.0,0
437396.0,2428916.0,0
438386.0,2428916.0,0
439376.0,2428916.0,0
440366.0,2428916.0,0
441356.0,2428916.0,0
442346.0,2428916.0,0
443336.0,2428916.0,0
445316.0,2428916.0,0
446306.0,2428916.0,0
447296.0,2428916.0,2
448286.0,2428916.0,2
451256.0,2428916.0,2
452246.0,2428916.0,2
453236.0,2428916.0,0
454226.0,2428916.0,2
456206.0,2428916.0,0
457196.0,2428916.0,0
458186.0,2428916.0,0
459176.0,2428916.0,0
460166.0,2428916.0,1
461156.0,2428916.0,1
462146.0,2428916.0,1
463136.0,2428916.0,1
464126.0,2428916.0,0
465116.0,2428916.0,0
468086.0,2428916.0,2
469076.0,2428916.0,2
470066.0,2428916.0,2
471056.0,2428916.0,2
472046.0,2428916.0,0
473036.0,2428916.0,0
474026.0,2428916.0,0
475016.0,2428916.0,2
476006.0,2428916.0,2
477986.0,2428916.0,0
478976.0,2428916.0,0
479966.0,2428916.0,0
480956.0,2428916.0,0
481946.0,2428916.0,2
482936.0,2428916.0,2
483926.0,2428916.0,2
484916.0,2428916.0,0
485906.0,2428916.0,2
486896.0,2428916.0,2
489866.0,2428916.0,2
493826.0,2428916.0,0
494816.0,2428916.0,0
495806.0,2428916.0,2
496796.0,2428916.0,2
497786.0,2428916.0,2
498776.0,2428916.0,0
499766.0,2428916.0,0
501746.0,2428916.0,0
502736.0,2428916.0,0
503726.0,2428916.0,0
504716.0,2428916.0,0
505706.0,2428916.0,0
509666.0,2428916.0,0
510656.0,2428916.0,0
511646.0,2428916.0,0
513626.0,2428916.0,1
514616.0,2428916.0,1
515606.0,2428916.0,1
516596.0,2428916.0,1
517586.0,2428916.0,1
518576.0,2428916.0,1
519566.0,2428916.0,1
520556.0,2428916.0,1
521546.0,2428916.0,1
522536.0,2428916.0,1
523526.0,2428916.0,1
524516.0,2428916.0,1
525506.0,2428916.0,1
526496.0,2428916.0,1
527486.0,2428916.0,1
528476.0,2428916.0,1
529466.0,2428916.0,1
530456.0,2428916.0,1
531446.0,2428916.0,1
533426.0,2428916.0,0
535406.0,2428916.0,0
537386.0,2428916.0,0
539366.0,2428916.0,0
548276.0,2428916.0,0
549266.0,2428916.0,0
550256.0,2428916.0,0
551246.0,2428916.0,0
552236.0,2428916.0,0
553226.0,2428916.0,1
554216.0,2428916.0,1
555206.0,2428916.0,1
556196.0,2428916.0,1
557186.0,2428916.0,1
558176.0,2428916.0,1
559166.0,2428916.0,0
560156.0,2428916.0,0
561146.0,2428916.0,0
562136.0,2428916.0,1
563126.0,2428916.0,1
564116.0,2428916.0,0
567086.0,2428916.0,0
569066.0,2428916.0,2
573026.0,2428916.0,0
574016.0,2428916.0,3
575006.0,2428916.0,0
581936.0,2428916.0,0
584906.0,2428916.0,0
588866.0,2428916.0,2
593816.0,2428916.0,2
596786.0,2428916.0,2
597776.0,2428916.0,0
598766.0,2428916.0,0
599756.0,2428916.0,0
600746.0,2428916.0,0
601736.0,2428916.0,0
602726.0,2428916.0,0
603716.0,2428916.0,1
604706.0,2428916.0,0
605696.0,2428916.0,0
606686.0,2428916.0,0
607676.0,2428916.0,0
609656.0,2428916.0,0
618566.0,2428916.0,2
620546.0,2428916.0,0
621536.0,2428916.0,0
622526.0,2428916.0,0
623516.0,2428916.0,0
624506.0,2428916.0,0
626486.0,2428916.0,0
628466.0,2428916.0,0
629456.0,2428916.0,0
630446.0,2428916.0,0
631436.0,2428916.0,0
632426.0,2428916.0,0
633416.0,2428916.0,0
634406.0,2428916.0,0
636386.0,2428916.0,0
436406.0,2427926.0,0
437396.0,2427926.0,0
438386.0,2427926.0,0
439376.0,2427926.0,0
440366.0,2427926.0,0
441356.0,2427926.0,0
442346.0,2427926.0,0
443336.0,2427926.0,0
444326.0,2427926.0,0
445316.0,2427926.0,0
446306.0,2427926.0,0
447296.0,2427926.0,0
448286.0,2427926.0,0
449276.0,2427926.0,0
450266.0,2427926.0,0
453236.0,2427926.0,3
454226.0,2427926.0,2
456206.0,2427926.0,0
457196.0,2427926.0,0
458186.0,2427926.0,0
459176.0,2427926.0,1
460166.0,2427926.0,1
461156.0,2427926.0,1
462146.0,2427926.0,1
463136.0,2427926.0,0
464126.0,2427926.0,0
465116.0,2427926.0,0
466106.0,2427926.0,2
467096.0,2427926.0,2
468086.0,2427926.0,2
469076.0,2427926.0,2
470066.0,2427926.0,2
471056.0,2427926.0,2
472046.0,2427926.0,0
473036.0,2427926.0,0
474026.0,2427926.0,0
475016.0,2427926.0,2
476006.0,2427926.0,2
476996.0,2427926.0,2
477986.0,2427926.0,2
478976.0,2427926.0,0
479966.0,2427926.0,0
480956.0,2427926.0,0
481946.0,2427926.0,2
482936.0,2427926.0,2
483926.0,2427926.0,2
484916.0,2427926.0,2
485906.0,2427926.0,0
486896.0,2427926.0,2
487886.0,2427926.0,2
488876.0,2427926.0,2
491846.0,2427926.0,2
492836.0,2427926.0,2
494816.0,2427926.0,0
495806.0,2427926.0,2
496796.0,2427926.0,2
498776.0,2427926.0,2
500756.0,2427926.0,0
502736.0,2427926.0,0
503726.0,2427926.0,0
504716.0,2427926.0,0
505706.0,2427926.0,0
506696.0,2427926.0,0
507686.0,2427926.0,0
508676.0,2427926.0,2
509666.0,2427926.0,2
510656.0,2427926.0,0
511646.0,2427926.0,0
512636.0,2427926.0,1
513626.0,2427926.0,1
514616.0,2427926.0,1
515606.0,2427926.0,1
516596.0,2427926.0,1
517586.0,2427926.0,1
518576.0,2427926.0,1
519566.0,2427926.0,1
520556.0,2427926.0,1
521546.0,2427926.0,1
522536.0,2427926.0,1
523526.0,2427926.0,1
524516.0,2427926.0,1
525506.0,2427926.0,1
526496.0,2427926.0,1
527486.0,2427926.0,1
528476.0,2427926.0,1
529466.0,2427926.0,1
530456.0,2427926.0,1
531446.0,2427926.0,1
532436.0,2427926.0,0
535406.0,2427926.0,0
536396.0,2427926.0,0
538376.0,2427926.0,0
539366.0,2427926.0,0
540356.0,2427926.0,0
541346.0,2427926.0,0
543326.0,2427926.0,2
548276.0,2427926.0,0
549266.0,2427926.0,1
550256.0,2427926.0,1
551246.0,2427926.0,1
552236.0,2427926.0,1
553226.0,2427926.0,1
554216.0,2427926.0,1
555206.0,2427926.0,1
556196.0,2427926.0,1
557186.0,2427926.0,0
558176.0,2427926.0,0
559166.0,2427926.0,0
560156.0,2427926.0,0
561146.0,2427926.0,0
562136.0,2427926.0,1
563126.0,2427926.0,1
565106.0,2427926.0,0
566096.0,2427926.0,0
567086.0,2427926.0,0
570056.0,2427926.0,2
571046.0,2427926.0,2
572036.0,2427926.0,0
573026.0,2427926.0,3
574016.0,2427926.0,0
575006.0,2427926.0,0
576986.0,2427926.0,0
578966.0,2427926.0,0
586886.0,2427926.0,2
591836.0,2427926.0,2
593816.0,2427926.0,2
594806.0,2427926.0,2
596786.0,2427926.0,2
597776.0,2427926.0,2
599756.0,2427926.0,0
600746.0,2427926.0,0
601736.0,2427926.0,0
602726.0,2427926.0,0
603716.0,2427926.0,0
604706.0,2427926.0,0
607676.0,2427926.0,2
608666.0,2427926.0,2
616586.0,2427926.0,2
618566.0,2427926.0,2
620546.0,2427926.0,0
621536.0,2427926.0,0
622526.0,2427926.0,0
623516.0,2427926.0,0
624506.0,2427926.0,0
626486.0,2427926.0,0
627476.0,2427926.0,0
628466.0,2427926.0,0
629456.0,2427926.0,0
630446.0,2427926.0,0
633416.0,2427926.0,2
634406.0,2427926.0,0
635396.0,2427926.0,0
636386.0,2427926.0,0
637376.0,2427926.0,0
436406.0,2426936.0,0
437396.0,2426936.0,0
440366.0,2426936.0,0
441356.0,2426936.0,0
442346.0,2426936.0,0
443336.0,2426936.0,0
444326.0,2426936.0,0
446306.0,2426936.0,0
448286.0,2426936.0,0
449276.0,2426936.0,0
450266.0,2426936.0,0
451256.0,2426936.0,2
452246.0,2426936.0,0
453236.0,2426936.0,0
454226.0,2426936.0,2
456206.0,2426936.0,0
457196.0,2426936.0,0
458186.0,2426936.0,0
459176.0,2426936.0,0
460166.0,2426936.0,0
461156.0,2426936.0,1
462146.0,2426936.0,1
463136.0,2426936.0,0
464126.0,2426936.0,0
466106.0,2426936.0,2
467096.0,2426936.0,2
468086.0,2426936.0,2
469076.0,2426936.0,2
470066.0,2426936.0,2
471056.0,2426936.0,2
472046.0,2426936.0,0
474026.0,2426936.0,3
475016.0,2426936.0,2
477986.0,2426936.0,0
478976.0,2426936.0,0
479966.0,2426936.0,0
481946.0,2426936.0,2
482936.0,2426936.0,2
483926.0,2426936.0,2
487886.0,2426936.0,2
488876.0,2426936.0,2
492836.0,2426936.0,2
493826.0,2426936.0,0
494816.0,2426936.0,0
495806.0,2426936.0,0
496796.0,2426936.0,2
497786.0,2426936.0,0
499766.0,2426936.0,0
501746.0,2426936.0,0
502736.0,2426936.0,0
503726.0,2426936.0,0
504716.0,2426936.0,0
505706.0,2426936.0,0
506696.0,2426936.0,0
507686.0,2426936.0,0
508676.0,2426936.0,0
510656.0,2426936.0,0
511646.0,2426936.0,0
512636.0,2426936.0,1
513626.0,2426936.0,1
514616.0,2426936.0,1
515606.0,2426936.0,1
516596.0,2426936.0,1
517586.0,2426936.0,1
518576.0,2426936.0,0
519566.0,2426936.0,0
520556.0,2426936.0,0
521546.0,2426936.0,1
522536.0,2426936.0,1
523526.0,2426936.0,1
524516.0,2426936.0,1
525506.0,2426936.0,1
526496.0,2426936.0,4
527486.0,2426936.0,0
528476.0,2426936.0,1
529466.0,2426936.0,1
530456.0,2426936.0,1
532436.0,2426936.0,0
535406.0,2426936.0,0
536396.0,2426936.0,0
537386.0,2426936.0,0
539366.0,2426936.0,0
540356.0,2426936.0,0
541346.0,2426936.0,2
543326.0,2426936.0,2
544316.0,2426936.0,2
545306.0,2426936.0,2
547286.0,2426936.0,0
548276.0,2426936.0,1
549266.0,2426936.0,1
550256.0,2426936.0,1
551246.0,2426936.0,1
552236.0,2426936.0,1
553226.0,2426936.0,1
554216.0,2426936.0,1
555206.0,2426936.0,0
556196.0,2426936.0,0
561146.0,2426936.0,0
562136.0,2426936.0,0
563126.0,2426936.0,0
564116.0,2426936.0,0
566096.0,2426936.0,2
567086.0,2426936.0,2
568076.0,2426936.0,2
572036.0,2426936.0,2
573026.0,2426936.0,2
574016.0,2426936.0,2
575006.0,2426936.0,0
575996.0,2426936.0,0
576986.0,2426936.0,0
578966.0,2426936.0,0
591836.0,2426936.0,2
592826.0,2426936.0,2
593816.0,2426936.0,2
596786.0,2426936.0,2
597776.0,2426936.0,2
598766.0,2426936.0,2
599756.0,2426936.0,0
601736.0,2426936.0,0
602726.0,2426936.0,0
603716.0,2426936.0,0
604706.0,2426936.0,0
605696.0,2426936.0,0
607676.0,2426936.0,2
609656.0,2426936.0,2
617576.0,2426936.0,0
618566.0,2426936.0,0
622526.0,2426936.0,0
623516.0,2426936.0,0
624506.0,2426936.0,0
625496.0,2426936.0,0
626486.0,2426936.0,0
627476.0,2426936.0,0
628466.0,2426936.0,0
629456.0,2426936.0,0
630446.0,2426936.0,0
631436.0,2426936.0,0
632426.0,2426936.0,0
633416.0,2426936.0,2
635396.0,2426936.0,0
636386.0,2426936.0,0
637376.0,2426936.0,0
435416.0,2425946.0,0
437396.0,2425946.0,0
439376.0,2425946.0,0
440366.0,2425946.0,0
441356.0,2425946.0,0
442346.0,2425946.0,0
443336.0,2425946.0,0
444326.0,2425946.0,0
445316.0,2425946.0,2
446306.0,2425946.0,0
447296.0,2425946.0,0
448286.0,2425946.0,0
449276.0,2425946.0,0
450266.0,2425946.0,0
452246.0,2425946.0,2
454226.0,2425946.0,0
456206.0,2425946.0,0
457196.0,2425946.0,0
458186.0,2425946.0,0
459176.0,2425946.0,0
460166.0,2425946.0,0
461156.0,2425946.0,0
462146.0,2425946.0,0
463136.0,2425946.0,0
464126.0,2425946.0,0
467096.0,2425946.0,2
468086.0,2425946.0,2
469076.0,2425946.0,2
470066.0,2425946.0,2
471056.0,2425946.0,2
473036.0,2425946.0,2
474026.0,2425946.0,0
475016.0,2425946.0,2
476006.0,2425946.0,2
476996.0,2425946.0,0
477986.0,2425946.0,0
478976.0,2425946.0,0
483926.0,2425946.0,2
486896.0,2425946.0,2
487886.0,2425946.0,2
490856.0,2425946.0,2
493826.0,2425946.0,0
494816.0,2425946.0,3
495806.0,2425946.0,0
496796.0,2425946.0,3
497786.0,2425946.0,0
498776.0,2425946.0,3
499766.0,2425946.0,0
500756.0,2425946.0,0
502736.0,2425946.0,0
503726.0,2425946.0,0
504716.0,2425946.0,0
505706.0,2425946.0,1
506696.0,2425946.0,0
507686.0,2425946.0,0
508676.0,2425946.0,0
509666.0,2425946.0,0
510656.0,2425946.0,0
511646.0,2425946.0,1
512636.0,2425946.0,1
513626.0,2425946.0,1
514616.0,2425946.0,1
516596.0,2425946.0,0
517586.0,2425946.0,0
518576.0,2425946.0,0
519566.0,2425946.0,0
520556.0,2425946.0,0
521546.0,2425946.0,1
522536.0,2425946.0,1
523526.0,2425946.0,1
524516.0,2425946.0,1
527486.0,2425946.0,0
528476.0,2425946.0,0
530456.0,2425946.0,1
532436.0,2425946.0,0
534416.0,2425946.0,0
535406.0,2425946.0,0
537386.0,2425946.0,0
538376.0,2425946.0,0
543326.0,2425946.0,0
544316.0,2425946.0,2
546296.0,2425946.0,0
547286.0,2425946.0,4
548276.0,2425946.0,1
549266.0,2425946.0,1
550256.0,2425946.0,1
551246.0,2425946.0,1
552236.0,2425946.0,1
553226.0,2425946.0,1
554216.0,2425946.0,0
555206.0,2425946.0,0
556196.0,2425946.0,0
557186.0,2425946.0,0
558176.0,2425946.0,0
559166.0,2425946.0,0
560156.0,2425946.0,0
562136.0,2425946.0,2
563126.0,2425946.0,2
564116.0,2425946.0,2
565106.0,2425946.0,2
566096.0,2425946.0,2
567086.0,2425946.0,2
568076.0,2425946.0,2
570056.0,2425946.0,2
573026.0,2425946.0,2
574016.0,2425946.0,0
575006.0,2425946.0,0
575996.0,2425946.0,0
576986.0,2425946.0,0
586886.0,2425946.0,2
592826.0,2425946.0,2
596786.0,2425946.0,2
599756.0,2425946.0,2
600746.0,2425946.0,0
601736.0,2425946.0,0
602726.0,2425946.0,0
603716.0,2425946.0,0
605696.0,2425946.0,0
607676.0,2425946.0,2
615596.0,2425946.0,0
617576.0,2425946.0,0
618566.0,2425946.0,0
620546.0,2425946.0,0
621536.0,2425946.0,0
622526.0,2425946.0,0
623516.0,2425946.0,0
624506.0,2425946.0,0
625496.0,2425946.0,0
626486.0,2425946.0,0
627476.0,2425946.0,0
628466.0,2425946.0,0
629456.0,2425946.0,0
631436.0,2425946.0,0
632426.0,2425946.0,0
633416.0,2425946.0,0
634406.0,2425946.0,0
635396.0,2425946.0,0
636386.0,2425946.0,0
637376.0,2425946.0,0
436406.0,2424956.0,0
437396.0,2424956.0,0
439376.0,2424956.0,0
440366.0,2424956.0,0
441356.0,2424956.0,0
442346.0,2424956.0,0
443336.0,2424956.0,0
444326.0,2424956.0,0
445316.0,2424956.0,0
446306.0,2424956.0,0
447296.0,2424956.0,0
448286.0,2424956.0,0
450266.0,2424956.0,0
451256.0,2424956.0,0
453236.0,2424956.0,2
460166.0,2424956.0,0
462146.0,2424956.0,0
463136.0,2424956.0,0
464126.0,2424956.0,0
465116.0,2424956.0,2
466106.0,2424956.0,2
467096.0,2424956.0,2
468086.0,2424956.0,2
469076.0,2424956.0,2
471056.0,2424956.0,2
472046.0,2424956.0,2
474026.0,2424956.0,2
475016.0,2424956.0,2
476006.0,2424956.0,2
476996.0,2424956.0,2
477986.0,2424956.0,0
478976.0,2424956.0,0
479966.0,2424956.0,0
480956.0,2424956.0,2
481946.0,2424956.0,2
482936.0,2424956.0,2
487886.0,2424956.0,2
490856.0,2424956.0,2
491846.0,2424956.0,2
494816.0,2424956.0,0
495806.0,2424956.0,0
497786.0,2424956.0,2
498776.0,2424956.0,2
499766.0,2424956.0,0
500756.0,2424956.0,2
501746.0,2424956.0,2
503726.0,2424956.0,0
504716.0,2424956.0,0
505706.0,2424956.0,0
506696.0,2424956.0,0
507686.0,2424956.0,0
508676.0,2424956.0,0
509666.0,2424956.0,0
510656.0,2424956.0,0
511646.0,2424956.0,1
512636.0,2424956.0,1
513626.0,2424956.0,1
514616.0,2424956.0,1
515606.0,2424956.0,0
516596.0,2424956.0,0
517586.0,2424956.0,0
518576.0,2424956.0,0
519566.0,2424956.0,0
520556.0,2424956.0,0
521546.0,2424956.0,1
522536.0,2424956.0,1
523526.0,2424956.0,1
524516.0,2424956.0,0
525506.0,2424956.0,0
527486.0,2424956.0,0
528476.0,2424956.0,0
529466.0,2424956.0,0
530456.0,2424956.0,1
534416.0,2424956.0,0
535406.0,2424956.0,0
536396.0,2424956.0,0
537386.0,2424956.0,0
538376.0,2424956.0,0
543326.0,2424956.0,0
544316.0,2424956.0,0
545306.0,2424956.0,0
546296.0,2424956.0,0
547286.0,2424956.0,1
548276.0,2424956.0,1
549266.0,2424956.0,1
550256.0,2424956.0,1
551246.0,2424956.0,1
552236.0,2424956.0,1
553226.0,2424956.0,1
554216.0,2424956.0,0
555206.0,2424956.0,0
556196.0,2424956.0,0
557186.0,2424956.0,0
558176.0,2424956.0,0
559166.0,2424956.0,0
560156.0,2424956.0,0
561146.0,2424956.0,0
562136.0,2424956.0,2
563126.0,2424956.0,2
564116.0,2424956.0,2
565106.0,2424956.0,2
566096.0,2424956.0,2
567086.0,2424956.0,2
569066.0,2424956.0,0
570056.0,2424956.0,2
572036.0,2424956.0,0
573026.0,2424956.0,2
574016.0,2424956.0,0
575006.0,2424956.0,0
578966.0,2424956.0,0
581936.0,2424956.0,0
582926.0,2424956.0,0
584906.0,2424956.0,2
588866.0,2424956.0,2
590846.0,2424956.0,2
595796.0,2424956.0,2
597776.0,2424956.0,2
599756.0,2424956.0,2
601736.0,2424956.0,0
602726.0,2424956.0,2
603716.0,2424956.0,0
604706.0,2424956.0,2
606686.0,2424956.0,2
614606.0,2424956.0,0
615596.0,2424956.0,0
616586.0,2424956.0,0
619556.0,2424956.0,0
621536.0,2424956.0,0
622526.0,2424956.0,0
623516.0,2424956.0,0
624506.0,2424956.0,0
626486.0,2424956.0,0
627476.0,2424956.0,0
628466.0,2424956.0,0
629456.0,2424956.0,0
630446.0,2424956.0,0
631436.0,2424956.0,0
632426.0,2424956.0,0
633416.0,2424956.0,0
634406.0,2424956.0,0
635396.0,2424956.0,1
636386.0,2424956.0,1
637376.0,2424956.0,1
438386.0,2423966.0,0
439376.0,2423966.0,0
440366.0,2423966.0,0
441356.0,2423966.0,0
442346.0,2423966.0,0
443336.0,2423966.0,2
444326.0,2423966.0,0
445316.0,2423966.0,0
446306.0,2423966.0,0
447296.0,2423966.0,0
448286.0,2423966.0,0
449276.0,2423966.0,0
450266.0,2423966.0,3
451256.0,2423966.0,0
456206.0,2423966.0,2
459176.0,2423966.0,2
461156.0,2423966.0,2
462146.0,2423966.0,2
464126.0,2423966.0,2
465116.0,2423966.0,2
466106.0,2423966.0,2
467096.0,2423966.0,2
469076.0,2423966.0,2
471056.0,2423966.0,2
472046.0,2423966.0,2
473036.0,2423966.0,2
474026.0,2423966.0,0
475016.0,2423966.0,0
477986.0,2423966.0,2
478976.0,2423966.0,0
488876.0,2423966.0,2
490856.0,2423966.0,2
494816.0,2423966.0,2
495806.0,2423966.0,2
496796.0,2423966.0,2
497786.0,2423966.0,2
498776.0,2423966.0,2
500756.0,2423966.0,2
501746.0,2423966.0,0
502736.0,2423966.0,2
503726.0,2423966.0,2
504716.0,2423966.0,2
505706.0,2423966.0,0
506696.0,2423966.0,0
507686.0,2423966.0,0
508676.0,2423966.0,0
509666.0,2423966.0,0
510656.0,2423966.0,0
511646.0,2423966.0,1
512636.0,2423966.0,1
513626.0,2423966.0,1
514616.0,2423966.0,0
515606.0,2423966.0,0
516596.0,2423966.0,0
517586.0,2423966.0,0
520556.0,2423966.0,0
521546.0,2423966.0,0
522536.0,2423966.0,1
523526.0,2423966.0,0
524516.0,2423966.0,0
525506.0,2423966.0,0
526496.0,2423966.0,0
527486.0,2423966.0,0
528476.0,2423966.0,0
529466.0,2423966.0,1
530456.0,2423966.0,1
532436.0,2423966.0,0
533426.0,2423966.0,0
534416.0,2423966.0,0
536396.0,2423966.0,0
537386.0,2423966.0,0
538376.0,2423966.0,0
540356.0,2423966.0,0
541346.0,2423966.0,1
542336.0,2423966.0,0
543326.0,2423966.0,0
544316.0,2423966.0,0
545306.0,2423966.0,0
546296.0,2423966.0,0
547286.0,2423966.0,1
548276.0,2423966.0,1
549266.0,2423966.0,1
550256.0,2423966.0,1
551246.0,2423966.0,1
552236.0,2423966.0,1
553226.0,2423966.0,1
554216.0,2423966.0,0
555206.0,2423966.0,0
556196.0,2423966.0,0
557186.0,2423966.0,0
558176.0,2423966.0,0
559166.0,2423966.0,0
560156.0,2423966.0,0
561146.0,2423966.0,0
562136.0,2423966.0,2
563126.0,2423966.0,2
564116.0,2423966.0,0
567086.0,2423966.0,0
568076.0,2423966.0,0
569066.0,2423966.0,0
570056.0,2423966.0,0
571046.0,2423966.0,2
572036.0,2423966.0,0
573026.0,2423966.0,3
574016.0,2423966.0,0
578966.0,2423966.0,0
581936.0,2423966.0,0
583916.0,2423966.0,0
584906.0,2423966.0,2
585896.0,2423966.0,2
589856.0,2423966.0,2
592826.0,2423966.0,2
598766.0,2423966.0,2
603716.0,2423966.0,2
612626.0,2423966.0,0
613616.0,2423966.0,0
614606.0,2423966.0,0
616586.0,2423966.0,0
617576.0,2423966.0,0
619556.0,2423966.0,0
620546.0,2423966.0,2
621536.0,2423966.0,0
622526.0,2423966.0,0
623516.0,2423966.0,0
624506.0,2423966.0,0
625496.0,2423966.0,0
626486.0,2423966.0,0
628466.0,2423966.0,0
629456.0,2423966.0,0
630446.0,2423966.0,0
631436.0,2423966.0,1
632426.0,2423966.0,0
633416.0,2423966.0,1
634406.0,2423966.0,1
635396.0,2423966.0,1
636386.0,2423966.0,1
637376.0,2423966.0,1
638366.0,2423966.0,1
426506.0,2422976.0,0
427496.0,2422976.0,0
438386.0,2422976.0,0
439376.0,2422976.0,0
440366.0,2422976.0,0
441356.0,2422976.0,0
442346.0,2422976.0,2
443336.0,2422976.0,2
444326.0,2422976.0,0
445316.0,2422976.0,0
446306.0,2422976.0,0
447296.0,2422976.0,0
448286.0,2422976.0,0
449276.0,2422976.0,0
451256.0,2422976.0,0
460166.0,2422976.0,2
462146.0,2422976.0,2
463136.0,2422976.0,2
467096.0,2422976.0,2
471056.0,2422976.0,2
472046.0,2422976.0,2
473036.0,2422976.0,0
474026.0,2422976.0,0
475016.0,2422976.0,0
476006.0,2422976.0,0
476996.0,2422976.0,0
479966.0,2422976.0,2
488876.0,2422976.0,2
489866.0,2422976.0,2
491846.0,2422976.0,2
492836.0,2422976.0,2
494816.0,2422976.0,2
495806.0,2422976.0,0
496796.0,2422976.0,2
497786.0,2422976.0,2
498776.0,2422976.0,2
499766.0,2422976.0,2
501746.0,2422976.0,0
502736.0,2422976.0,0
503726.0,2422976.0,0
505706.0,2422976.0,0
509666.0,2422976.0,0
510656.0,2422976.0,0
511646.0,2422976.0,1
512636.0,2422976.0,1
513626.0,2422976.0,1
514616.0,2422976.0,0
515606.0,2422976.0,0
516596.0,2422976.0,0
517586.0,2422976.0,2
520556.0,2422976.0,0
521546.0,2422976.0,0
522536.0,2422976.0,0
523526.0,2422976.0,0
524516.0,2422976.0,0
525506.0,2422976.0,0
527486.0,2422976.0,0
528476.0,2422976.0,0
529466.0,2422976.0,1
530456.0,2422976.0,1
531446.0,2422976.0,1
533426.0,2422976.0,0
534416.0,2422976.0,0
535406.0,2422976.0,1
536396.0,2422976.0,1
537386.0,2422976.0,0
538376.0,2422976.0,0
539366.0,2422976.0,0
540356.0,2422976.0,0
541346.0,2422976.0,1
542336.0,2422976.0,1
543326.0,2422976.0,1
544316.0,2422976.0,0
545306.0,2422976.0,0
546296.0,2422976.0,0
547286.0,2422976.0,1
548276.0,2422976.0,1
549266.0,2422976.0,1
550256.0,2422976.0,1
551246.0,2422976.0,1
552236.0,2422976.0,1
553226.0,2422976.0,1
554216.0,2422976.0,1
555206.0,2422976.0,1
556196.0,2422976.0,1
557186.0,2422976.0,1
558176.0,2422976.0,1
559166.0,2422976.0,1
561146.0,2422976.0,0
563126.0,2422976.0,0
564116.0,2422976.0,0
565106.0,2422976.0,0
566096.0,2422976.0,0
567086.0,2422976.0,0
568076.0,2422976.0,0
570056.0,2422976.0,0
571046.0,2422976.0,0
581936.0,2422976.0,0
582926.0,2422976.0,0
583916.0,2422976.0,0
598766.0,2422976.0,2
601736.0,2422976.0,2
614606.0,2422976.0,0
618566.0,2422976.0,0
619556.0,2422976.0,0
620546.0,2422976.0,0
621536.0,2422976.0,0
623516.0,2422976.0,0
624506.0,2422976.0,2
625496.0,2422976.0,0
626486.0,2422976.0,0
627476.0,2422976.0,0
629456.0,2422976.0,0
631436.0,2422976.0,1
632426.0,2422976.0,1
633416.0,2422976.0,1
634406.0,2422976.0,1
635396.0,2422976.0,1
636386.0,2422976.0,1
637376.0,2422976.0,1
638366.0,2422976.0,1
425516.0,2421986.0,0
426506.0,2421986.0,0
437396.0,2421986.0,0
438386.0,2421986.0,0
439376.0,2421986.0,0
440366.0,2421986.0,0
443336.0,2421986.0,2
444326.0,2421986.0,0
445316.0,2421986.0,0
446306.0,2421986.0,0
447296.0,2421986.0,0
448286.0,2421986.0,0
452246.0,2421986.0,2
453236.0,2421986.0,2
454226.0,2421986.0,2
456206.0,2421986.0,2
458186.0,2421986.0,2
459176.0,2421986.0,2
460166.0,2421986.0,2
461156.0,2421986.0,2
462146.0,2421986.0,2
465116.0,2421986.0,2
466106.0,2421986.0,2
467096.0,2421986.0,2
468086.0,2421986.0,2
469076.0,2421986.0,2
472046.0,2421986.0,0
473036.0,2421986.0,0
474026.0,2421986.0,0
475016.0,2421986.0,0
489866.0,2421986.0,2
490856.0,2421986.0,2
491846.0,2421986.0,2
492836.0,2421986.0,2
494816.0,2421986.0,0
495806.0,2421986.0,0
499766.0,2421986.0,2
501746.0,2421986.0,0
502736.0,2421986.0,0
503726.0,2421986.0,0
504716.0,2421986.0,0
505706.0,2421986.0,0
506696.0,2421986.0,0
507686.0,2421986.0,0
509666.0,2421986.0,0
510656.0,2421986.0,0
511646.0,2421986.0,0
512636.0,2421986.0,0
513626.0,2421986.0,0
514616.0,2421986.0,0
515606.0,2421986.0,0
520556.0,2421986.0,0
522536.0,2421986.0,0
525506.0,2421986.0,2
526496.0,2421986.0,0
527486.0,2421986.0,0
528476.0,2421986.0,0
529466.0,2421986.0,1
530456.0,2421986.0,1
531446.0,2421986.0,1
532436.0,2421986.0,1
534416.0,2421986.0,0
535406.0,2421986.0,1
536396.0,2421986.0,1
537386.0,2421986.0,1
538376.0,2421986.0,0
539366.0,2421986.0,0
540356.0,2421986.0,0
541346.0,2421986.0,1
542336.0,2421986.0,1
543326.0,2421986.0,1
544316.0,2421986.0,0
545306.0,2421986.0,0
546296.0,2421986.0,0
547286.0,2421986.0,1
548276.0,2421986.0,1
549266.0,2421986.0,1
550256.0,2421986.0,1
551246.0,2421986.0,1
552236.0,2421986.0,1
553226.0,2421986.0,1
554216.0,2421986.0,1
555206.0,2421986.0,1
556196.0,2421986.0,1
557186.0,2421986.0,0
558176.0,2421986.0,1
559166.0,2421986.0,1
560156.0,2421986.0,1
561146.0,2421986.0,0
562136.0,2421986.0,0
563126.0,2421986.0,0
564116.0,2421986.0,0
565106.0,2421986.0,1
566096.0,2421986.0,1
567086.0,2421986.0,0
568076.0,2421986.0,0
569066.0,2421986.0,0
570056.0,2421986.0,0
571046.0,2421986.0,0
572036.0,2421986.0,2
573026.0,2421986.0,0
574016.0,2421986.0,0
578966.0,2421986.0,0
579956.0,2421986.0,2
581936.0,2421986.0,0
584906.0,2421986.0,0
586886.0,2421986.0,2
587876.0,2421986.0,2
601736.0,2421986.0,2
602726.0,2421986.0,2
619556.0,2421986.0,0
620546.0,2421986.0,3
621536.0,2421986.0,0
622526.0,2421986.0,3
623516.0,2421986.0,2
624506.0,2421986.0,2
625496.0,2421986.0,2
626486.0,2421986.0,2
629456.0,2421986.0,0
632426.0,2421986.0,0
633416.0,2421986.0,0
634406.0,2421986.0,0
635396.0,2421986.0,0
636386.0,2421986.0,0
637376.0,2421986.0,0
408686.0,2420996.0,0
409676.0,2420996.0,0
413636.0,2420996.0,3
416606.0,2420996.0,0
417596.0,2420996.0,0
425516.0,2420996.0,0
426506.0,2420996.0,0
427496.0,2420996.0,0
428486.0,2420996.0,0
438386.0,2420996.0,0
439376.0,2420996.0,0
440366.0,2420996.0,0
441356.0,2420996.0,0
443336.0,2420996.0,0
445316.0,2420996.0,0
446306.0,2420996.0,0
447296.0,2420996.0,0
448286.0,2420996.0,0
452246.0,2420996.0,0
453236.0,2420996.0,2
454226.0,2420996.0,2
456206.0,2420996.0,2
457196.0,2420996.0,2
459176.0,2420996.0,2
461156.0,2420996.0,2
462146.0,2420996.0,2
470066.0,2420996.0,2
473036.0,2420996.0,0
474026.0,2420996.0,0
480956.0,2420996.0,2
482936.0,2420996.0,2
484916.0,2420996.0,2
486896.0,2420996.0,0
488876.0,2420996.0,2
490856.0,2420996.0,2
491846.0,2420996.0,2
494816.0,2420996.0,3
495806.0,2420996.0,3
496796.0,2420996.0,0
497786.0,2420996.0,0
498776.0,2420996.0,0
499766.0,2420996.0,0
500756.0,2420996.0,2
501746.0,2420996.0,0
502736.0,2420996.0,0
503726.0,2420996.0,0
504716.0,2420996.0,0
505706.0,2420996.0,0
506696.0,2420996.0,0
507686.0,2420996.0,0
508676.0,2420996.0,0
510656.0,2420996.0,0
512636.0,2420996.0,0
513626.0,2420996.0,0
514616.0,2420996.0,0
520556.0,2420996.0,0
522536.0,2420996.0,0
525506.0,2420996.0,2
527486.0,2420996.0,0
529466.0,2420996.0,1
530456.0,2420996.0,1
531446.0,2420996.0,1
532436.0,2420996.0,1
533426.0,2420996.0,1
534416.0,2420996.0,1
535406.0,2420996.0,1
536396.0,2420996.0,1
537386.0,2420996.0,1
538376.0,2420996.0,0
539366.0,2420996.0,0
540356.0,2420996.0,0
541346.0,2420996.0,1
542336.0,2420996.0,1
543326.0,2420996.0,1
544316.0,2420996.0,0
547286.0,2420996.0,4
548276.0,2420996.0,1
549266.0,2420996.0,1
550256.0,2420996.0,1
551246.0,2420996.0,1
552236.0,2420996.0,1
553226.0,2420996.0,1
554216.0,2420996.0,1
555206.0,2420996.0,1
556196.0,2420996.0,0
557186.0,2420996.0,0
558176.0,2420996.0,0
559166.0,2420996.0,1
560156.0,2420996.0,1
562136.0,2420996.0,0
564116.0,2420996.0,0
565106.0,2420996.0,0
566096.0,2420996.0,0
567086.0,2420996.0,0
568076.0,2420996.0,0
569066.0,2420996.0,0
570056.0,2420996.0,0
571046.0,2420996.0,0
573026.0,2420996.0,0
575006.0,2420996.0,0
575996.0,2420996.0,0
583916.0,2420996.0,0
586886.0,2420996.0,2
610646.0,2420996.0,0
613616.0,2420996.0,0
614606.0,2420996.0,0
615596.0,2420996.0,0
617576.0,2420996.0,0
618566.0,2420996.0,0
619556.0,2420996.0,0
623516.0,2420996.0,2
624506.0,2420996.0,2
630446.0,2420996.0,2
633416.0,2420996.0,0
634406.0,2420996.0,0
635396.0,2420996.0,0
636386.0,2420996.0,0
637376.0,2420996.0,0
638366.0,2420996.0,0
395816.0,2420006.0,0
408686.0,2420006.0,0
410666.0,2420006.0,0
411656.0,2420006.0,2
412646.0,2420006.0,0
413636.0,2420006.0,0
414626.0,2420006.0,0
415616.0,2420006.0,0
418586.0,2420006.0,0
424526.0,2420006.0,0
427496.0,2420006.0,0
431456.0,2420006.0,0
432446.0,2420006.0,0
433436.0,2420006.0,0
434426.0,2420006.0,2
438386.0,2420006.0,2
439376.0,2420006.0,2
440366.0,2420006.0,2
441356.0,2420006.0,0
442346.0,2420006.0,3
443336.0,2420006.0,0
444326.0,2420006.0,0
445316.0,2420006.0,0
446306.0,2420006.0,0
448286.0,2420006.0,2
449276.0,2420006.0,2
450266.0,2420006.0,2
451256.0,2420006.0,2
452246.0,2420006.0,2
454226.0,2420006.0,2
455216.0,2420006.0,2
456206.0,2420006.0,2
459176.0,2420006.0,2
460166.0,2420006.0,2
462146.0,2420006.0,2
463136.0,2420006.0,2
465116.0,2420006.0,2
484916.0,2420006.0,2
485906.0,2420006.0,2
486896.0,2420006.0,2
488876.0,2420006.0,2
490856.0,2420006.0,2
495806.0,2420006.0,0
497786.0,2420006.0,0
499766.0,2420006.0,0
500756.0,2420006.0,0
501746.0,2420006.0,2
503726.0,2420006.0,0
504716.0,2420006.0,0
505706.0,2420006.0,0
506696.0,2420006.0,0
507686.0,2420006.0,0
509666.0,2420006.0,0
510656.0,2420006.0,0
511646.0,2420006.0,0
512636.0,2420006.0,2
513626.0,2420006.0,0
515606.0,2420006.0,0
519566.0,2420006.0,0
520556.0,2420006.0,0
521546.0,2420006.0,0
523526.0,2420006.0,2
525506.0,2420006.0,2
526496.0,2420006.0,2
527486.0,2420006.0,0
529466.0,2420006.0,0
530456.0,2420006.0,1
531446.0,2420006.0,1
532436.0,2420006.0,1
533426.0,2420006.0,1
534416.0,2420006.0,1
535406.0,2420006.0,1
536396.0,2420006.0,1
538376.0,2420006.0,1
539366.0,2420006.0,0
540356.0,2420006.0,1
541346.0,2420006.0,1
542336.0,2420006.0,1
543326.0,2420006.0,1
544316.0,2420006.0,1
545306.0,2420006.0,4
547286.0,2420006.0,1
548276.0,2420006.0,1
549266.0,2420006.0,1
550256.0,2420006.0,0
551246.0,2420006.0,0
552236.0,2420006.0,1
553226.0,2420006.0,1
554216.0,2420006.0,1
555206.0,2420006.0,1
556196.0,2420006.0,1
557186.0,2420006.0,0
558176.0,2420006.0,1
559166.0,2420006.0,1
560156.0,2420006.0,1
562136.0,2420006.0,0
564116.0,2420006.0,0
565106.0,2420006.0,0
566096.0,2420006.0,0
567086.0,2420006.0,0
568076.0,2420006.0,0
569066.0,2420006.0,0
570056.0,2420006.0,0
578966.0,2420006.0,2
581936.0,2420006.0,0
587876.0,2420006.0,2
588866.0,2420006.0,2
605696.0,2420006.0,2
607676.0,2420006.0,0
612626.0,2420006.0,0
613616.0,2420006.0,0
616586.0,2420006.0,0
617576.0,2420006.0,0
619556.0,2420006.0,0
620546.0,2420006.0,0
621536.0,2420006.0,0
622526.0,2420006.0,2
624506.0,2420006.0,3
625496.0,2420006.0,3
628466.0,2420006.0,2
629456.0,2420006.0,2
630446.0,2420006.0,2
631436.0,2420006.0,2
632426.0,2420006.0,2
633416.0,2420006.0,2
634406.0,2420006.0,0
635396.0,2420006.0,0
636386.0,2420006.0,0
393836.0,2419016.0,0
394826.0,2419016.0,0
395816.0,2419016.0,0
396806.0,2419016.0,0
397796.0,2419016.0,2
406706.0,2419016.0,0
407696.0,2419016.0,0
409676.0,2419016.0,0
410666.0,2419016.0,0
411656.0,2419016.0,0
412646.0,2419016.0,0
415616.0,2419016.0,0
418586.0,2419016.0,0
419576.0,2419016.0,0
420566.0,2419016.0,0
421556.0,2419016.0,2
424526.0,2419016.0,2
430466.0,2419016.0,0
433436.0,2419016.0,0
434426.0,2419016.0,0
435416.0,2419016.0,0
437396.0,2419016.0,2
438386.0,2419016.0,3
439376.0,2419016.0,2
440366.0,2419016.0,0
441356.0,2419016.0,0
443336.0,2419016.0,2
444326.0,2419016.0,3
445316.0,2419016.0,0
447296.0,2419016.0,2
448286.0,2419016.0,2
449276.0,2419016.0,2
450266.0,2419016.0,2
451256.0,2419016.0,2
454226.0,2419016.0,2
455216.0,2419016.0,2
461156.0,2419016.0,2
465116.0,2419016.0,2
466106.0,2419016.0,2
467096.0,2419016.0,2
486896.0,2419016.0,2
487886.0,2419016.0,0
488876.0,2419016.0,2
490856.0,2419016.0,0
491846.0,2419016.0,2
492836.0,2419016.0,2
493826.0,2419016.0,2
494816.0,2419016.0,0
496796.0,2419016.0,2
497786.0,2419016.0,2
498776.0,2419016.0,0
499766.0,2419016.0,2
500756.0,2419016.0,2
501746.0,2419016.0,2
502736.0,2419016.0,0
503726.0,2419016.0,0
504716.0,2419016.0,0
505706.0,2419016.0,1
507686.0,2419016.0,1
509666.0,2419016.0,0
510656.0,2419016.0,0
511646.0,2419016.0,0
512636.0,2419016.0,2
513626.0,2419016.0,2
515606.0,2419016.0,2
518576.0,2419016.0,0
519566.0,2419016.0,0
520556.0,2419016.0,0
521546.0,2419016.0,0
522536.0,2419016.0,0
523526.0,2419016.0,0
525506.0,2419016.0,2
526496.0,2419016.0,0
527486.0,2419016.0,0
529466.0,2419016.0,0
530456.0,2419016.0,1
531446.0,2419016.0,1
532436.0,2419016.0,1
533426.0,2419016.0,1
534416.0,2419016.0,1
535406.0,2419016.0,1
536396.0,2419016.0,1
537386.0,2419016.0,1
538376.0,2419016.0,4
540356.0,2419016.0,1
541346.0,2419016.0,1
542336.0,2419016.0,1
543326.0,2419016.0,1
544316.0,2419016.0,1
545306.0,2419016.0,1
546296.0,2419016.0,1
547286.0,2419016.0,1
548276.0,2419016.0,1
549266.0,2419016.0,1
550256.0,2419016.0,0
551246.0,2419016.0,0
552236.0,2419016.0,1
553226.0,2419016.0,1
554216.0,2419016.0,1
555206.0,2419016.0,1
556196.0,2419016.0,1
557186.0,2419016.0,0
558176.0,2419016.0,1
559166.0,2419016.0,1
562136.0,2419016.0,0
563126.0,2419016.0,0
564116.0,2419016.0,0
565106.0,2419016.0,0
567086.0,2419016.0,0
568076.0,2419016.0,0
569066.0,2419016.0,0
570056.0,2419016.0,0
575996.0,2419016.0,0
576986.0,2419016.0,0
578966.0,2419016.0,2
579956.0,2419016.0,2
580946.0,2419016.0,2
581936.0,2419016.0,2
582926.0,2419016.0,2
583916.0,2419016.0,2
585896.0,2419016.0,2
587876.0,2419016.0,2
590846.0,2419016.0,2
610646.0,2419016.0,0
611636.0,2419016.0,0
612626.0,2419016.0,0
613616.0,2419016.0,0
614606.0,2419016.0,0
615596.0,2419016.0,0
616586.0,2419016.0,0
617576.0,2419016.0,0
618566.0,2419016.0,0
619556.0,2419016.0,0
620546.0,2419016.0,0
621536.0,2419016.0,0
626486.0,2419016.0,2
631436.0,2419016.0,2
634406.0,2419016.0,2
635396.0,2419016.0,2
636386.0,2419016.0,2
637376.0,2419016.0,0
638366.0,2419016.0,0
639356.0,2419016.0,0
392846.0,2418026.0,0
393836.0,2418026.0,0
394826.0,2418026.0,0
397796.0,2418026.0,2
398786.0,2418026.0,0
400766.0,2418026.0,0
401756.0,2418026.0,0
403736.0,2418026.0,0
405716.0,2418026.0,0
406706.0,2418026.0,0
407696.0,2418026.0,0
408686.0,2418026.0,0
409676.0,2418026.0,0
410666.0,2418026.0,0
412646.0,2418026.0,2
413636.0,2418026.0,0
415616.0,2418026.0,0
416606.0,2418026.0,0
418586.0,2418026.0,0
420566.0,2418026.0,0
422546.0,2418026.0,0
423536.0,2418026.0,0
427496.0,2418026.0,2
430466.0,2418026.0,0
432446.0,2418026.0,0
433436.0,2418026.0,0
436406.0,2418026.0,2
437396.0,2418026.0,3
438386.0,2418026.0,0
439376.0,2418026.0,0
441356.0,2418026.0,0
442346.0,2418026.0,0
443336.0,2418026.0,0
444326.0,2418026.0,0
445316.0,2418026.0,2
447296.0,2418026.0,2
451256.0,2418026.0,2
453236.0,2418026.0,2
454226.0,2418026.0,2
455216.0,2418026.0,2
457196.0,2418026.0,2
459176.0,2418026.0,2
461156.0,2418026.0,2
462146.0,2418026.0,2
463136.0,2418026.0,2
465116.0,2418026.0,2
470066.0,2418026.0,2
476996.0,2418026.0,2
485906.0,2418026.0,0
486896.0,2418026.0,2
487886.0,2418026.0,0
488876.0,2418026.0,0
489866.0,2418026.0,2
490856.0,2418026.0,0
491846.0,2418026.0,2
493826.0,2418026.0,2
496796.0,2418026.0,2
497786.0,2418026.0,2
499766.0,2418026.0,2
500756.0,2418026.0,2
503726.0,2418026.0,0
504716.0,2418026.0,0
505706.0,2418026.0,0
506696.0,2418026.0,0
507686.0,2418026.0,1
508676.0,2418026.0,1
509666.0,2418026.0,0
510656.0,2418026.0,0
511646.0,2418026.0,0
512636.0,2418026.0,2
517586.0,2418026.0,2
520556.0,2418026.0,0
521546.0,2418026.0,2
523526.0,2418026.0,2
526496.0,2418026.0,3
527486.0,2418026.0,0
529466.0,2418026.0,0
531446.0,2418026.0,1
532436.0,2418026.0,1
533426.0,2418026.0,1
534416.0,2418026.0,1
535406.0,2418026.0,1
536396.0,2418026.0,1
537386.0,2418026.0,1
538376.0,2418026.0,1
539366.0,2418026.0,1
540356.0,2418026.0,1
541346.0,2418026.0,1
542336.0,2418026.0,1
543326.0,2418026.0,1
544316.0,2418026.0,1
545306.0,2418026.0,1
546296.0,2418026.0,1
547286.0,2418026.0,1
548276.0,2418026.0,1
549266.0,2418026.0,1
550256.0,2418026.0,1
551246.0,2418026.0,1
552236.0,2418026.0,1
553226.0,2418026.0,1
554216.0,2418026.0,1
555206.0,2418026.0,1
556196.0,2418026.0,1
557186.0,2418026.0,0
558176.0,2418026.0,0
560156.0,2418026.0,0
561146.0,2418026.0,0
563126.0,2418026.0,0
564116.0,2418026.0,0
566096.0,2418026.0,0
568076.0,2418026.0,0
569066.0,2418026.0,0
570056.0,2418026.0,0
573026.0,2418026.0,2
575006.0,2418026.0,2
575996.0,2418026.0,2
576986.0,2418026.0,2
577976.0,2418026.0,0
579956.0,2418026.0,2
580946.0,2418026.0,3
581936.0,2418026.0,2
582926.0,2418026.0,2
583916.0,2418026.0,0
610646.0,2418026.0,0
611636.0,2418026.0,0
612626.0,2418026.0,0
613616.0,2418026.0,0
614606.0,2418026.0,0
615596.0,2418026.0,0
616586.0,2418026.0,0
617576.0,2418026.0,0
620546.0,2418026.0,0
625496.0,2418026.0,2
631436.0,2418026.0,2
633416.0,2418026.0,2
638366.0,2418026.0,0
639356.0,2418026.0,0
640346.0,2418026.0,1
393836.0,2417036.0,0
394826.0,2417036.0,0
395816.0,2417036.0,0
396806.0,2417036.0,0
397796.0,2417036.0,0
398786.0,2417036.0,0
399776.0,2417036.0,0
400766.0,2417036.0,0
403736.0,2417036.0,0
404726.0,2417036.0,2
405716.0,2417036.0,0
406706.0,2417036.0,0
407696.0,2417036.0,0
408686.0,2417036.0,0
409676.0,2417036.0,0
412646.0,2417036.0,0
413636.0,2417036.0,0
414626.0,2417036.0,0
416606.0,2417036.0,0
421556.0,2417036.0,0
425516.0,2417036.0,0
427496.0,2417036.0,0
430466.0,2417036.0,0
432446.0,2417036.0,0
434426.0,2417036.0,0
436406.0,2417036.0,2
437396.0,2417036.0,2
438386.0,2417036.0,0
439376.0,2417036.0,3
440366.0,2417036.0,0
441356.0,2417036.0,0
446306.0,2417036.0,2
447296.0,2417036.0,2
448286.0,2417036.0,2
450266.0,2417036.0,2
453236.0,2417036.0,2
454226.0,2417036.0,2
456206.0,2417036.0,2
458186.0,2417036.0,2
461156.0,2417036.0,2
462146.0,2417036.0,2
463136.0,2417036.0,2
464126.0,2417036.0,2
465116.0,2417036.0,2
466106.0,2417036.0,2
469076.0,2417036.0,2
485906.0,2417036.0,2
486896.0,2417036.0,2
488876.0,2417036.0,0
489866.0,2417036.0,2
490856.0,2417036.0,3
491846.0,2417036.0,0
492836.0,2417036.0,2
494816.0,2417036.0,2
496796.0,2417036.0,2
497786.0,2417036.0,2
499766.0,2417036.0,2
500756.0,2417036.0,2
501746.0,2417036.0,2
504716.0,2417036.0,0
505706.0,2417036.0,0
507686.0,2417036.0,0
508676.0,2417036.0,0
509666.0,2417036.0,0
512636.0,2417036.0,0
513626.0,2417036.0,2
514616.0,2417036.0,2
515606.0,2417036.0,2
517586.0,2417036.0,0
518576.0,2417036.0,2
519566.0,2417036.0,2
521546.0,2417036.0,2
523526.0,2417036.0,2
525506.0,2417036.0,0
526496.0,2417036.0,3
527486.0,2417036.0,0
528476.0,2417036.0,0
529466.0,2417036.0,0
530456.0,2417036.0,0
531446.0,2417036.0,1
532436.0,2417036.0,1
533426.0,2417036.0,1
534416.0,2417036.0,1
535406.0,2417036.0,1
536396.0,2417036.0,1
537386.0,2417036.0,1
538376.0,2417036.0,1
539366.0,2417036.0,1
540356.0,2417036.0,1
541346.0,2417036.0,1
542336.0,2417036.0,1
543326.0,2417036.0,1
544316.0,2417036.0,1
545306.0,2417036.0,1
546296.0,2417036.0,1
547286.0,2417036.0,1
548276.0,2417036.0,1
549266.0,2417036.0,1
550256.0,2417036.0,1
551246.0,2417036.0,1
552236.0,2417036.0,1
553226.0,2417036.0,1
554216.0,2417036.0,0
555206.0,2417036.0,0
556196.0,2417036.0,0
557186.0,2417036.0,0
558176.0,2417036.0,0
559166.0,2417036.0,0
561146.0,2417036.0,0
562136.0,2417036.0,0
563126.0,2417036.0,0
565106.0,2417036.0,0
566096.0,2417036.0,2
573026.0,2417036.0,2
574016.0,2417036.0,2
576986.0,2417036.0,0
577976.0,2417036.0,2
578966.0,2417036.0,2
579956.0,2417036.0,0
580946.0,2417036.0,0
581936.0,2417036.0,0
582926.0,2417036.0,0
583916.0,2417036.0,0
584906.0,2417036.0,0
587876.0,2417036.0,0
588866.0,2417036.0,2
599756.0,2417036.0,2
609656.0,2417036.0,0
610646.0,2417036.0,0
611636.0,2417036.0,0
614606.0,2417036.0,0
615596.0,2417036.0,0
616586.0,2417036.0,0
626486.0,2417036.0,2
628466.0,2417036.0,2
634406.0,2417036.0,2
636386.0,2417036.0,0
637376.0,2417036.0,0
638366.0,2417036.0,0
391856.0,2416046.0,0
392846.0,2416046.0,0
393836.0,2416046.0,0
394826.0,2416046.0,0
395816.0,2416046.0,0
396806.0,2416046.0,0
398786.0,2416046.0,0
399776.0,2416046.0,0
401756.0,2416046.0,0
402746.0,2416046.0,2
404726.0,2416046.0,2
405716.0,2416046.0,0
406706.0,2416046.0,0
407696.0,2416046.0,0
408686.0,2416046.0,0
409676.0,2416046.0,3
412646.0,2416046.0,0
413636.0,2416046.0,0
414626.0,2416046.0,0
415616.0,2416046.0,0
416606.0,2416046.0,0
417596.0,2416046.0,0
418586.0,2416046.0,0
419576.0,2416046.0,0
421556.0,2416046.0,0
422546.0,2416046.0,0
424526.0,2416046.0,3
425516.0,2416046.0,0
432446.0,2416046.0,0
433436.0,2416046.0,0
436406.0,2416046.0,2
438386.0,2416046.0,2
439376.0,2416046.0,0
440366.0,2416046.0,0
441356.0,2416046.0,2
442346.0,2416046.0,2
446306.0,2416046.0,2
449276.0,2416046.0,2
450266.0,2416046.0,2
453236.0,2416046.0,2
455216.0,2416046.0,2
458186.0,2416046.0,2
460166.0,2416046.0,2
462146.0,2416046.0,2
463136.0,2416046.0,2
465116.0,2416046.0,2
467096.0,2416046.0,2
469076.0,2416046.0,2
472046.0,2416046.0,2
475016.0,2416046.0,2
480956.0,2416046.0,2
485906.0,2416046.0,2
486896.0,2416046.0,2
487886.0,2416046.0,2
489866.0,2416046.0,0
490856.0,2416046.0,2
491846.0,2416046.0,2
492836.0,2416046.0,2
494816.0,2416046.0,2
497786.0,2416046.0,2
499766.0,2416046.0,2
500756.0,2416046.0,2
501746.0,2416046.0,2
502736.0,2416046.0,2
504716.0,2416046.0,0
505706.0,2416046.0,0
506696.0,2416046.0,0
507686.0,2416046.0,0
508676.0,2416046.0,0
509666.0,2416046.0,0
510656.0,2416046.0,0
511646.0,2416046.0,0
514616.0,2416046.0,2
515606.0,2416046.0,0
516596.0,2416046.0,0
517586.0,2416046.0,3
518576.0,2416046.0,2
520556.0,2416046.0,2
523526.0,2416046.0,2
527486.0,2416046.0,0
529466.0,2416046.0,0
530456.0,2416046.0,0
531446.0,2416046.0,1
532436.0,2416046.0,1
533426.0,2416046.0,1
534416.0,2416046.0,1
535406.0,2416046.0,1
536396.0,2416046.0,1
537386.0,2416046.0,1
538376.0,2416046.0,1
539366.0,2416046.0,1
540356.0,2416046.0,1
541346.0,2416046.0,1
542336.0,2416046.0,1
543326.0,2416046.0,1
544316.0,2416046.0,1
545306.0,2416046.0,1
546296.0,2416046.0,1
547286.0,2416046.0,1
548276.0,2416046.0,1
549266.0,2416046.0,1
550256.0,2416046.0,1
551246.0,2416046.0,1
552236.0,2416046.0,1
553226.0,2416046.0,0
554216.0,2416046.0,0
555206.0,2416046.0,0
556196.0,2416046.0,0
557186.0,2416046.0,0
558176.0,2416046.0,3
559166.0,2416046.0,0
560156.0,2416046.0,0
564116.0,2416046.0,2
567086.0,2416046.0,2
568076.0,2416046.0,2
570056.0,2416046.0,2
573026.0,2416046.0,2
574016.0,2416046.0,2
577976.0,2416046.0,0
578966.0,2416046.0,0
579956.0,2416046.0,0
580946.0,2416046.0,0
581936.0,2416046.0,0
582926.0,2416046.0,0
583916.0,2416046.0,0
585896.0,2416046.0,0
586886.0,2416046.0,0
587876.0,2416046.0,0
588866.0,2416046.0,2
610646.0,2416046.0,0
611636.0,2416046.0,0
612626.0,2416046.0,0
615596.0,2416046.0,0
617576.0,2416046.0,0
626486.0,2416046.0,2
628466.0,2416046.0,0
629456.0,2416046.0,0
631436.0,2416046.0,0
632426.0,2416046.0,2
634406.0,2416046.0,0
637376.0,2416046.0,0
638366.0,2416046.0,1
639356.0,2416046.0,1
390866.0,2415056.0,0
391856.0,2415056.0,0
393836.0,2415056.0,0
394826.0,2415056.0,2
395816.0,2415056.0,2
396806.0,2415056.0,0
397796.0,2415056.0,0
398786.0,2415056.0,0
399776.0,2415056.0,0
400766.0,2415056.0,0
403736.0,2415056.0,2
404726.0,2415056.0,0
405716.0,2415056.0,0
407696.0,2415056.0,0
408686.0,2415056.0,0
409676.0,2415056.0,2
411656.0,2415056.0,0
413636.0,2415056.0,0
414626.0,2415056.0,0
415616.0,2415056.0,0
416606.0,2415056.0,0
419576.0,2415056.0,0
421556.0,2415056.0,0
422546.0,2415056.0,0
424526.0,2415056.0,0
425516.0,2415056.0,2
437396.0,2415056.0,2
438386.0,2415056.0,2
439376.0,2415056.0,2
440366.0,2415056.0,2
441356.0,2415056.0,2
442346.0,2415056.0,2
447296.0,2415056.0,2
448286.0,2415056.0,2
449276.0,2415056.0,2
450266.0,2415056.0,2
452246.0,2415056.0,2
454226.0,2415056.0,2
459176.0,2415056.0,2
461156.0,2415056.0,2
463136.0,2415056.0,2
464126.0,2415056.0,2
467096.0,2415056.0,2
469076.0,2415056.0,2
479966.0,2415056.0,2
481946.0,2415056.0,2
486896.0,2415056.0,2
489866.0,2415056.0,0
491846.0,2415056.0,2
492836.0,2415056.0,2
495806.0,2415056.0,2
500756.0,2415056.0,2
501746.0,2415056.0,2
502736.0,2415056.0,2
503726.0,2415056.0,2
504716.0,2415056.0,0
505706.0,2415056.0,3
506696.0,2415056.0,0
507686.0,2415056.0,0
508676.0,2415056.0,0
509666.0,2415056.0,0
510656.0,2415056.0,0
514616.0,2415056.0,0
517586.0,2415056.0,0
521546.0,2415056.0,2
526496.0,2415056.0,2
528476.0,2415056.0,0
529466.0,2415056.0,0
530456.0,2415056.0,0
531446.0,2415056.0,0
532436.0,2415056.0,0
533426.0,2415056.0,0
534416.0,2415056.0,0
535406.0,2415056.0,0
536396.0,2415056.0,0
537386.0,2415056.0,1
538376.0,2415056.0,1
539366.0,2415056.0,1
540356.0,2415056.0,1
541346.0,2415056.0,1
542336.0,2415056.0,1
543326.0,2415056.0,1
544316.0,2415056.0,1
545306.0,2415056.0,1
546296.0,2415056.0,1
547286.0,2415056.0,1
548276.0,2415056.0,1
549266.0,2415056.0,1
550256.0,2415056.0,0
551246.0,2415056.0,0
557186.0,2415056.0,2
559166.0,2415056.0,0
560156.0,2415056.0,2
561146.0,2415056.0,2
562136.0,2415056.0,2
567086.0,2415056.0,2
569066.0,2415056.0,2
573026.0,2415056.0,2
576986.0,2415056.0,2
577976.0,2415056.0,2
578966.0,2415056.0,0
579956.0,2415056.0,0
580946.0,2415056.0,0
581936.0,2415056.0,0
582926.0,2415056.0,0
583916.0,2415056.0,0
586886.0,2415056.0,0
587876.0,2415056.0,0
588866.0,2415056.0,0
610646.0,2415056.0,0
613616.0,2415056.0,2
615596.0,2415056.0,2
616586.0,2415056.0,2
618566.0,2415056.0,0
624506.0,2415056.0,2
627476.0,2415056.0,0
628466.0,2415056.0,0
629456.0,2415056.0,0
633416.0,2415056.0,0
634406.0,2415056.0,0
635396.0,2415056.0,0
636386.0,2415056.0,0
637376.0,2415056.0,1
638366.0,2415056.0,1
639356.0,2415056.0,1
390866.0,2414066.0,0
391856.0,2414066.0,0
392846.0,2414066.0,0
393836.0,2414066.0,0
394826.0,2414066.0,2
395816.0,2414066.0,0
396806.0,2414066.0,0
397796.0,2414066.0,0
398786.0,2414066.0,0
399776.0,2414066.0,0
400766.0,2414066.0,0
402746.0,2414066.0,0
403736.0,2414066.0,2
405716.0,2414066.0,0
406706.0,2414066.0,0
407696.0,2414066.0,2
408686.0,2414066.0,0
410666.0,2414066.0,0
411656.0,2414066.0,0
412646.0,2414066.0,0
413636.0,2414066.0,0
414626.0,2414066.0,0
416606.0,2414066.0,0
417596.0,2414066.0,0
418586.0,2414066.0,0
420566.0,2414066.0,0
421556.0,2414066.0,0
423536.0,2414066.0,0
424526.0,2414066.0,0
431456.0,2414066.0,0
432446.0,2414066.0,0
433436.0,2414066.0,2
434426.0,2414066.0,2
436406.0,2414066.0,2
437396.0,2414066.0,2
441356.0,2414066.0,2
442346.0,2414066.0,2
445316.0,2414066.0,2
448286.0,2414066.0,2
449276.0,2414066.0,2
452246.0,2414066.0,2
453236.0,2414066.0,2
455216.0,2414066.0,2
460166.0,2414066.0,2
464126.0,2414066.0,2
465116.0,2414066.0,2
466106.0,2414066.0,2
467096.0,2414066.0,2
468086.0,2414066.0,2
474026.0,2414066.0,2
480956.0,2414066.0,2
481946.0,2414066.0,2
492836.0,2414066.0,2
494816.0,2414066.0,2
495806.0,2414066.0,2
496796.0,2414066.0,2
497786.0,2414066.0,2
502736.0,2414066.0,2
503726.0,2414066.0,2
505706.0,2414066.0,2
506696.0,2414066.0,0
507686.0,2414066.0,0
508676.0,2414066.0,0
509666.0,2414066.0,0
510656.0,2414066.0,0
520556.0,2414066.0,2
521546.0,2414066.0,2
528476.0,2414066.0,0
529466.0,2414066.0,0
531446.0,2414066.0,0
532436.0,2414066.0,0
533426.0,2414066.0,0
534416.0,2414066.0,0
535406.0,2414066.0,0
536396.0,2414066.0,0
537386.0,2414066.0,1
538376.0,2414066.0,1
539366.0,2414066.0,1
540356.0,2414066.0,1
541346.0,2414066.0,1
542336.0,2414066.0,1
543326.0,2414066.0,1
544316.0,2414066.0,1
545306.0,2414066.0,1
546296.0,2414066.0,1
547286.0,2414066.0,1
548276.0,2414066.0,1
549266.0,2414066.0,1
550256.0,2414066.0,4
553226.0,2414066.0,0
554216.0,2414066.0,0
555206.0,2414066.0,2
556196.0,2414066.0,2
557186.0,2414066.0,0
562136.0,2414066.0,0
563126.0,2414066.0,2
564116.0,2414066.0,2
565106.0,2414066.0,2
566096.0,2414066.0,2
573026.0,2414066.0,2
574016.0,2414066.0,2
577976.0,2414066.0,0
578966.0,2414066.0,0
579956.0,2414066.0,0
580946.0,2414066.0,1
581936.0,2414066.0,0
582926.0,2414066.0,0
583916.0,2414066.0,0
584906.0,2414066.0,0
586886.0,2414066.0,0
587876.0,2414066.0,0
588866.0,2414066.0,0
589856.0,2414066.0,0
613616.0,2414066.0,2
628466.0,2414066.0,0
629456.0,2414066.0,0
630446.0,2414066.0,0
631436.0,2414066.0,0
634406.0,2414066.0,0
635396.0,2414066.0,0
636386.0,2414066.0,1
637376.0,2414066.0,1
638366.0,2414066.0,1
392846.0,2413076.0,2
394826.0,2413076.0,2
395816.0,2413076.0,2
396806.0,2413076.0,0
398786.0,2413076.0,0
399776.0,2413076.0,0
400766.0,2413076.0,0
401756.0,2413076.0,0
402746.0,2413076.0,0
403736.0,2413076.0,0
404726.0,2413076.0,0
405716.0,2413076.0,2
406706.0,2413076.0,2
407696.0,2413076.0,2
410666.0,2413076.0,0
411656.0,2413076.0,0
413636.0,2413076.0,0
414626.0,2413076.0,0
415616.0,2413076.0,0
416606.0,2413076.0,0
418586.0,2413076.0,0
420566.0,2413076.0,0
422546.0,2413076.0,0
423536.0,2413076.0,0
425516.0,2413076.0,2
426506.0,2413076.0,2
431456.0,2413076.0,2
432446.0,2413076.0,2
433436.0,2413076.0,2
435416.0,2413076.0,2
437396.0,2413076.0,2
438386.0,2413076.0,2
439376.0,2413076.0,2
441356.0,2413076.0,2
445316.0,2413076.0,2
446306.0,2413076.0,2
450266.0,2413076.0,2
452246.0,2413076.0,2
459176.0,2413076.0,2
460166.0,2413076.0,2
461156.0,2413076.0,2
462146.0,2413076.0,2
463136.0,2413076.0,2
464126.0,2413076.0,2
465116.0,2413076.0,2
466106.0,2413076.0,2
467096.0,2413076.0,2
471056.0,2413076.0,2
488876.0,2413076.0,2
492836.0,2413076.0,2
493826.0,2413076.0,2
494816.0,2413076.0,2
495806.0,2413076.0,2
496796.0,2413076.0,2
497786.0,2413076.0,2
498776.0,2413076.0,2
499766.0,2413076.0,2
501746.0,2413076.0,2
503726.0,2413076.0,2
504716.0,2413076.0,2
506696.0,2413076.0,2
507686.0,2413076.0,0
508676.0,2413076.0,0
509666.0,2413076.0,0
511646.0,2413076.0,0
512636.0,2413076.0,0
513626.0,2413076.0,0
514616.0,2413076.0,3
515606.0,2413076.0,2
516596.0,2413076.0,2
517586.0,2413076.0,2
520556.0,2413076.0,2
526496.0,2413076.0,0
528476.0,2413076.0,0
529466.0,2413076.0,0
530456.0,2413076.0,0
531446.0,2413076.0,0
532436.0,2413076.0,0
533426.0,2413076.0,1
534416.0,2413076.0,1
535406.0,2413076.0,1
536396.0,2413076.0,1
537386.0,2413076.0,1
538376.0,2413076.0,1
539366.0,2413076.0,1
540356.0,2413076.0,1
541346.0,2413076.0,1
542336.0,2413076.0,1
543326.0,2413076.0,1
544316.0,2413076.0,1
545306.0,2413076.0,1
546296.0,2413076.0,1
547286.0,2413076.0,1
548276.0,2413076.0,1
549266.0,2413076.0,1
550256.0,2413076.0,1
551246.0,2413076.0,0
552236.0,2413076.0,0
553226.0,2413076.0,0
555206.0,2413076.0,0
556196.0,2413076.0,2
557186.0,2413076.0,2
558176.0,2413076.0,0
560156.0,2413076.0,0
561146.0,2413076.0,0
562136.0,2413076.0,0
563126.0,2413076.0,0
564116.0,2413076.0,0
565106.0,2413076.0,2
568076.0,2413076.0,2
570056.0,2413076.0,2
573026.0,2413076.0,2
576986.0,2413076.0,0
577976.0,2413076.0,0
578966.0,2413076.0,0
579956.0,2413076.0,0
582926.0,2413076.0,0
583916.0,2413076.0,0
584906.0,2413076.0,0
585896.0,2413076.0,0
586886.0,2413076.0,1
587876.0,2413076.0,0
591836.0,2413076.0,2
609656.0,2413076.0,0
610646.0,2413076.0,0
614606.0,2413076.0,2
626486.0,2413076.0,0
627476.0,2413076.0,0
628466.0,2413076.0,0
629456.0,2413076.0,1
630446.0,2413076.0,0
631436.0,2413076.0,0
633416.0,2413076.0,0
634406.0,2413076.0,0
635396.0,2413076.0,1
637376.0,2413076.0,1
638366.0,2413076.0,1
389876.0,2412086.0,0
391856.0,2412086.0,0
392846.0,2412086.0,0
393836.0,2412086.0,2
394826.0,2412086.0,2
396806.0,2412086.0,0
397796.0,2412086.0,0
398786.0,2412086.0,0
399776.0,2412086.0,0
400766.0,2412086.0,0
401756.0,2412086.0,0
402746.0,2412086.0,0
403736.0,2412086.0,0
404726.0,2412086.0,2
405716.0,2412086.0,0
406706.0,2412086.0,2
407696.0,2412086.0,0
408686.0,2412086.0,2
409676.0,2412086.0,0
411656.0,2412086.0,0
412646.0,2412086.0,0
413636.0,2412086.0,0
415616.0,2412086.0,2
417596.0,2412086.0,0
418586.0,2412086.0,0
420566.0,2412086.0,0
421556.0,2412086.0,0
423536.0,2412086.0,0
430466.0,2412086.0,2
431456.0,2412086.0,2
434426.0,2412086.0,2
435416.0,2412086.0,2
436406.0,2412086.0,0
437396.0,2412086.0,3
438386.0,2412086.0,2
439376.0,2412086.0,0
444326.0,2412086.0,2
445316.0,2412086.0,2
447296.0,2412086.0,2
449276.0,2412086.0,2
452246.0,2412086.0,2
455216.0,2412086.0,2
459176.0,2412086.0,2
461156.0,2412086.0,2
462146.0,2412086.0,2
463136.0,2412086.0,2
464126.0,2412086.0,2
465116.0,2412086.0,2
471056.0,2412086.0,2
473036.0,2412086.0,2
474026.0,2412086.0,2
486896.0,2412086.0,2
488876.0,2412086.0,2
493826.0,2412086.0,2
498776.0,2412086.0,2
499766.0,2412086.0,2
500756.0,2412086.0,2
502736.0,2412086.0,2
504716.0,2412086.0,2
508676.0,2412086.0,0
509666.0,2412086.0,0
510656.0,2412086.0,0
511646.0,2412086.0,0
512636.0,2412086.0,0
513626.0,2412086.0,0
514616.0,2412086.0,2
515606.0,2412086.0,2
516596.0,2412086.0,2
518576.0,2412086.0,2
519566.0,2412086.0,2
520556.0,2412086.0,2
525506.0,2412086.0,0
527486.0,2412086.0,0
528476.0,2412086.0,1
529466.0,2412086.0,1
532436.0,2412086.0,1
533426.0,2412086.0,1
534416.0,2412086.0,1
535406.0,2412086.0,1
536396.0,2412086.0,1
537386.0,2412086.0,1
538376.0,2412086.0,1
539366.0,2412086.0,1
540356.0,2412086.0,0
541346.0,2412086.0,0
542336.0,2412086.0,1
543326.0,2412086.0,1
544316.0,2412086.0,1
545306.0,2412086.0,1
546296.0,2412086.0,1
547286.0,2412086.0,1
548276.0,2412086.0,1
549266.0,2412086.0,1
550256.0,2412086.0,1
551246.0,2412086.0,0
552236.0,2412086.0,0
555206.0,2412086.0,0
556196.0,2412086.0,2
557186.0,2412086.0,2
559166.0,2412086.0,0
560156.0,2412086.0,0
561146.0,2412086.0,0
567086.0,2412086.0,2
568076.0,2412086.0,2
571046.0,2412086.0,2
575006.0,2412086.0,2
577976.0,2412086.0,0
578966.0,2412086.0,0
579956.0,2412086.0,0
581936.0,2412086.0,0
583916.0,2412086.0,0
585896.0,2412086.0,0
586886.0,2412086.0,0
626486.0,2412086.0,0
627476.0,2412086.0,0
628466.0,2412086.0,1
629456.0,2412086.0,1
630446.0,2412086.0,1
631436.0,2412086.0,0
633416.0,2412086.0,4
634406.0,2412086.0,1
635396.0,2412086.0,1
636386.0,2412086.0,1
637376.0,2412086.0,1
389876.0,2411096.0,0
391856.0,2411096.0,0
396806.0,2411096.0,0
397796.0,2411096.0,0
398786.0,2411096.0,0
399776.0,2411096.0,0
400766.0,2411096.0,0
401756.0,2411096.0,0
402746.0,2411096.0,0
403736.0,2411096.0,0
404726.0,2411096.0,2
408686.0,2411096.0,2
409676.0,2411096.0,0
410666.0,2411096.0,0
411656.0,2411096.0,0
412646.0,2411096.0,0
413636.0,2411096.0,0
414626.0,2411096.0,2
415616.0,2411096.0,0
416606.0,2411096.0,0
417596.0,2411096.0,0
418586.0,2411096.0,0
419576.0,2411096.0,0
420566.0,2411096.0,0
421556.0,2411096.0,0
425516.0,2411096.0,2
436406.0,2411096.0,0
437396.0,2411096.0,0
438386.0,2411096.0,0
439376.0,2411096.0,0
440366.0,2411096.0,0
441356.0,2411096.0,2
444326.0,2411096.0,2
446306.0,2411096.0,2
447296.0,2411096.0,2
448286.0,2411096.0,2
449276.0,2411096.0,2
451256.0,2411096.0,2
453236.0,2411096.0,2
454226.0,2411096.0,2
455216.0,2411096.0,2
456206.0,2411096.0,2
457196.0,2411096.0,2
458186.0,2411096.0,0
459176.0,2411096.0,0
460166.0,2411096.0,2
463136.0,2411096.0,2
464126.0,2411096.0,2
465116.0,2411096.0,2
468086.0,2411096.0,2
469076.0,2411096.0,2
472046.0,2411096.0,2
478976.0,2411096.0,2
483926.0,2411096.0,2
486896.0,2411096.0,2
487886.0,2411096.0,2
490856.0,2411096.0,2
495806.0,2411096.0,2
496796.0,2411096.0,2
498776.0,2411096.0,2
500756.0,2411096.0,2
501746.0,2411096.0,2
502736.0,2411096.0,2
504716.0,2411096.0,2
506696.0,2411096.0,0
507686.0,2411096.0,0
508676.0,2411096.0,0
509666.0,2411096.0,0
510656.0,2411096.0,1
511646.0,2411096.0,0
512636.0,2411096.0,0
514616.0,2411096.0,2
515606.0,2411096.0,2
516596.0,2411096.0,2
517586.0,2411096.0,2
520556.0,2411096.0,2
521546.0,2411096.0,2
522536.0,2411096.0,2
524516.0,2411096.0,0
525506.0,2411096.0,0
527486.0,2411096.0,0
528476.0,2411096.0,0
529466.0,2411096.0,0
530456.0,2411096.0,0
531446.0,2411096.0,4
532436.0,2411096.0,1
533426.0,2411096.0,1
534416.0,2411096.0,1
535406.0,2411096.0,1
536396.0,2411096.0,1
538376.0,2411096.0,1
539366.0,2411096.0,1
540356.0,2411096.0,0
541346.0,2411096.0,0
542336.0,2411096.0,0
543326.0,2411096.0,1
544316.0,2411096.0,0
545306.0,2411096.0,0
546296.0,2411096.0,1
547286.0,2411096.0,1
548276.0,2411096.0,1
549266.0,2411096.0,1
550256.0,2411096.0,1
551246.0,2411096.0,1
553226.0,2411096.0,0
558176.0,2411096.0,0
561146.0,2411096.0,0
563126.0,2411096.0,0
567086.0,2411096.0,2
568076.0,2411096.0,2
573026.0,2411096.0,2
576986.0,2411096.0,2
577976.0,2411096.0,2
578966.0,2411096.0,0
582926.0,2411096.0,0
583916.0,2411096.0,0
584906.0,2411096.0,0
585896.0,2411096.0,0
586886.0,2411096.0,0
587876.0,2411096.0,0
589856.0,2411096.0,2
592826.0,2411096.0,2
593816.0,2411096.0,2
626486.0,2411096.0,0
627476.0,2411096.0,0
628466.0,2411096.0,1
629456.0,2411096.0,1
630446.0,2411096.0,1
631436.0,2411096.0,1
632426.0,2411096.0,1
633416.0,2411096.0,1
635396.0,2411096.0,1
636386.0,2411096.0,1
389876.0,2410106.0,1
390866.0,2410106.0,1
391856.0,2410106.0,0
392846.0,2410106.0,0
393836.0,2410106.0,0
394826.0,2410106.0,0
396806.0,2410106.0,0
397796.0,2410106.0,0
398786.0,2410106.0,0
399776.0,2410106.0,0
400766.0,2410106.0,0
401756.0,2410106.0,0
402746.0,2410106.0,0
403736.0,2410106.0,0
405716.0,2410106.0,2
406706.0,2410106.0,2
408686.0,2410106.0,2
410666.0,2410106.0,0
412646.0,2410106.0,0
413636.0,2410106.0,0
416606.0,2410106.0,0
417596.0,2410106.0,0
418586.0,2410106.0,0
419576.0,2410106.0,0
420566.0,2410106.0,0
421556.0,2410106.0,0
423536.0,2410106.0,2
425516.0,2410106.0,2
434426.0,2410106.0,0
435416.0,2410106.0,0
437396.0,2410106.0,0
438386.0,2410106.0,0
439376.0,2410106.0,0
440366.0,2410106.0,0
441356.0,2410106.0,0
442346.0,2410106.0,2
443336.0,2410106.0,0
444326.0,2410106.0,2
449276.0,2410106.0,2
450266.0,2410106.0,2
451256.0,2410106.0,0
452246.0,2410106.0,0
454226.0,2410106.0,2
457196.0,2410106.0,2
458186.0,2410106.0,2
459176.0,2410106.0,3
460166.0,2410106.0,0
461156.0,2410106.0,2
463136.0,2410106.0,2
464126.0,2410106.0,2
465116.0,2410106.0,2
466106.0,2410106.0,2
471056.0,2410106.0,2
473036.0,2410106.0,2
482936.0,2410106.0,2
483926.0,2410106.0,2
484916.0,2410106.0,2
489866.0,2410106.0,2
491846.0,2410106.0,2
494816.0,2410106.0,2
497786.0,2410106.0,2
499766.0,2410106.0,2
500756.0,2410106.0,2
501746.0,2410106.0,2
502736.0,2410106.0,2
504716.0,2410106.0,2
505706.0,2410106.0,0
506696.0,2410106.0,0
507686.0,2410106.0,0
508676.0,2410106.0,1
509666.0,2410106.0,1
510656.0,2410106.0,1
511646.0,2410106.0,1
512636.0,2410106.0,0
514616.0,2410106.0,2
519566.0,2410106.0,2
524516.0,2410106.0,2
525506.0,2410106.0,0
526496.0,2410106.0,0
527486.0,2410106.0,0
528476.0,2410106.0,0
529466.0,2410106.0,0
530456.0,2410106.0,0
531446.0,2410106.0,0
532436.0,2410106.0,1
533426.0,2410106.0,1
534416.0,2410106.0,1
535406.0,2410106.0,0
536396.0,2410106.0,0
537386.0,2410106.0,1
538376.0,2410106.0,1
539366.0,2410106.0,1
540356.0,2410106.0,0
541346.0,2410106.0,0
542336.0,2410106.0,0
544316.0,2410106.0,0
545306.0,2410106.0,0
546296.0,2410106.0,1
547286.0,2410106.0,1
548276.0,2410106.0,1
549266.0,2410106.0,1
550256.0,2410106.0,1
551246.0,2410106.0,1
553226.0,2410106.0,0
554216.0,2410106.0,0
555206.0,2410106.0,0
557186.0,2410106.0,0
558176.0,2410106.0,2
560156.0,2410106.0,2
562136.0,2410106.0,0
563126.0,2410106.0,2
565106.0,2410106.0,2
567086.0,2410106.0,2
577976.0,2410106.0,0
585896.0,2410106.0,0
588866.0,2410106.0,2
589856.0,2410106.0,2
591836.0,2410106.0,2
592826.0,2410106.0,2
624506.0,2410106.0,0
625496.0,2410106.0,0
626486.0,2410106.0,0
627476.0,2410106.0,0
628466.0,2410106.0,1
629456.0,2410106.0,1
630446.0,2410106.0,1
631436.0,2410106.0,1
632426.0,2410106.0,1
633416.0,2410106.0,1
634406.0,2410106.0,1
635396.0,2410106.0,1
636386.0,2410106.0,1
389876.0,2409116.0,1
390866.0,2409116.0,1
391856.0,2409116.0,0
392846.0,2409116.0,0
393836.0,2409116.0,0
395816.0,2409116.0,3
397796.0,2409116.0,0
399776.0,2409116.0,0
400766.0,2409116.0,0
401756.0,2409116.0,0
404726.0,2409116.0,0
407696.0,2409116.0,2
408686.0,2409116.0,2
410666.0,2409116.0,3
411656.0,2409116.0,0
417596.0,2409116.0,0
418586.0,2409116.0,0
419576.0,2409116.0,0
420566.0,2409116.0,0
421556.0,2409116.0,0
422546.0,2409116.0,2
424526.0,2409116.0,2
425516.0,2409116.0,2
437396.0,2409116.0,0
438386.0,2409116.0,0
439376.0,2409116.0,0
440366.0,2409116.0,0
441356.0,2409116.0,2
442346.0,2409116.0,2
443336.0,2409116.0,2
444326.0,2409116.0,2
446306.0,2409116.0,2
449276.0,2409116.0,0
450266.0,2409116.0,0
451256.0,2409116.0,0
452246.0,2409116.0,0
453236.0,2409116.0,0
456206.0,2409116.0,2
457196.0,2409116.0,2
458186.0,2409116.0,2
459176.0,2409116.0,2
461156.0,2409116.0,2
462146.0,2409116.0,2
464126.0,2409116.0,2
465116.0,2409116.0,2
466106.0,2409116.0,2
468086.0,2409116.0,2
469076.0,2409116.0,2
470066.0,2409116.0,2
471056.0,2409116.0,2
472046.0,2409116.0,2
484916.0,2409116.0,2
492836.0,2409116.0,2
497786.0,2409116.0,2
500756.0,2409116.0,2
501746.0,2409116.0,2
502736.0,2409116.0,2
504716.0,2409116.0,0
505706.0,2409116.0,0
506696.0,2409116.0,0
507686.0,2409116.0,1
508676.0,2409116.0,1
509666.0,2409116.0,1
510656.0,2409116.0,1
511646.0,2409116.0,0
517586.0,2409116.0,2
518576.0,2409116.0,2
520556.0,2409116.0,2
529466.0,2409116.0,0
530456.0,2409116.0,0
534416.0,2409116.0,1
535406.0,2409116.0,0
536396.0,2409116.0,0
537386.0,2409116.0,1
538376.0,2409116.0,1
539366.0,2409116.0,1
540356.0,2409116.0,1
541346.0,2409116.0,0
542336.0,2409116.0,0
543326.0,2409116.0,0
544316.0,2409116.0,0
545306.0,2409116.0,0
546296.0,2409116.0,1
547286.0,2409116.0,1
548276.0,2409116.0,1
549266.0,2409116.0,1
550256.0,2409116.0,1
552236.0,2409116.0,0
554216.0,2409116.0,0
556196.0,2409116.0,0
557186.0,2409116.0,2
558176.0,2409116.0,0
559166.0,2409116.0,2
562136.0,2409116.0,2
565106.0,2409116.0,2
575006.0,2409116.0,2
575996.0,2409116.0,2
576986.0,2409116.0,2
578966.0,2409116.0,0
583916.0,2409116.0,2
586886.0,2409116.0,2
589856.0,2409116.0,2
590846.0,2409116.0,2
593816.0,2409116.0,2
594806.0,2409116.0,2
624506.0,2409116.0,0
625496.0,2409116.0,0
626486.0,2409116.0,0
627476.0,2409116.0,0
628466.0,2409116.0,0
629456.0,2409116.0,1
630446.0,2409116.0,1
631436.0,2409116.0,1
632426.0,2409116.0,1
633416.0,2409116.0,1
634406.0,2409116.0,1
635396.0,2409116.0,1
636386.0,2409116.0,1
389876.0,2408126.0,1
391856.0,2408126.0,0
392846.0,2408126.0,0
393836.0,2408126.0,0
395816.0,2408126.0,2
396806.0,2408126.0,0
397796.0,2408126.0,0
398786.0,2408126.0,3
399776.0,2408126.0,0
400766.0,2408126.0,0
401756.0,2408126.0,0
403736.0,2408126.0,2
404726.0,2408126.0,0
405716.0,2408126.0,2
407696.0,2408126.0,2
412646.0,2408126.0,2
413636.0,2408126.0,2
414626.0,2408126.0,0
415616.0,2408126.0,0
416606.0,2408126.0,0
417596.0,2408126.0,0
418586.0,2408126.0,0
419576.0,2408126.0,0
420566.0,2408126.0,0
421556.0,2408126.0,0
422546.0,2408126.0,2
426506.0,2408126.0,2
435416.0,2408126.0,2
436406.0,2408126.0,0
437396.0,2408126.0,0
439376.0,2408126.0,0
440366.0,2408126.0,0
441356.0,2408126.0,2
442346.0,2408126.0,2
443336.0,2408126.0,0
444326.0,2408126.0,0
445316.0,2408126.0,2
448286.0,2408126.0,2
449276.0,2408126.0,2
450266.0,2408126.0,0
451256.0,2408126.0,0
452246.0,2408126.0,0
456206.0,2408126.0,0
457196.0,2408126.0,2
459176.0,2408126.0,2
460166.0,2408126.0,2
464126.0,2408126.0,2
465116.0,2408126.0,2
467096.0,2408126.0,2
469076.0,2408126.0,2
472046.0,2408126.0,2
475016.0,2408126.0,2
491846.0,2408126.0,2
495806.0,2408126.0,2
496796.0,2408126.0,2
498776.0,2408126.0,2
501746.0,2408126.0,2
503726.0,2408126.0,0
504716.0,2408126.0,0
505706.0,2408126.0,0
506696.0,2408126.0,0
507686.0,2408126.0,1
508676.0,2408126.0,1
509666.0,2408126.0,1
510656.0,2408126.0,1
511646.0,2408126.0,0
512636.0,2408126.0,0
517586.0,2408126.0,2
519566.0,2408126.0,2
522536.0,2408126.0,2
523526.0,2408126.0,2
526496.0,2408126.0,2
527486.0,2408126.0,2
528476.0,2408126.0,0
529466.0,2408126.0,2
530456.0,2408126.0,0
531446.0,2408126.0,0
532436.0,2408126.0,0
533426.0,2408126.0,1
534416.0,2408126.0,1
535406.0,2408126.0,1
536396.0,2408126.0,1
537386.0,2408126.0,1
538376.0,2408126.0,1
539366.0,2408126.0,1
540356.0,2408126.0,0
541346.0,2408126.0,0
542336.0,2408126.0,0
543326.0,2408126.0,0
544316.0,2408126.0,0
545306.0,2408126.0,1
546296.0,2408126.0,1
547286.0,2408126.0,1
548276.0,2408126.0,1
549266.0,2408126.0,1
550256.0,2408126.0,1
552236.0,2408126.0,0
553226.0,2408126.0,0
554216.0,2408126.0,0
555206.0,2408126.0,0
557186.0,2408126.0,0
558176.0,2408126.0,2
565106.0,2408126.0,2
567086.0,2408126.0,2
586886.0,2408126.0,2
588866.0,2408126.0,2
589856.0,2408126.0,2
590846.0,2408126.0,2
594806.0,2408126.0,2
597776.0,2408126.0,2
599756.0,2408126.0,2
600746.0,2408126.0,2
624506.0,2408126.0,0
625496.0,2408126.0,0
626486.0,2408126.0,0
627476.0,2408126.0,0
628466.0,2408126.0,0
629456.0,2408126.0,1
630446.0,2408126.0,1
631436.0,2408126.0,1
633416.0,2408126.0,1
634406.0,2408126.0,1
635396.0,2408126.0,1
636386.0,2408126.0,1
389876.0,2407136.0,0
390866.0,2407136.0,0
391856.0,2407136.0,0
392846.0,2407136.0,0
395816.0,2407136.0,0
397796.0,2407136.0,2
399776.0,2407136.0,0
401756.0,2407136.0,2
403736.0,2407136.0,2
405716.0,2407136.0,2
406706.0,2407136.0,2
410666.0,2407136.0,2
411656.0,2407136.0,0
413636.0,2407136.0,0
416606.0,2407136.0,0
417596.0,2407136.0,2
418586.0,2407136.0,0
421556.0,2407136.0,2
434426.0,2407136.0,2
435416.0,2407136.0,2
436406.0,2407136.0,2
437396.0,2407136.0,2
438386.0,2407136.0,2
439376.0,2407136.0,2
440366.0,2407136.0,0
441356.0,2407136.0,2
442346.0,2407136.0,2
443336.0,2407136.0,2
444326.0,2407136.0,2
445316.0,2407136.0,2
448286.0,2407136.0,2
449276.0,2407136.0,0
450266.0,2407136.0,0
451256.0,2407136.0,0
452246.0,2407136.0,0
455216.0,2407136.0,2
456206.0,2407136.0,3
459176.0,2407136.0,2
460166.0,2407136.0,2
462146.0,2407136.0,2
463136.0,2407136.0,2
464126.0,2407136.0,2
465116.0,2407136.0,2
466106.0,2407136.0,2
468086.0,2407136.0,2
476006.0,2407136.0,2
476996.0,2407136.0,2
477986.0,2407136.0,2
491846.0,2407136.0,2
494816.0,2407136.0,2
496796.0,2407136.0,2
499766.0,2407136.0,2
503726.0,2407136.0,0
504716.0,2407136.0,0
505706.0,2407136.0,0
506696.0,2407136.0,0
507686.0,2407136.0,0
508676.0,2407136.0,0
509666.0,2407136.0,0
510656.0,2407136.0,0
511646.0,2407136.0,0
512636.0,2407136.0,0
516596.0,2407136.0,2
518576.0,2407136.0,2
523526.0,2407136.0,2
524516.0,2407136.0,2
525506.0,2407136.0,2
527486.0,2407136.0,2
528476.0,2407136.0,2
529466.0,2407136.0,2
531446.0,2407136.0,0
532436.0,2407136.0,0
533426.0,2407136.0,1
534416.0,2407136.0,1
535406.0,2407136.0,1
536396.0,2407136.0,1
537386.0,2407136.0,1
539366.0,2407136.0,0
540356.0,2407136.0,0
542336.0,2407136.0,0
543326.0,2407136.0,0
544316.0,2407136.0,1
545306.0,2407136.0,1
546296.0,2407136.0,1
547286.0,2407136.0,1
548276.0,2407136.0,0
549266.0,2407136.0,0
550256.0,2407136.0,0
551246.0,2407136.0,0
554216.0,2407136.0,0
555206.0,2407136.0,0
556196.0,2407136.0,0
557186.0,2407136.0,0
558176.0,2407136.0,0
565106.0,2407136.0,2
574016.0,2407136.0,2
583916.0,2407136.0,2
584906.0,2407136.0,2
590846.0,2407136.0,2
591836.0,2407136.0,2
593816.0,2407136.0,2
596786.0,2407136.0,2
597776.0,2407136.0,2
599756.0,2407136.0,2
600746.0,2407136.0,2
625496.0,2407136.0,0
627476.0,2407136.0,0
628466.0,2407136.0,0
629456.0,2407136.0,0
630446.0,2407136.0,1
631436.0,2407136.0,1
632426.0,2407136.0,1
633416.0,2407136.0,0
634406.0,2407136.0,0
635396.0,2407136.0,0
390866.0,2406146.0,0
392846.0,2406146.0,0
394826.0,2406146.0,0
396806.0,2406146.0,3
398786.0,2406146.0,2
400766.0,2406146.0,2
402746.0,2406146.0,2
404726.0,2406146.0,2
405716.0,2406146.0,0
410666.0,2406146.0,0
411656.0,2406146.0,0
416606.0,2406146.0,0
418586.0,2406146.0,2
419576.0,2406146.0,2
420566.0,2406146.0,2
422546.0,2406146.0,2
437396.0,2406146.0,2
438386.0,2406146.0,2
441356.0,2406146.0,3
442346.0,2406146.0,2
443336.0,2406146.0,2
444326.0,2406146.0,2
445316.0,2406146.0,2
446306.0,2406146.0,2
449276.0,2406146.0,0
450266.0,2406146.0,0
451256.0,2406146.0,0
452246.0,2406146.0,0
453236.0,2406146.0,0
454226.0,2406146.0,2
455216.0,2406146.0,2
456206.0,2406146.0,3
457196.0,2406146.0,0
458186.0,2406146.0,0
460166.0,2406146.0,2
462146.0,2406146.0,2
463136.0,2406146.0,2
465116.0,2406146.0,2
466106.0,2406146.0,2
470066.0,2406146.0,2
476006.0,2406146.0,2
476996.0,2406146.0,2
477986.0,2406146.0,2
486896.0,2406146.0,2
487886.0,2406146.0,2
490856.0,2406146.0,2
493826.0,2406146.0,2
497786.0,2406146.0,2
498776.0,2406146.0,2
500756.0,2406146.0,2
502736.0,2406146.0,2
504716.0,2406146.0,0
505706.0,2406146.0,0
506696.0,2406146.0,2
507686.0,2406146.0,2
508676.0,2406146.0,0
510656.0,2406146.0,0
517586.0,2406146.0,0
519566.0,2406146.0,0
525506.0,2406146.0,2
526496.0,2406146.0,2
529466.0,2406146.0,0
530456.0,2406146.0,0
533426.0,2406146.0,0
534416.0,2406146.0,0
535406.0,2406146.0,0
536396.0,2406146.0,0
537386.0,2406146.0,0
538376.0,2406146.0,0
539366.0,2406146.0,0
540356.0,2406146.0,0
541346.0,2406146.0,0
542336.0,2406146.0,0
543326.0,2406146.0,0
544316.0,2406146.0,1
545306.0,2406146.0,1
546296.0,2406146.0,1
547286.0,2406146.0,4
548276.0,2406146.0,0
549266.0,2406146.0,0
551246.0,2406146.0,0
553226.0,2406146.0,0
555206.0,2406146.0,0
557186.0,2406146.0,0
558176.0,2406146.0,0
570056.0,2406146.0,0
627476.0,2406146.0,0
628466.0,2406146.0,0
629456.0,2406146.0,0
630446.0,2406146.0,0
631436.0,2406146.0,1
632426.0,2406146.0,0
634406.0,2406146.0,0
389876.0,2405156.0,0
390866.0,2405156.0,0
391856.0,2405156.0,0
393836.0,2405156.0,2
397796.0,2405156.0,2
400766.0,2405156.0,2
403736.0,2405156.0,2
405716.0,2405156.0,0
406706.0,2405156.0,2
408686.0,2405156.0,2
409676.0,2405156.0,0
410666.0,2405156.0,2
411656.0,2405156.0,3
412646.0,2405156.0,0
413636.0,2405156.0,0
414626.0,2405156.0,0
416606.0,2405156.0,0
418586.0,2405156.0,2
419576.0,2405156.0,2
420566.0,2405156.0,2
421556.0,2405156.0,2
422546.0,2405156.0,2
423536.0,2405156.0,2
424526.0,2405156.0,2
425516.0,2405156.0,2
436406.0,2405156.0,2
438386.0,2405156.0,2
439376.0,2405156.0,2
440366.0,2405156.0,0
441356.0,2405156.0,0
442346.0,2405156.0,2
444326.0,2405156.0,2
446306.0,2405156.0,2
447296.0,2405156.0,2
449276.0,2405156.0,0
450266.0,2405156.0,0
451256.0,2405156.0,0
452246.0,2405156.0,0
453236.0,2405156.0,0
454226.0,2405156.0,2
457196.0,2405156.0,0
458186.0,2405156.0,0
459176.0,2405156.0,2
462146.0,2405156.0,2
463136.0,2405156.0,2
465116.0,2405156.0,2
468086.0,2405156.0,2
476006.0,2405156.0,2
476996.0,2405156.0,2
477986.0,2405156.0,2
496796.0,2405156.0,2
497786.0,2405156.0,2
500756.0,2405156.0,2
502736.0,2405156.0,2
503726.0,2405156.0,2
504716.0,2405156.0,2
507686.0,2405156.0,2
509666.0,2405156.0,0
510656.0,2405156.0,0
517586.0,2405156.0,0
518576.0,2405156.0,0
520556.0,2405156.0,0
521546.0,2405156.0,0
522536.0,2405156.0,0
524516.0,2405156.0,0
526496.0,2405156.0,0
528476.0,2405156.0,3
529466.0,2405156.0,0
530456.0,2405156.0,0
532436.0,2405156.0,0
533426.0,2405156.0,0
534416.0,2405156.0,0
535406.0,2405156.0,0
536396.0,2405156.0,0
537386.0,2405156.0,0
538376.0,2405156.0,0
539366.0,2405156.0,0
540356.0,2405156.0,0
541346.0,2405156.0,0
542336.0,2405156.0,0
550256.0,2405156.0,0
555206.0,2405156.0,0
556196.0,2405156.0,0
557186.0,2405156.0,2
559166.0,2405156.0,0
560156.0,2405156.0,0
567086.0,2405156.0,0
569066.0,2405156.0,0
570056.0,2405156.0,0
627476.0,2405156.0,0
628466.0,2405156.0,2
629456.0,2405156.0,2
632426.0,2405156.0,0
633416.0,2405156.0,0
634406.0,2405156.0,0
389876.0,2404166.0,2
391856.0,2404166.0,2
396806.0,2404166.0,2
398786.0,2404166.0,2
404726.0,2404166.0,2
405716.0,2404166.0,2
408686.0,2404166.0,2
411656.0,2404166.0,0
412646.0,2404166.0,0
413636.0,2404166.0,0
415616.0,2404166.0,0
417596.0,2404166.0,0
418586.0,2404166.0,0
424526.0,2404166.0,2
439376.0,2404166.0,2
451256.0,2404166.0,0
452246.0,2404166.0,0
453236.0,2404166.0,0
455216.0,2404166.0,2
456206.0,2404166.0,0
457196.0,2404166.0,0
458186.0,2404166.0,0
459176.0,2404166.0,0
462146.0,2404166.0,2
465116.0,2404166.0,2
466106.0,2404166.0,2
489866.0,2404166.0,2
496796.0,2404166.0,2
500756.0,2404166.0,2
501746.0,2404166.0,2
507686.0,2404166.0,2
513626.0,2404166.0,0
515606.0,2404166.0,0
518576.0,2404166.0,0
519566.0,2404166.0,0
520556.0,2404166.0,0
521546.0,2404166.0,0
522536.0,2404166.0,0
523526.0,2404166.0,0
524516.0,2404166.0,0
525506.0,2404166.0,0
526496.0,2404166.0,0
528476.0,2404166.0,0
530456.0,2404166.0,0
531446.0,2404166.0,0
532436.0,2404166.0,0
533426.0,2404166.0,0
534416.0,2404166.0,0
536396.0,2404166.0,0
539366.0,2404166.0,0
540356.0,2404166.0,0
541346.0,2404166.0,0
542336.0,2404166.0,0
543326.0,2404166.0,0
544316.0,2404166.0,0
545306.0,2404166.0,0
546296.0,2404166.0,0
547286.0,2404166.0,0
550256.0,2404166.0,2
552236.0,2404166.0,2
553226.0,2404166.0,0
556196.0,2404166.0,0
557186.0,2404166.0,2
558176.0,2404166.0,0
565106.0,2404166.0,2
568076.0,2404166.0,0
569066.0,2404166.0,0
570056.0,2404166.0,0
628466.0,2404166.0,2
629456.0,2404166.0,2
631436.0,2404166.0,0
632426.0,2404166.0,0
633416.0,2404166.0,0
634406.0,2404166.0,0
389876.0,2403176.0,2
390866.0,2403176.0,2
392846.0,2403176.0,2
393836.0,2403176.0,2
395816.0,2403176.0,2
397796.0,2403176.0,2
402746.0,2403176.0,0
405716.0,2403176.0,2
406706.0,2403176.0,2
410666.0,2403176.0,0
413636.0,2403176.0,0
415616.0,2403176.0,0
417596.0,2403176.0,0
418586.0,2403176.0,0
419576.0,2403176.0,0
420566.0,2403176.0,0
421556.0,2403176.0,2
422546.0,2403176.0,2
423536.0,2403176.0,2
424526.0,2403176.0,2
436406.0,2403176.0,2
439376.0,2403176.0,2
441356.0,2403176.0,3
442346.0,2403176.0,2
443336.0,2403176.0,2
445316.0,2403176.0,2
447296.0,2403176.0,2
450266.0,2403176.0,0
451256.0,2403176.0,0
452246.0,2403176.0,0
453236.0,2403176.0,0
454226.0,2403176.0,2
455216.0,2403176.0,0
456206.0,2403176.0,0
457196.0,2403176.0,0
458186.0,2403176.0,0
459176.0,2403176.0,0
462146.0,2403176.0,2
475016.0,2403176.0,2
495806.0,2403176.0,2
500756.0,2403176.0,2
501746.0,2403176.0,2
503726.0,2403176.0,2
504716.0,2403176.0,2
507686.0,2403176.0,2
508676.0,2403176.0,2
514616.0,2403176.0,0
515606.0,2403176.0,0
516596.0,2403176.0,0
517586.0,2403176.0,0
520556.0,2403176.0,0
521546.0,2403176.0,0
523526.0,2403176.0,0
524516.0,2403176.0,0
525506.0,2403176.0,0
526496.0,2403176.0,0
527486.0,2403176.0,0
529466.0,2403176.0,0
532436.0,2403176.0,0
533426.0,2403176.0,0
534416.0,2403176.0,0
535406.0,2403176.0,0
536396.0,2403176.0,0
545306.0,2403176.0,0
546296.0,2403176.0,2
548276.0,2403176.0,0
549266.0,2403176.0,2
551246.0,2403176.0,2
554216.0,2403176.0,2
555206.0,2403176.0,2
556196.0,2403176.0,2
557186.0,2403176.0,2
565106.0,2403176.0,2
566096.0,2403176.0,2
567086.0,2403176.0,0
569066.0,2403176.0,0
570056.0,2403176.0,0
571046.0,2403176.0,0
629456.0,2403176.0,2
630446.0,2403176.0,2
632426.0,2403176.0,2
388886.0,2402186.0,0
389876.0,2402186.0,2
391856.0,2402186.0,2
392846.0,2402186.0,2
393836.0,2402186.0,2
394826.0,2402186.0,2
397796.0,2402186.0,2
402746.0,2402186.0,2
403736.0,2402186.0,3
405716.0,2402186.0,2
406706.0,2402186.0,2
410666.0,2402186.0,3
415616.0,2402186.0,2
417596.0,2402186.0,0
418586.0,2402186.0,0
419576.0,2402186.0,0
420566.0,2402186.0,2
422546.0,2402186.0,2
423536.0,2402186.0,2
424526.0,2402186.0,2
425516.0,2402186.0,2
426506.0,2402186.0,2
433436.0,2402186.0,2
434426.0,2402186.0,2
435416.0,2402186.0,2
437396.0,2402186.0,2
438386.0,2402186.0,2
439376.0,2402186.0,2
440366.0,2402186.0,2
441356.0,2402186.0,2
442346.0,2402186.0,2
443336.0,2402186.0,0
444326.0,2402186.0,2
445316.0,2402186.0,2
447296.0,2402186.0,2
449276.0,2402186.0,0
450266.0,2402186.0,0
451256.0,2402186.0,0
452246.0,2402186.0,0
453236.0,2402186.0,0
454226.0,2402186.0,2
455216.0,2402186.0,0
456206.0,2402186.0,0
457196.0,2402186.0,0
458186.0,2402186.0,0
472046.0,2402186.0,2
475016.0,2402186.0,2
495806.0,2402186.0,2
497786.0,2402186.0,2
498776.0,2402186.0,2
503726.0,2402186.0,2
505706.0,2402186.0,2
510656.0,2402186.0,2
512636.0,2402186.0,0
513626.0,2402186.0,0
514616.0,2402186.0,0
515606.0,2402186.0,0
516596.0,2402186.0,0
517586.0,2402186.0,0
519566.0,2402186.0,0
523526.0,2402186.0,0
525506.0,2402186.0,0
526496.0,2402186.0,0
528476.0,2402186.0,0
529466.0,2402186.0,0
530456.0,2402186.0,0
531446.0,2402186.0,0
532436.0,2402186.0,1
533426.0,2402186.0,1
534416.0,2402186.0,1
535406.0,2402186.0,1
537386.0,2402186.0,0
538376.0,2402186.0,0
539366.0,2402186.0,0
540356.0,2402186.0,0
542336.0,2402186.0,0
545306.0,2402186.0,2
547286.0,2402186.0,2
548276.0,2402186.0,0
549266.0,2402186.0,2
550256.0,2402186.0,0
552236.0,2402186.0,2
553226.0,2402186.0,2
554216.0,2402186.0,2
555206.0,2402186.0,2
556196.0,2402186.0,2
558176.0,2402186.0,2
559166.0,2402186.0,2
560156.0,2402186.0,2
561146.0,2402186.0,2
566096.0,2402186.0,2
568076.0,2402186.0,0
569066.0,2402186.0,0
571046.0,2402186.0,0
572036.0,2402186.0,0
577976.0,2402186.0,0
629456.0,2402186.0,2
630446.0,2402186.0,2
631436.0,2402186.0,2
632426.0,2402186.0,3
633416.0,2402186.0,3
391856.0,2401196.0,0
392846.0,2401196.0,0
396806.0,2401196.0,2
397796.0,2401196.0,2
398786.0,2401196.0,2
400766.0,2401196.0,2
401756.0,2401196.0,0
402746.0,2401196.0,0
403736.0,2401196.0,0
406706.0,2401196.0,2
407696.0,2401196.0,2
410666.0,2401196.0,0
412646.0,2401196.0,0
415616.0,2401196.0,2
416606.0,2401196.0,2
417596.0,2401196.0,2
418586.0,2401196.0,0
419576.0,2401196.0,2
420566.0,2401196.0,2
421556.0,2401196.0,2
422546.0,2401196.0,2
423536.0,2401196.0,2
424526.0,2401196.0,2
425516.0,2401196.0,2
431456.0,2401196.0,2
432446.0,2401196.0,2
434426.0,2401196.0,2
436406.0,2401196.0,2
437396.0,2401196.0,2
439376.0,2401196.0,2
440366.0,2401196.0,2
441356.0,2401196.0,2
442346.0,2401196.0,2
443336.0,2401196.0,2
444326.0,2401196.0,2
445316.0,2401196.0,2
446306.0,2401196.0,0
447296.0,2401196.0,0
448286.0,2401196.0,0
450266.0,2401196.0,0
454226.0,2401196.0,2
455216.0,2401196.0,2
456206.0,2401196.0,0
457196.0,2401196.0,0
459176.0,2401196.0,0
466106.0,2401196.0,2
474026.0,2401196.0,2
482936.0,2401196.0,2
496796.0,2401196.0,2
503726.0,2401196.0,2
504716.0,2401196.0,2
506696.0,2401196.0,2
512636.0,2401196.0,2
514616.0,2401196.0,0
515606.0,2401196.0,0
516596.0,2401196.0,0
517586.0,2401196.0,0
520556.0,2401196.0,0
523526.0,2401196.0,0
524516.0,2401196.0,0
526496.0,2401196.0,0
527486.0,2401196.0,0
529466.0,2401196.0,0
530456.0,2401196.0,0
531446.0,2401196.0,0
532436.0,2401196.0,1
533426.0,2401196.0,1
534416.0,2401196.0,1
535406.0,2401196.0,4
537386.0,2401196.0,0
538376.0,2401196.0,0
539366.0,2401196.0,0
540356.0,2401196.0,0
541346.0,2401196.0,0
542336.0,2401196.0,0
543326.0,2401196.0,0
544316.0,2401196.0,2
546296.0,2401196.0,0
548276.0,2401196.0,2
552236.0,2401196.0,0
553226.0,2401196.0,2
554216.0,2401196.0,2
559166.0,2401196.0,2
561146.0,2401196.0,2
563126.0,2401196.0,2
564116.0,2401196.0,2
565106.0,2401196.0,2
566096.0,2401196.0,0
567086.0,2401196.0,0
568076.0,2401196.0,0
569066.0,2401196.0,0
570056.0,2401196.0,0
571046.0,2401196.0,0
572036.0,2401196.0,0
573026.0,2401196.0,0
575996.0,2401196.0,2
576986.0,2401196.0,0
577976.0,2401196.0,0
579956.0,2401196.0,0
629456.0,2401196.0,2
631436.0,2401196.0,2
632426.0,2401196.0,0
633416.0,2401196.0,2
634406.0,2401196.0,3
386906.0,2400206.0,0
387896.0,2400206.0,0
389876.0,2400206.0,0
390866.0,2400206.0,0
391856.0,2400206.0,0
394826.0,2400206.0,2
397796.0,2400206.0,2
402746.0,2400206.0,0
403736.0,2400206.0,0
404726.0,2400206.0,0
405716.0,2400206.0,2
407696.0,2400206.0,2
408686.0,2400206.0,2
411656.0,2400206.0,2
413636.0,2400206.0,2
416606.0,2400206.0,2
420566.0,2400206.0,2
422546.0,2400206.0,2
424526.0,2400206.0,2
426506.0,2400206.0,2
430466.0,2400206.0,2
431456.0,2400206.0,2
432446.0,2400206.0,2
434426.0,2400206.0,2
435416.0,2400206.0,2
436406.0,2400206.0,2
438386.0,2400206.0,2
440366.0,2400206.0,2
441356.0,2400206.0,0
442346.0,2400206.0,0
444326.0,2400206.0,2
445316.0,2400206.0,0
447296.0,2400206.0,0
448286.0,2400206.0,0
450266.0,2400206.0,0
451256.0,2400206.0,0
452246.0,2400206.0,0
453236.0,2400206.0,0
454226.0,2400206.0,2
455216.0,2400206.0,0
457196.0,2400206.0,2
459176.0,2400206.0,0
465116.0,2400206.0,2
471056.0,2400206.0,2
482936.0,2400206.0,2
497786.0,2400206.0,2
498776.0,2400206.0,2
501746.0,2400206.0,2
502736.0,2400206.0,2
515606.0,2400206.0,0
520556.0,2400206.0,0
521546.0,2400206.0,3
523526.0,2400206.0,0
524516.0,2400206.0,0
525506.0,2400206.0,0
526496.0,2400206.0,0
527486.0,2400206.0,0
528476.0,2400206.0,0
529466.0,2400206.0,0
530456.0,2400206.0,1
533426.0,2400206.0,1
534416.0,2400206.0,1
535406.0,2400206.0,0
536396.0,2400206.0,0
539366.0,2400206.0,0
541346.0,2400206.0,0
544316.0,2400206.0,0
548276.0,2400206.0,0
550256.0,2400206.0,0
551246.0,2400206.0,0
554216.0,2400206.0,0
555206.0,2400206.0,2
560156.0,2400206.0,2
563126.0,2400206.0,0
564116.0,2400206.0,0
565106.0,2400206.0,2
566096.0,2400206.0,0
567086.0,2400206.0,0
568076.0,2400206.0,0
569066.0,2400206.0,0
570056.0,2400206.0,0
571046.0,2400206.0,0
572036.0,2400206.0,0
573026.0,2400206.0,0
575006.0,2400206.0,2
576986.0,2400206.0,0
577976.0,2400206.0,0
578966.0,2400206.0,0
579956.0,2400206.0,0
386906.0,2399216.0,0
387896.0,2399216.0,0
390866.0,2399216.0,0
394826.0,2399216.0,2
397796.0,2399216.0,2
398786.0,2399216.0,2
399776.0,2399216.0,2
402746.0,2399216.0,0
403736.0,2399216.0,0
407696.0,2399216.0,2
410666.0,2399216.0,2
411656.0,2399216.0,2
412646.0,2399216.0,2
413636.0,2399216.0,2
415616.0,2399216.0,2
427496.0,2399216.0,2
429476.0,2399216.0,2
430466.0,2399216.0,2
431456.0,2399216.0,2
433436.0,2399216.0,2
435416.0,2399216.0,0
436406.0,2399216.0,2
437396.0,2399216.0,2
438386.0,2399216.0,2
441356.0,2399216.0,0
442346.0,2399216.0,3
444326.0,2399216.0,2
445316.0,2399216.0,0
446306.0,2399216.0,3
448286.0,2399216.0,0
449276.0,2399216.0,2
452246.0,2399216.0,0
454226.0,2399216.0,0
455216.0,2399216.0,2
474026.0,2399216.0,2
476006.0,2399216.0,2
482936.0,2399216.0,2
501746.0,2399216.0,2
502736.0,2399216.0,2
506696.0,2399216.0,2
510656.0,2399216.0,2
513626.0,2399216.0,2
515606.0,2399216.0,2
516596.0,2399216.0,2
520556.0,2399216.0,0
522536.0,2399216.0,0
523526.0,2399216.0,0
525506.0,2399216.0,0
526496.0,2399216.0,0
527486.0,2399216.0,0
528476.0,2399216.0,0
529466.0,2399216.0,1
530456.0,2399216.0,1
531446.0,2399216.0,1
532436.0,2399216.0,1
533426.0,2399216.0,1
534416.0,2399216.0,0
535406.0,2399216.0,0
542336.0,2399216.0,0
543326.0,2399216.0,0
546296.0,2399216.0,2
547286.0,2399216.0,2
548276.0,2399216.0,0
551246.0,2399216.0,0
554216.0,2399216.0,2
555206.0,2399216.0,2
557186.0,2399216.0,0
559166.0,2399216.0,0
560156.0,2399216.0,0
563126.0,2399216.0,0
564116.0,2399216.0,0
565106.0,2399216.0,2
566096.0,2399216.0,3
569066.0,2399216.0,1
570056.0,2399216.0,1
571046.0,2399216.0,1
572036.0,2399216.0,0
574016.0,2399216.0,0
576986.0,2399216.0,2
578966.0,2399216.0,0
579956.0,2399216.0,0
386906.0,2398226.0,0
388886.0,2398226.0,0
389876.0,2398226.0,0
391856.0,2398226.0,0
401756.0,2398226.0,0
402746.0,2398226.0,0
403736.0,2398226.0,0
404726.0,2398226.0,2
405716.0,2398226.0,0
406706.0,2398226.0,2
412646.0,2398226.0,2
414626.0,2398226.0,2
417596.0,2398226.0,2
421556.0,2398226.0,2
425516.0,2398226.0,2
429476.0,2398226.0,2
431456.0,2398226.0,2
435416.0,2398226.0,2
436406.0,2398226.0,2
439376.0,2398226.0,0
440366.0,2398226.0,0
441356.0,2398226.0,3
442346.0,2398226.0,2
443336.0,2398226.0,0
444326.0,2398226.0,2
445316.0,2398226.0,2
447296.0,2398226.0,0
448286.0,2398226.0,2
450266.0,2398226.0,0
451256.0,2398226.0,2
452246.0,2398226.0,2
453236.0,2398226.0,0
455216.0,2398226.0,2
471056.0,2398226.0,2
473036.0,2398226.0,2
477986.0,2398226.0,2
479966.0,2398226.0,2
498776.0,2398226.0,2
503726.0,2398226.0,2
504716.0,2398226.0,2
505706.0,2398226.0,2
514616.0,2398226.0,2
515606.0,2398226.0,2
516596.0,2398226.0,2
520556.0,2398226.0,0
522536.0,2398226.0,0
524516.0,2398226.0,0
525506.0,2398226.0,0
527486.0,2398226.0,0
528476.0,2398226.0,0
529466.0,2398226.0,0
530456.0,2398226.0,0
531446.0,2398226.0,1
532436.0,2398226.0,0
533426.0,2398226.0,4
535406.0,2398226.0,0
537386.0,2398226.0,0
539366.0,2398226.0,0
540356.0,2398226.0,0
541346.0,2398226.0,0
542336.0,2398226.0,0
552236.0,2398226.0,0
553226.0,2398226.0,0
554216.0,2398226.0,2
558176.0,2398226.0,0
559166.0,2398226.0,0
560156.0,2398226.0,0
561146.0,2398226.0,0
562136.0,2398226.0,0
563126.0,2398226.0,0
564116.0,2398226.0,0
566096.0,2398226.0,2
569066.0,2398226.0,1
570056.0,2398226.0,1
571046.0,2398226.0,1
572036.0,2398226.0,0
573026.0,2398226.0,0
575006.0,2398226.0,2
575996.0,2398226.0,2
576986.0,2398226.0,2
577976.0,2398226.0,2
578966.0,2398226.0,0
581936.0,2398226.0,0
386906.0,2397236.0,0
389876.0,2397236.0,0
390866.0,2397236.0,0
391856.0,2397236.0,3
400766.0,2397236.0,2
402746.0,2397236.0,2
406706.0,2397236.0,2
407696.0,2397236.0,2
408686.0,2397236.0,2
409676.0,2397236.0,2
418586.0,2397236.0,2
422546.0,2397236.0,2
423536.0,2397236.0,2
424526.0,2397236.0,2
425516.0,2397236.0,2
426506.0,2397236.0,2
427496.0,2397236.0,2
428486.0,2397236.0,2
433436.0,2397236.0,2
434426.0,2397236.0,2
435416.0,2397236.0,2
438386.0,2397236.0,2
440366.0,2397236.0,2
441356.0,2397236.0,0
442346.0,2397236.0,0
444326.0,2397236.0,2
445316.0,2397236.0,2
446306.0,2397236.0,2
448286.0,2397236.0,2
449276.0,2397236.0,2
450266.0,2397236.0,2
451256.0,2397236.0,2
452246.0,2397236.0,2
453236.0,2397236.0,0
456206.0,2397236.0,2
457196.0,2397236.0,2
458186.0,2397236.0,2
459176.0,2397236.0,2
469076.0,2397236.0,2
478976.0,2397236.0,2
496796.0,2397236.0,2
502736.0,2397236.0,2
515606.0,2397236.0,2
516596.0,2397236.0,2
520556.0,2397236.0,2
521546.0,2397236.0,2
524516.0,2397236.0,0
525506.0,2397236.0,0
526496.0,2397236.0,0
529466.0,2397236.0,0
530456.0,2397236.0,0
531446.0,2397236.0,0
532436.0,2397236.0,0
533426.0,2397236.0,0
536396.0,2397236.0,0
537386.0,2397236.0,2
538376.0,2397236.0,3
540356.0,2397236.0,0
541346.0,2397236.0,0
542336.0,2397236.0,0
547286.0,2397236.0,0
548276.0,2397236.0,0
552236.0,2397236.0,0
553226.0,2397236.0,0
555206.0,2397236.0,0
556196.0,2397236.0,0
557186.0,2397236.0,0
558176.0,2397236.0,0
559166.0,2397236.0,0
560156.0,2397236.0,0
562136.0,2397236.0,0
563126.0,2397236.0,0
564116.0,2397236.0,0
565106.0,2397236.0,0
566096.0,2397236.0,0
568076.0,2397236.0,0
569066.0,2397236.0,1
570056.0,2397236.0,1
571046.0,2397236.0,1
572036.0,2397236.0,1
573026.0,2397236.0,0
574016.0,2397236.0,0
575006.0,2397236.0,0
575996.0,2397236.0,2
577976.0,2397236.0,2
578966.0,2397236.0,0
372056.0,2396246.0,2
373046.0,2396246.0,2
389876.0,2396246.0,0
390866.0,2396246.0,0
391856.0,2396246.0,2
392846.0,2396246.0,2
393836.0,2396246.0,2
394826.0,2396246.0,2
399776.0,2396246.0,2
400766.0,2396246.0,2
401756.0,2396246.0,2
403736.0,2396246.0,2
405716.0,2396246.0,2
408686.0,2396246.0,2
416606.0,2396246.0,2
418586.0,2396246.0,2
419576.0,2396246.0,2
420566.0,2396246.0,2
424526.0,2396246.0,2
429476.0,2396246.0,2
430466.0,2396246.0,2
431456.0,2396246.0,2
433436.0,2396246.0,2
435416.0,2396246.0,2
436406.0,2396246.0,2
437396.0,2396246.0,2
443336.0,2396246.0,2
444326.0,2396246.0,2
445316.0,2396246.0,2
446306.0,2396246.0,2
447296.0,2396246.0,0
448286.0,2396246.0,0
449276.0,2396246.0,2
452246.0,2396246.0,2
454226.0,2396246.0,2
457196.0,2396246.0,2
458186.0,2396246.0,2
459176.0,2396246.0,2
471056.0,2396246.0,2
475016.0,2396246.0,2
478976.0,2396246.0,2
507686.0,2396246.0,2
510656.0,2396246.0,2
511646.0,2396246.0,2
515606.0,2396246.0,2
516596.0,2396246.0,2
520556.0,2396246.0,0
521546.0,2396246.0,0
522536.0,2396246.0,0
523526.0,2396246.0,0
524516.0,2396246.0,0
525506.0,2396246.0,0
526496.0,2396246.0,0
527486.0,2396246.0,0
529466.0,2396246.0,0
530456.0,2396246.0,0
544316.0,2396246.0,0
553226.0,2396246.0,0
554216.0,2396246.0,2
555206.0,2396246.0,3
556196.0,2396246.0,0
558176.0,2396246.0,0
559166.0,2396246.0,0
560156.0,2396246.0,0
561146.0,2396246.0,0
562136.0,2396246.0,0
563126.0,2396246.0,0
564116.0,2396246.0,0
565106.0,2396246.0,0
566096.0,2396246.0,0
567086.0,2396246.0,0
568076.0,2396246.0,1
569066.0,2396246.0,1
570056.0,2396246.0,1
571046.0,2396246.0,1
572036.0,2396246.0,1
573026.0,2396246.0,0
574016.0,2396246.0,0
372056.0,2395256.0,2
383936.0,2395256.0,0
387896.0,2395256.0,2
390866.0,2395256.0,2
392846.0,2395256.0,2
395816.0,2395256.0,2
402746.0,2395256.0,2
405716.0,2395256.0,2
407696.0,2395256.0,2
411656.0,2395256.0,2
412646.0,2395256.0,2
413636.0,2395256.0,2
414626.0,2395256.0,2
418586.0,2395256.0,2
419576.0,2395256.0,2
423536.0,2395256.0,2
424526.0,2395256.0,2
425516.0,2395256.0,2
429476.0,2395256.0,2
430466.0,2395256.0,2
431456.0,2395256.0,2
432446.0,2395256.0,2
433436.0,2395256.0,2
436406.0,2395256.0,2
437396.0,2395256.0,2
440366.0,2395256.0,2
441356.0,2395256.0,2
442346.0,2395256.0,2
444326.0,2395256.0,2
445316.0,2395256.0,2
446306.0,2395256.0,2
447296.0,2395256.0,0
449276.0,2395256.0,0
455216.0,2395256.0,2
457196.0,2395256.0,2
458186.0,2395256.0,2
471056.0,2395256.0,2
474026.0,2395256.0,2
478976.0,2395256.0,2
497786.0,2395256.0,2
499766.0,2395256.0,2
511646.0,2395256.0,2
513626.0,2395256.0,2
514616.0,2395256.0,0
517586.0,2395256.0,2
525506.0,2395256.0,0
526496.0,2395256.0,0
531446.0,2395256.0,0
532436.0,2395256.0,0
540356.0,2395256.0,2
545306.0,2395256.0,0
547286.0,2395256.0,0
551246.0,2395256.0,0
554216.0,2395256.0,2
555206.0,2395256.0,0
557186.0,2395256.0,0
558176.0,2395256.0,0
560156.0,2395256.0,0
561146.0,2395256.0,0
562136.0,2395256.0,0
564116.0,2395256.0,0
565106.0,2395256.0,0
566096.0,2395256.0,0
567086.0,2395256.0,1
568076.0,2395256.0,1
569066.0,2395256.0,1
570056.0,2395256.0,1
571046.0,2395256.0,1
572036.0,2395256.0,1
573026.0,2395256.0,0
574016.0,2395256.0,0
371066.0,2394266.0,2
373046.0,2394266.0,2
374036.0,2394266.0,2
381956.0,2394266.0,3
382946.0,2394266.0,0
383936.0,2394266.0,0
385916.0,2394266.0,3
386906.0,2394266.0,2
399776.0,2394266.0,2
401756.0,2394266.0,2
406706.0,2394266.0,2
408686.0,2394266.0,2
413636.0,2394266.0,2
417596.0,2394266.0,2
427496.0,2394266.0,2
431456.0,2394266.0,2
432446.0,2394266.0,2
433436.0,2394266.0,2
434426.0,2394266.0,3
435416.0,2394266.0,0
436406.0,2394266.0,2
437396.0,2394266.0,2
438386.0,2394266.0,2
439376.0,2394266.0,2
442346.0,2394266.0,2
445316.0,2394266.0,2
447296.0,2394266.0,0
448286.0,2394266.0,0
455216.0,2394266.0,2
457196.0,2394266.0,2
458186.0,2394266.0,2
470066.0,2394266.0,2
471056.0,2394266.0,2
474026.0,2394266.0,2
503726.0,2394266.0,2
512636.0,2394266.0,2
517586.0,2394266.0,2
519566.0,2394266.0,0
520556.0,2394266.0,0
521546.0,2394266.0,0
522536.0,2394266.0,0
523526.0,2394266.0,0
524516.0,2394266.0,0
527486.0,2394266.0,0
528476.0,2394266.0,0
531446.0,2394266.0,0
544316.0,2394266.0,0
547286.0,2394266.0,0
550256.0,2394266.0,0
551246.0,2394266.0,0
552236.0,2394266.0,0
553226.0,2394266.0,0
554216.0,2394266.0,0
555206.0,2394266.0,0
556196.0,2394266.0,0
557186.0,2394266.0,1
559166.0,2394266.0,0
560156.0,2394266.0,0
561146.0,2394266.0,0
564116.0,2394266.0,0
566096.0,2394266.0,1
567086.0,2394266.0,1
568076.0,2394266.0,1
569066.0,2394266.0,1
570056.0,2394266.0,1
571046.0,2394266.0,1
572036.0,2394266.0,1
573026.0,2394266.0,0
574016.0,2394266.0,0
587876.0,2394266.0,2
588866.0,2394266.0,2
601736.0,2394266.0,2
602726.0,2394266.0,2
371066.0,2393276.0,2
372056.0,2393276.0,2
376016.0,2393276.0,2
377996.0,2393276.0,0
378986.0,2393276.0,0
381956.0,2393276.0,0
384926.0,2393276.0,2
385916.0,2393276.0,2
386906.0,2393276.0,2
387896.0,2393276.0,2
390866.0,2393276.0,2
394826.0,2393276.0,2
396806.0,2393276.0,2
399776.0,2393276.0,2
404726.0,2393276.0,2
405716.0,2393276.0,2
406706.0,2393276.0,2
407696.0,2393276.0,2
410666.0,2393276.0,2
411656.0,2393276.0,2
412646.0,2393276.0,2
414626.0,2393276.0,2
416606.0,2393276.0,2
424526.0,2393276.0,2
425516.0,2393276.0,2
426506.0,2393276.0,2
433436.0,2393276.0,2
434426.0,2393276.0,2
435416.0,2393276.0,0
436406.0,2393276.0,0
437396.0,2393276.0,2
438386.0,2393276.0,2
439376.0,2393276.0,2
440366.0,2393276.0,2
442346.0,2393276.0,0
444326.0,2393276.0,2
446306.0,2393276.0,0
447296.0,2393276.0,0
448286.0,2393276.0,2
451256.0,2393276.0,0
453236.0,2393276.0,2
454226.0,2393276.0,2
464126.0,2393276.0,2
471056.0,2393276.0,2
478976.0,2393276.0,2
480956.0,2393276.0,2
502736.0,2393276.0,2
504716.0,2393276.0,2
505706.0,2393276.0,2
512636.0,2393276.0,2
515606.0,2393276.0,2
516596.0,2393276.0,0
518576.0,2393276.0,0
519566.0,2393276.0,0
520556.0,2393276.0,0
521546.0,2393276.0,0
522536.0,2393276.0,0
523526.0,2393276.0,0
524516.0,2393276.0,0
525506.0,2393276.0,0
530456.0,2393276.0,0
532436.0,2393276.0,0
538376.0,2393276.0,0
539366.0,2393276.0,0
540356.0,2393276.0,0
544316.0,2393276.0,0
546296.0,2393276.0,0
551246.0,2393276.0,0
552236.0,2393276.0,0
553226.0,2393276.0,0
554216.0,2393276.0,0
555206.0,2393276.0,0
556196.0,2393276.0,1
557186.0,2393276.0,1
558176.0,2393276.0,1
559166.0,2393276.0,0
560156.0,2393276.0,0
561146.0,2393276.0,0
562136.0,2393276.0,0
566096.0,2393276.0,1
567086.0,2393276.0,1
568076.0,2393276.0,1
569066.0,2393276.0,1
570056.0,2393276.0,1
571046.0,2393276.0,1
572036.0,2393276.0,1
588866.0,2393276.0,2
589856.0,2393276.0,0
597776.0,2393276.0,2
602726.0,2393276.0,2
603716.0,2393276.0,2
604706.0,2393276.0,3
370076.0,2392286.0,2
371066.0,2392286.0,2
373046.0,2392286.0,2
375026.0,2392286.0,2
382946.0,2392286.0,0
383936.0,2392286.0,2
384926.0,2392286.0,2
385916.0,2392286.0,2
386906.0,2392286.0,2
391856.0,2392286.0,2
394826.0,2392286.0,2
397796.0,2392286.0,2
399776.0,2392286.0,2
400766.0,2392286.0,2
403736.0,2392286.0,2
404726.0,2392286.0,2
406706.0,2392286.0,2
407696.0,2392286.0,2
409676.0,2392286.0,2
411656.0,2392286.0,2
412646.0,2392286.0,2
413636.0,2392286.0,2
415616.0,2392286.0,2
417596.0,2392286.0,2
432446.0,2392286.0,2
433436.0,2392286.0,2
434426.0,2392286.0,0
435416.0,2392286.0,0
436406.0,2392286.0,0
437396.0,2392286.0,2
439376.0,2392286.0,2
440366.0,2392286.0,0
441356.0,2392286.0,2
442346.0,2392286.0,2
444326.0,2392286.0,2
447296.0,2392286.0,0
448286.0,2392286.0,2
449276.0,2392286.0,2
453236.0,2392286.0,2
455216.0,2392286.0,2
459176.0,2392286.0,2
460166.0,2392286.0,2
461156.0,2392286.0,2
462146.0,2392286.0,2
473036.0,2392286.0,2
478976.0,2392286.0,2
479966.0,2392286.0,2
480956.0,2392286.0,2
502736.0,2392286.0,2
503726.0,2392286.0,2
511646.0,2392286.0,2
517586.0,2392286.0,0
518576.0,2392286.0,0
520556.0,2392286.0,1
523526.0,2392286.0,0
524516.0,2392286.0,0
525506.0,2392286.0,0
526496.0,2392286.0,0
527486.0,2392286.0,0
530456.0,2392286.0,0
532436.0,2392286.0,2
533426.0,2392286.0,2
536396.0,2392286.0,0
537386.0,2392286.0,0
538376.0,2392286.0,0
539366.0,2392286.0,0
540356.0,2392286.0,0
542336.0,2392286.0,0
543326.0,2392286.0,2
548276.0,2392286.0,2
549266.0,2392286.0,0
551246.0,2392286.0,0
552236.0,2392286.0,0
553226.0,2392286.0,0
554216.0,2392286.0,0
555206.0,2392286.0,1
556196.0,2392286.0,1
557186.0,2392286.0,1
558176.0,2392286.0,0
559166.0,2392286.0,0
560156.0,2392286.0,0
561146.0,2392286.0,0
562136.0,2392286.0,0
565106.0,2392286.0,4
566096.0,2392286.0,1
567086.0,2392286.0,1
568076.0,2392286.0,1
569066.0,2392286.0,1
570056.0,2392286.0,1
571046.0,2392286.0,1
572036.0,2392286.0,1
573026.0,2392286.0,4
588866.0,2392286.0,0
589856.0,2392286.0,2
590846.0,2392286.0,2
591836.0,2392286.0,0
593816.0,2392286.0,2
594806.0,2392286.0,2
598766.0,2392286.0,2
599756.0,2392286.0,2
600746.0,2392286.0,2
601736.0,2392286.0,2
603716.0,2392286.0,2
371066.0,2391296.0,2
373046.0,2391296.0,2
376016.0,2391296.0,2
387896.0,2391296.0,2
390866.0,2391296.0,2
391856.0,2391296.0,2
392846.0,2391296.0,2
395816.0,2391296.0,2
397796.0,2391296.0,2
405716.0,2391296.0,2
406706.0,2391296.0,2
407696.0,2391296.0,2
408686.0,2391296.0,2
411656.0,2391296.0,2
414626.0,2391296.0,2
430466.0,2391296.0,2
431456.0,2391296.0,2
432446.0,2391296.0,2
434426.0,2391296.0,2
435416.0,2391296.0,0
436406.0,2391296.0,3
437396.0,2391296.0,0
438386.0,2391296.0,0
439376.0,2391296.0,0
440366.0,2391296.0,3
441356.0,2391296.0,2
442346.0,2391296.0,2
443336.0,2391296.0,2
444326.0,2391296.0,2
445316.0,2391296.0,2
453236.0,2391296.0,2
480956.0,2391296.0,2
482936.0,2391296.0,2
501746.0,2391296.0,2
510656.0,2391296.0,2
514616.0,2391296.0,2
515606.0,2391296.0,2
516596.0,2391296.0,0
517586.0,2391296.0,0
518576.0,2391296.0,0
519566.0,2391296.0,1
520556.0,2391296.0,1
521546.0,2391296.0,1
522536.0,2391296.0,1
523526.0,2391296.0,0
524516.0,2391296.0,0
525506.0,2391296.0,0
526496.0,2391296.0,0
527486.0,2391296.0,0
528476.0,2391296.0,0
529466.0,2391296.0,0
531446.0,2391296.0,2
532436.0,2391296.0,0
533426.0,2391296.0,0
534416.0,2391296.0,2
536396.0,2391296.0,0
537386.0,2391296.0,0
538376.0,2391296.0,0
539366.0,2391296.0,0
546296.0,2391296.0,2
548276.0,2391296.0,2
549266.0,2391296.0,2
550256.0,2391296.0,0
551246.0,2391296.0,0
552236.0,2391296.0,1
553226.0,2391296.0,1
554216.0,2391296.0,1
555206.0,2391296.0,0
556196.0,2391296.0,0
557186.0,2391296.0,0
558176.0,2391296.0,0
560156.0,2391296.0,0
561146.0,2391296.0,0
562136.0,2391296.0,0
565106.0,2391296.0,0
566096.0,2391296.0,1
567086.0,2391296.0,1
568076.0,2391296.0,1
569066.0,2391296.0,1
570056.0,2391296.0,1
571046.0,2391296.0,1
572036.0,2391296.0,0
589856.0,2391296.0,2
592826.0,2391296.0,2
593816.0,2391296.0,2
594806.0,2391296.0,2
596786.0,2391296.0,2
598766.0,2391296.0,2
599756.0,2391296.0,2
600746.0,2391296.0,2
378986.0,2390306.0,2
384926.0,2390306.0,2
386906.0,2390306.0,2
387896.0,2390306.0,2
392846.0,2390306.0,2
394826.0,2390306.0,2
402746.0,2390306.0,2
406706.0,2390306.0,2
409676.0,2390306.0,2
410666.0,2390306.0,2
425516.0,2390306.0,2
431456.0,2390306.0,2
433436.0,2390306.0,2
434426.0,2390306.0,2
435416.0,2390306.0,2
436406.0,2390306.0,0
437396.0,2390306.0,0
439376.0,2390306.0,2
440366.0,2390306.0,0
441356.0,2390306.0,0
444326.0,2390306.0,2
445316.0,2390306.0,2
448286.0,2390306.0,2
450266.0,2390306.0,2
454226.0,2390306.0,2
456206.0,2390306.0,2
458186.0,2390306.0,2
459176.0,2390306.0,2
460166.0,2390306.0,2
473036.0,2390306.0,2
474026.0,2390306.0,2
477986.0,2390306.0,2
478976.0,2390306.0,2
484916.0,2390306.0,2
501746.0,2390306.0,2
502736.0,2390306.0,2
512636.0,2390306.0,2
516596.0,2390306.0,0
517586.0,2390306.0,0
518576.0,2390306.0,0
519566.0,2390306.0,1
520556.0,2390306.0,1
521546.0,2390306.0,1
522536.0,2390306.0,1
523526.0,2390306.0,1
524516.0,2390306.0,0
525506.0,2390306.0,1
526496.0,2390306.0,0
527486.0,2390306.0,0
528476.0,2390306.0,0
529466.0,2390306.0,0
530456.0,2390306.0,0
532436.0,2390306.0,0
533426.0,2390306.0,2
537386.0,2390306.0,0
538376.0,2390306.0,0
547286.0,2390306.0,2
549266.0,2390306.0,0
550256.0,2390306.0,0
551246.0,2390306.0,0
552236.0,2390306.0,1
553226.0,2390306.0,1
554216.0,2390306.0,1
555206.0,2390306.0,0
556196.0,2390306.0,0
558176.0,2390306.0,0
560156.0,2390306.0,0
563126.0,2390306.0,0
565106.0,2390306.0,0
566096.0,2390306.0,1
567086.0,2390306.0,1
568076.0,2390306.0,1
569066.0,2390306.0,1
570056.0,2390306.0,1
588866.0,2390306.0,2
599756.0,2390306.0,2
373046.0,2389316.0,2
375026.0,2389316.0,2
381956.0,2389316.0,2
383936.0,2389316.0,2
385916.0,2389316.0,2
387896.0,2389316.0,2
388886.0,2389316.0,2
396806.0,2389316.0,2
397796.0,2389316.0,2
402746.0,2389316.0,2
403736.0,2389316.0,3
404726.0,2389316.0,0
407696.0,2389316.0,2
410666.0,2389316.0,2
431456.0,2389316.0,2
432446.0,2389316.0,2
433436.0,2389316.0,0
434426.0,2389316.0,0
442346.0,2389316.0,0
444326.0,2389316.0,2
449276.0,2389316.0,2
451256.0,2389316.0,2
452246.0,2389316.0,2
453236.0,2389316.0,2
454226.0,2389316.0,2
457196.0,2389316.0,2
458186.0,2389316.0,2
459176.0,2389316.0,2
460166.0,2389316.0,2
461156.0,2389316.0,2
462146.0,2389316.0,2
471056.0,2389316.0,2
476996.0,2389316.0,2
477986.0,2389316.0,2
478976.0,2389316.0,2
488876.0,2389316.0,2
501746.0,2389316.0,2
502736.0,2389316.0,2
503726.0,2389316.0,2
504716.0,2389316.0,2
515606.0,2389316.0,0
517586.0,2389316.0,0
518576.0,2389316.0,0
520556.0,2389316.0,1
521546.0,2389316.0,1
522536.0,2389316.0,1
523526.0,2389316.0,1
524516.0,2389316.0,1
525506.0,2389316.0,1
526496.0,2389316.0,1
527486.0,2389316.0,0
528476.0,2389316.0,0
529466.0,2389316.0,0
531446.0,2389316.0,0
532436.0,2389316.0,0
533426.0,2389316.0,0
534416.0,2389316.0,0
536396.0,2389316.0,0
537386.0,2389316.0,0
538376.0,2389316.0,0
545306.0,2389316.0,2
550256.0,2389316.0,0
551246.0,2389316.0,0
552236.0,2389316.0,0
553226.0,2389316.0,1
554216.0,2389316.0,0
556196.0,2389316.0,0
558176.0,2389316.0,0
564116.0,2389316.0,0
565106.0,2389316.0,0
566096.0,2389316.0,1
567086.0,2389316.0,1
568076.0,2389316.0,0
571046.0,2389316.0,0
373046.0,2388326.0,2
374036.0,2388326.0,2
375026.0,2388326.0,2
376016.0,2388326.0,2
382946.0,2388326.0,0
385916.0,2388326.0,2
387896.0,2388326.0,2
398786.0,2388326.0,2
402746.0,2388326.0,2
403736.0,2388326.0,2
404726.0,2388326.0,2
405716.0,2388326.0,2
409676.0,2388326.0,2
416606.0,2388326.0,2
419576.0,2388326.0,2
431456.0,2388326.0,0
433436.0,2388326.0,0
435416.0,2388326.0,0
436406.0,2388326.0,0
438386.0,2388326.0,2
439376.0,2388326.0,2
440366.0,2388326.0,2
451256.0,2388326.0,2
454226.0,2388326.0,2
455216.0,2388326.0,2
456206.0,2388326.0,2
457196.0,2388326.0,2
458186.0,2388326.0,2
459176.0,2388326.0,2
461156.0,2388326.0,2
473036.0,2388326.0,2
477986.0,2388326.0,2
479966.0,2388326.0,2
502736.0,2388326.0,2
505706.0,2388326.0,2
507686.0,2388326.0,0
516596.0,2388326.0,2
518576.0,2388326.0,0
519566.0,2388326.0,0
520556.0,2388326.0,1
521546.0,2388326.0,1
522536.0,2388326.0,1
523526.0,2388326.0,1
524516.0,2388326.0,1
525506.0,2388326.0,1
526496.0,2388326.0,1
527486.0,2388326.0,1
528476.0,2388326.0,0
529466.0,2388326.0,0
530456.0,2388326.0,0
531446.0,2388326.0,0
532436.0,2388326.0,0
537386.0,2388326.0,0
538376.0,2388326.0,0
539366.0,2388326.0,0
542336.0,2388326.0,0
550256.0,2388326.0,0
551246.0,2388326.0,0
552236.0,2388326.0,0
553226.0,2388326.0,0
557186.0,2388326.0,0
558176.0,2388326.0,0
560156.0,2388326.0,0
565106.0,2388326.0,0
566096.0,2388326.0,1
567086.0,2388326.0,1
568076.0,2388326.0,0
569066.0,2388326.0,0
585896.0,2388326.0,2
586886.0,2388326.0,2
588866.0,2388326.0,2
589856.0,2388326.0,2
590846.0,2388326.0,2
375026.0,2387336.0,2
379976.0,2387336.0,2
383936.0,2387336.0,2
384926.0,2387336.0,0
387896.0,2387336.0,2
388886.0,2387336.0,2
392846.0,2387336.0,2
395816.0,2387336.0,2
405716.0,2387336.0,2
406706.0,2387336.0,2
408686.0,2387336.0,2
413636.0,2387336.0,2
416606.0,2387336.0,2
430466.0,2387336.0,0
431456.0,2387336.0,0
433436.0,2387336.0,0
434426.0,2387336.0,0
435416.0,2387336.0,0
436406.0,2387336.0,0
437396.0,2387336.0,0
440366.0,2387336.0,2
441356.0,2387336.0,2
442346.0,2387336.0,2
447296.0,2387336.0,2
452246.0,2387336.0,2
455216.0,2387336.0,2
457196.0,2387336.0,2
459176.0,2387336.0,2
461156.0,2387336.0,2
463136.0,2387336.0,2
487886.0,2387336.0,2
501746.0,2387336.0,2
503726.0,2387336.0,2
505706.0,2387336.0,2
507686.0,2387336.0,2
512636.0,2387336.0,0
514616.0,2387336.0,2
515606.0,2387336.0,2
517586.0,2387336.0,0
518576.0,2387336.0,0
519566.0,2387336.0,0
520556.0,2387336.0,0
521546.0,2387336.0,0
522536.0,2387336.0,1
523526.0,2387336.0,1
524516.0,2387336.0,1
525506.0,2387336.0,1
526496.0,2387336.0,1
527486.0,2387336.0,1
528476.0,2387336.0,0
529466.0,2387336.0,0
530456.0,2387336.0,0
531446.0,2387336.0,0
535406.0,2387336.0,0
537386.0,2387336.0,0
552236.0,2387336.0,0
555206.0,2387336.0,0
557186.0,2387336.0,0
558176.0,2387336.0,0
564116.0,2387336.0,0
565106.0,2387336.0,0
566096.0,2387336.0,0
567086.0,2387336.0,0
568076.0,2387336.0,0
586886.0,2387336.0,2
587876.0,2387336.0,2
588866.0,2387336.0,2
589856.0,2387336.0,2
378986.0,2386346.0,2
379976.0,2386346.0,2
381956.0,2386346.0,2
382946.0,2386346.0,2
386906.0,2386346.0,2
391856.0,2386346.0,2
393836.0,2386346.0,2
396806.0,2386346.0,2
398786.0,2386346.0,2
403736.0,2386346.0,2
405716.0,2386346.0,2
407696.0,2386346.0,2
409676.0,2386346.0,2
414626.0,2386346.0,2
429476.0,2386346.0,2
433436.0,2386346.0,0
434426.0,2386346.0,0
435416.0,2386346.0,0
436406.0,2386346.0,0
438386.0,2386346.0,0
439376.0,2386346.0,0
440366.0,2386346.0,2
441356.0,2386346.0,2
442346.0,2386346.0,2
444326.0,2386346.0,2
448286.0,2386346.0,2
449276.0,2386346.0,2
450266.0,2386346.0,2
453236.0,2386346.0,2
454226.0,2386346.0,2
455216.0,2386346.0,2
458186.0,2386346.0,2
459176.0,2386346.0,2
475016.0,2386346.0,2
477986.0,2386346.0,2
497786.0,2386346.0,2
500756.0,2386346.0,2
501746.0,2386346.0,2
503726.0,2386346.0,2
513626.0,2386346.0,0
514616.0,2386346.0,0
515606.0,2386346.0,0
516596.0,2386346.0,0
519566.0,2386346.0,0
520556.0,2386346.0,0
522536.0,2386346.0,1
523526.0,2386346.0,1
524516.0,2386346.0,0
525506.0,2386346.0,0
526496.0,2386346.0,0
527486.0,2386346.0,0
528476.0,2386346.0,0
529466.0,2386346.0,0
530456.0,2386346.0,0
532436.0,2386346.0,0
533426.0,2386346.0,2
534416.0,2386346.0,2
538376.0,2386346.0,0
548276.0,2386346.0,0
557186.0,2386346.0,0
558176.0,2386346.0,0
565106.0,2386346.0,0
566096.0,2386346.0,0
567086.0,2386346.0,0
568076.0,2386346.0,0
586886.0,2386346.0,2
588866.0,2386346.0,2
589856.0,2386346.0,2
377006.0,2385356.0,2
377996.0,2385356.0,2
380966.0,2385356.0,2
388886.0,2385356.0,3
392846.0,2385356.0,2
395816.0,2385356.0,2
401756.0,2385356.0,2
406706.0,2385356.0,2
407696.0,2385356.0,2
412646.0,2385356.0,2
429476.0,2385356.0,0
433436.0,2385356.0,0
438386.0,2385356.0,0
439376.0,2385356.0,0
440366.0,2385356.0,0
441356.0,2385356.0,2
446306.0,2385356.0,2
449276.0,2385356.0,2
455216.0,2385356.0,2
459176.0,2385356.0,2
460166.0,2385356.0,2
461156.0,2385356.0,2
467096.0,2385356.0,2
507686.0,2385356.0,2
509666.0,2385356.0,2
511646.0,2385356.0,2
515606.0,2385356.0,0
516596.0,2385356.0,0
519566.0,2385356.0,0
524516.0,2385356.0,0
525506.0,2385356.0,0
526496.0,2385356.0,0
528476.0,2385356.0,0
531446.0,2385356.0,0
533426.0,2385356.0,2
538376.0,2385356.0,0
557186.0,2385356.0,0
565106.0,2385356.0,0
566096.0,2385356.0,0
585896.0,2385356.0,2
380966.0,2384366.0,2
381956.0,2384366.0,2
382946.0,2384366.0,2
383936.0,2384366.0,2
385916.0,2384366.0,2
386906.0,2384366.0,2
390866.0,2384366.0,2
399776.0,2384366.0,2
400766.0,2384366.0,2
405716.0,2384366.0,2
419576.0,2384366.0,2
420566.0,2384366.0,2
422546.0,2384366.0,2
427496.0,2384366.0,2
432446.0,2384366.0,0
433436.0,2384366.0,0
434426.0,2384366.0,0
435416.0,2384366.0,0
437396.0,2384366.0,0
438386.0,2384366.0,0
440366.0,2384366.0,2
441356.0,2384366.0,2
448286.0,2384366.0,2
449276.0,2384366.0,2
450266.0,2384366.0,2
452246.0,2384366.0,2
454226.0,2384366.0,2
457196.0,2384366.0,2
474026.0,2384366.0,2
477986.0,2384366.0,2
501746.0,2384366.0,2
508676.0,2384366.0,2
511646.0,2384366.0,2
513626.0,2384366.0,0
514616.0,2384366.0,0
515606.0,2384366.0,3
516596.0,2384366.0,0
519566.0,2384366.0,0
524516.0,2384366.0,0
525506.0,2384366.0,0
526496.0,2384366.0,0
528476.0,2384366.0,0
531446.0,2384366.0,2
532436.0,2384366.0,2
533426.0,2384366.0,0
553226.0,2384366.0,0
555206.0,2384366.0,0
557186.0,2384366.0,0
558176.0,2384366.0,0
565106.0,2384366.0,0
566096.0,2384366.0,0
567086.0,2384366.0,0
381956.0,2383376.0,2
382946.0,2383376.0,2
384926.0,2383376.0,2
386906.0,2383376.0,2
393836.0,2383376.0,2
394826.0,2383376.0,2
399776.0,2383376.0,2
400766.0,2383376.0,2
405716.0,2383376.0,2
416606.0,2383376.0,2
426506.0,2383376.0,2
428486.0,2383376.0,2
432446.0,2383376.0,0
433436.0,2383376.0,0
438386.0,2383376.0,0
445316.0,2383376.0,2
447296.0,2383376.0,2
450266.0,2383376.0,2
451256.0,2383376.0,2
475016.0,2383376.0,2
477986.0,2383376.0,2
506696.0,2383376.0,2
513626.0,2383376.0,2
516596.0,2383376.0,0
537386.0,2383376.0,2
552236.0,2383376.0,0
556196.0,2383376.0,2
565106.0,2383376.0,0
566096.0,2383376.0,0
567086.0,2383376.0,0
380966.0,2382386.0,2
381956.0,2382386.0,2
382946.0,2382386.0,2
383936.0,2382386.0,2
384926.0,2382386.0,2
385916.0,2382386.0,2
386906.0,2382386.0,2
388886.0,2382386.0,2
389876.0,2382386.0,2
390866.0,2382386.0,2
400766.0,2382386.0,2
401756.0,2382386.0,2
402746.0,2382386.0,2
415616.0,2382386.0,2
427496.0,2382386.0,2
432446.0,2382386.0,0
433436.0,2382386.0,0
435416.0,2382386.0,0
437396.0,2382386.0,2
438386.0,2382386.0,0
439376.0,2382386.0,0
441356.0,2382386.0,2
443336.0,2382386.0,2
444326.0,2382386.0,2
448286.0,2382386.0,2
449276.0,2382386.0,3
451256.0,2382386.0,2
474026.0,2382386.0,2
510656.0,2382386.0,2
513626.0,2382386.0,2
520556.0,2382386.0,2
522536.0,2382386.0,0
523526.0,2382386.0,0
527486.0,2382386.0,2
542336.0,2382386.0,2
558176.0,2382386.0,0
564116.0,2382386.0,0
567086.0,2382386.0,0
568076.0,2382386.0,0
376016.0,2381396.0,2
379976.0,2381396.0,2
381956.0,2381396.0,2
384926.0,2381396.0,2
386906.0,2381396.0,2
387896.0,2381396.0,2
388886.0,2381396.0,2
389876.0,2381396.0,2
390866.0,2381396.0,2
394826.0,2381396.0,2
397796.0,2381396.0,2
399776.0,2381396.0,2
412646.0,2381396.0,2
413636.0,2381396.0,2
415616.0,2381396.0,2
416606.0,2381396.0,2
420566.0,2381396.0,2
426506.0,2381396.0,2
428486.0,2381396.0,2
430466.0,2381396.0,2
431456.0,2381396.0,2
435416.0,2381396.0,0
436406.0,2381396.0,2
437396.0,2381396.0,0
444326.0,2381396.0,2
448286.0,2381396.0,2
454226.0,2381396.0,2
458186.0,2381396.0,2
462146.0,2381396.0,2
489866.0,2381396.0,2
493826.0,2381396.0,2
494816.0,2381396.0,2
497786.0,2381396.0,2
503726.0,2381396.0,2
510656.0,2381396.0,2
513626.0,2381396.0,2
531446.0,2381396.0,2
532436.0,2381396.0,2
542336.0,2381396.0,2
543326.0,2381396.0,2
558176.0,2381396.0,0
568076.0,2381396.0,0
381956.0,2380406.0,2
383936.0,2380406.0,2
384926.0,2380406.0,2
385916.0,2380406.0,2
389876.0,2380406.0,2
394826.0,2380406.0,2
406706.0,2380406.0,2
407696.0,2380406.0,2
410666.0,2380406.0,2
411656.0,2380406.0,2
412646.0,2380406.0,2
413636.0,2380406.0,2
415616.0,2380406.0,2
416606.0,2380406.0,2
419576.0,2380406.0,2
422546.0,2380406.0,2
424526.0,2380406.0,2
426506.0,2380406.0,2
430466.0,2380406.0,2
432446.0,2380406.0,2
433436.0,2380406.0,0
434426.0,2380406.0,0
435416.0,2380406.0,0
438386.0,2380406.0,2
442346.0,2380406.0,2
444326.0,2380406.0,2
450266.0,2380406.0,2
456206.0,2380406.0,2
457196.0,2380406.0,2
458186.0,2380406.0,2
461156.0,2380406.0,2
462146.0,2380406.0,2
463136.0,2380406.0,2
494816.0,2380406.0,2
497786.0,2380406.0,2
512636.0,2380406.0,2
514616.0,2380406.0,2
530456.0,2380406.0,0
531446.0,2380406.0,2
532436.0,2380406.0,0
533426.0,2380406.0,0
381956.0,2379416.0,2
384926.0,2379416.0,2
387896.0,2379416.0,2
390866.0,2379416.0,2
393836.0,2379416.0,2
396806.0,2379416.0,2
398786.0,2379416.0,2
402746.0,2379416.0,2
404726.0,2379416.0,2
405716.0,2379416.0,2
406706.0,2379416.0,2
407696.0,2379416.0,2
408686.0,2379416.0,2
411656.0,2379416.0,2
412646.0,2379416.0,2
414626.0,2379416.0,2
423536.0,2379416.0,2
424526.0,2379416.0,2
427496.0,2379416.0,2
428486.0,2379416.0,2
429476.0,2379416.0,2
430466.0,2379416.0,2
432446.0,2379416.0,2
435416.0,2379416.0,0
441356.0,2379416.0,2
444326.0,2379416.0,2
447296.0,2379416.0,2
449276.0,2379416.0,2
456206.0,2379416.0,2
462146.0,2379416.0,2
493826.0,2379416.0,2
549266.0,2379416.0,2
550256.0,2379416.0,2
556196.0,2379416.0,2
377996.0,2378426.0,2
384926.0,2378426.0,2
386906.0,2378426.0,2
390866.0,2378426.0,2
396806.0,2378426.0,2
406706.0,2378426.0,2
413636.0,2378426.0,2
414626.0,2378426.0,2
416606.0,2378426.0,2
418586.0,2378426.0,2
419576.0,2378426.0,2
420566.0,2378426.0,2
421556.0,2378426.0,2
422546.0,2378426.0,2
426506.0,2378426.0,2
427496.0,2378426.0,2
429476.0,2378426.0,2
431456.0,2378426.0,2
434426.0,2378426.0,0
435416.0,2378426.0,0
436406.0,2378426.0,0
440366.0,2378426.0,2
441356.0,2378426.0,2
442346.0,2378426.0,2
445316.0,2378426.0,2
449276.0,2378426.0,2
450266.0,2378426.0,2
454226.0,2378426.0,2
458186.0,2378426.0,2
488876.0,2378426.0,2
513626.0,2378426.0,2
550256.0,2378426.0,2
377996.0,2377436.0,2
380966.0,2377436.0,2
386906.0,2377436.0,2
400766.0,2377436.0,2
405716.0,2377436.0,2
406706.0,2377436.0,2
407696.0,2377436.0,2
408686.0,2377436.0,2
426506.0,2377436.0,2
428486.0,2377436.0,2
431456.0,2377436.0,0
434426.0,2377436.0,0
438386.0,2377436.0,2
439376.0,2377436.0,2
441356.0,2377436.0,2
443336.0,2377436.0,2
444326.0,2377436.0,2
445316.0,2377436.0,2
447296.0,2377436.0,2
448286.0,2377436.0,2
454226.0,2377436.0,2
456206.0,2377436.0,2
464126.0,2377436.0,2
466106.0,2377436.0,2
495806.0,2377436.0,2
496796.0,2377436.0,2
537386.0,2377436.0,2
377006.0,2376446.0,2
377996.0,2376446.0,2
384926.0,2376446.0,2
385916.0,2376446.0,2
412646.0,2376446.0,2
417596.0,2376446.0,2
420566.0,2376446.0,2
424526.0,2376446.0,2
426506.0,2376446.0,2
427496.0,2376446.0,0
428486.0,2376446.0,0
430466.0,2376446.0,0
435416.0,2376446.0,2
436406.0,2376446.0,2
439376.0,2376446.0,2
441356.0,2376446.0,2
442346.0,2376446.0,2
444326.0,2376446.0,2
448286.0,2376446.0,2
449276.0,2376446.0,2
456206.0,2376446.0,2
464126.0,2376446.0,2
466106.0,2376446.0,2
467096.0,2376446.0,2
469076.0,2376446.0,2
486896.0,2376446.0,2
488876.0,2376446.0,2
489866.0,2376446.0,2
377006.0,2375456.0,2
406706.0,2375456.0,2
409676.0,2375456.0,2
413636.0,2375456.0,2
421556.0,2375456.0,2
426506.0,2375456.0,2
427496.0,2375456.0,2
428486.0,2375456.0,0
429476.0,2375456.0,2
430466.0,2375456.0,0
431456.0,2375456.0,2
435416.0,2375456.0,2
441356.0,2375456.0,2
448286.0,2375456.0,2
450266.0,2375456.0,2
451256.0,2375456.0,2
457196.0,2375456.0,2
462146.0,2375456.0,2
466106.0,2375456.0,2
488876.0,2375456.0,2
490856.0,2375456.0,2
495806.0,2375456.0,2
377996.0,2374466.0,2
401756.0,2374466.0,2
402746.0,2374466.0,2
405716.0,2374466.0,2
413636.0,2374466.0,2
417596.0,2374466.0,2
419576.0,2374466.0,2
421556.0,2374466.0,2
422546.0,2374466.0,2
424526.0,2374466.0,2
426506.0,2374466.0,2
429476.0,2374466.0,0
431456.0,2374466.0,2
432446.0,2374466.0,2
433436.0,2374466.0,2
434426.0,2374466.0,2
435416.0,2374466.0,2
437396.0,2374466.0,2
438386.0,2374466.0,2
441356.0,2374466.0,2
442346.0,2374466.0,2
443336.0,2374466.0,2
457196.0,2374466.0,2
488876.0,2374466.0,2
495806.0,2374466.0,2
496796.0,2374466.0,2
402746.0,2373476.0,2
405716.0,2373476.0,2
416606.0,2373476.0,2
419576.0,2373476.0,2
428486.0,2373476.0,2
431456.0,2373476.0,2
433436.0,2373476.0,2
437396.0,2373476.0,2
442346.0,2373476.0,2
447296.0,2373476.0,2
448286.0,2373476.0,2
449276.0,2373476.0,2
467096.0,2373476.0,2
484916.0,2373476.0,2
486896.0,2373476.0,2
492836.0,2373476.0,2
494816.0,2373476.0,2
496796.0,2373476.0,2
498776.0,2373476.0,2
407696.0,2372486.0,2
409676.0,2372486.0,2
427496.0,2372486.0,2
429476.0,2372486.0,2
434426.0,2372486.0,2
439376.0,2372486.0,2
440366.0,2372486.0,2
449276.0,2372486.0,2
450266.0,2372486.0,2
458186.0,2372486.0,2
459176.0,2372486.0,2
464126.0,2372486.0,2
483926.0,2372486.0,2
486896.0,2372486.0,2
488876.0,2372486.0,2
494816.0,2372486.0,2
398786.0,2371496.0,2
403736.0,2371496.0,2
420566.0,2371496.0,2
427496.0,2371496.0,2
428486.0,2371496.0,2
436406.0,2371496.0,2
438386.0,2371496.0,2
440366.0,2371496.0,2
449276.0,2371496.0,2
462146.0,2371496.0,2
482936.0,2371496.0,2
485906.0,2371496.0,2
486896.0,2371496.0,2
488876.0,2371496.0,2
489866.0,2371496.0,2
494816.0,2371496.0,2
393836.0,2370506.0,2
397796.0,2370506.0,2
399776.0,2370506.0,2
407696.0,2370506.0,2
419576.0,2370506.0,2
420566.0,2370506.0,2
428486.0,2370506.0,2
439376.0,2370506.0,2
456206.0,2370506.0,2
465116.0,2370506.0,2
482936.0,2370506.0,2
486896.0,2370506.0,2
490856.0,2370506.0,2
499766.0,2370506.0,2
392846.0,2369516.0,2
395816.0,2369516.0,2
429476.0,2369516.0,2
430466.0,2369516.0,2
432446.0,2369516.0,2
435416.0,2369516.0,2
437396.0,2369516.0,2
444326.0,2369516.0,2
447296.0,2369516.0,2
448286.0,2369516.0,2
461156.0,2369516.0,2
483926.0,2369516.0,2
484916.0,2369516.0,2
485906.0,2369516.0,2
487886.0,2369516.0,2
488876.0,2369516.0,2
489866.0,2369516.0,2
527486.0,2369516.0,2
528476.0,2369516.0,2
404726.0,2368526.0,2
406706.0,2368526.0,2
413636.0,2368526.0,2
415616.0,2368526.0,2
427496.0,2368526.0,2
431456.0,2368526.0,0
432446.0,2368526.0,2
437396.0,2368526.0,2
442346.0,2368526.0,2
443336.0,2368526.0,2
444326.0,2368526.0,2
445316.0,2368526.0,2
447296.0,2368526.0,2
450266.0,2368526.0,2
459176.0,2368526.0,2
480956.0,2368526.0,2
483926.0,2368526.0,2
487886.0,2368526.0,2
395816.0,2367536.0,2
400766.0,2367536.0,2
407696.0,2367536.0,2
413636.0,2367536.0,2
422546.0,2367536.0,2
427496.0,2367536.0,2
430466.0,2367536.0,0
436406.0,2367536.0,2
437396.0,2367536.0,2
438386.0,2367536.0,2
441356.0,2367536.0,2
444326.0,2367536.0,2
445316.0,2367536.0,2
446306.0,2367536.0,2
447296.0,2367536.0,2
453236.0,2367536.0,2
457196.0,2367536.0,2
458186.0,2367536.0,2
460166.0,2367536.0,2
487886.0,2367536.0,2
488876.0,2367536.0,2
400766.0,2366546.0,2
426506.0,2366546.0,2
430466.0,2366546.0,2
435416.0,2366546.0,2
443336.0,2366546.0,2
446306.0,2366546.0,2
449276.0,2366546.0,2
486896.0,2366546.0,2
390866.0,2365556.0,2
396806.0,2365556.0,2
399776.0,2365556.0,2
408686.0,2365556.0,2
409676.0,2365556.0,2
416606.0,2365556.0,2
418586.0,2365556.0,2
424526.0,2365556.0,2
427496.0,2365556.0,2
428486.0,2365556.0,2
430466.0,2365556.0,2
432446.0,2365556.0,2
435416.0,2365556.0,2
453236.0,2365556.0,2
389876.0,2364566.0,2
392846.0,2364566.0,2
395816.0,2364566.0,2
397796.0,2364566.0,2
419576.0,2364566.0,2
426506.0,2364566.0,2
446306.0,2364566.0,2
450266.0,2364566.0,2
454226.0,2364566.0,2
392846.0,2363576.0,2
393836.0,2363576.0,2
394826.0,2363576.0,2
397796.0,2363576.0,2
399776.0,2363576.0,2
400766.0,2363576.0,2
401756.0,2363576.0,2
411656.0,2363576.0,2
416606.0,2363576.0,2
417596.0,2363576.0,2
419576.0,2363576.0,2
426506.0,2363576.0,2
432446.0,2363576.0,2
433436.0,2363576.0,2
447296.0,2363576.0,2
450266.0,2363576.0,2
454226.0,2363576.0,2
398786.0,2362586.0,2
399776.0,2362586.0,2
400766.0,2362586.0,2
401756.0,2362586.0,2
403736.0,2362586.0,2
404726.0,2362586.0,2
409676.0,2362586.0,2
415616.0,2362586.0,2
417596.0,2362586.0,2
418586.0,2362586.0,2
443336.0,2362586.0,2
390866.0,2361596.0,2
412646.0,2361596.0,0
422546.0,2361596.0,2
447296.0,2361596.0,2
388886.0,2360606.0,2
398786.0,2360606.0,2
401756.0,2360606.0,2
410666.0,2360606.0,0
413636.0,2360606.0,0
416606.0,2360606.0,2
443336.0,2360606.0,2
378986.0,2359616.0,2
404726.0,2359616.0,2
413636.0,2359616.0,0
419576.0,2359616.0,2
423536.0,2359616.0,2
434426.0,2359616.0,2
378986.0,2358626.0,2
401756.0,2358626.0,2
404726.0,2358626.0,2
411656.0,2358626.0,0
413636.0,2358626.0,0
414626.0,2358626.0,0
426506.0,2358626.0,2
452246.0,2358626.0,2
453236.0,2358626.0,2
454226.0,2358626.0,2
383936.0,2357636.0,2
385916.0,2357636.0,2
388886.0,2357636.0,2
403736.0,2357636.0,2
404726.0,2357636.0,2
412646.0,2357636.0,0
413636.0,2357636.0,0
423536.0,2357636.0,2
467096.0,2357636.0,2
378986.0,2356646.0,2
383936.0,2356646.0,2
384926.0,2356646.0,2
386906.0,2356646.0,2
388886.0,2356646.0,2
394826.0,2356646.0,2
404726.0,2356646.0,2
407696.0,2356646.0,2
422546.0,2356646.0,2
380966.0,2355656.0,2
381956.0,2355656.0,2
386906.0,2355656.0,2
401756.0,2355656.0,2
411656.0,2355656.0,0
419576.0,2355656.0,2
420566.0,2355656.0,2
379976.0,2354666.0,2
380966.0,2354666.0,2
392846.0,2354666.0,2
399776.0,2354666.0,2
415616.0,2354666.0,0
420566.0,2354666.0,2
421556.0,2354666.0,2
422546.0,2354666.0,2
423536.0,2354666.0,2
424526.0,2354666.0,2
430466.0,2354666.0,2
431456.0,2354666.0,2
452246.0,2354666.0,2
454226.0,2354666.0,2
393836.0,2353676.0,2
394826.0,2353676.0,2
402746.0,2353676.0,2
404726.0,2353676.0,2
406706.0,2353676.0,2
409676.0,2353676.0,3
412646.0,2353676.0,0
422546.0,2353676.0,2
424526.0,2353676.0,2
394826.0,2352686.0,2
395816.0,2352686.0,2
398786.0,2352686.0,2
405716.0,2352686.0,3
406706.0,2352686.0,2
424526.0,2352686.0,2
382946.0,2351696.0,2
394826.0,2351696.0,2
405716.0,2351696.0,2
408686.0,2351696.0,0
410666.0,2351696.0,2
413636.0,2351696.0,2
419576.0,2351696.0,2
454226.0,2351696.0,2
377996.0,2350706.0,2
380966.0,2350706.0,2
403736.0,2350706.0,2
409676.0,2350706.0,2
410666.0,2350706.0,3
411656.0,2350706.0,2
395816.0,2349716.0,2
407696.0,2349716.0,2
412646.0,2349716.0,2
381956.0,2348726.0,2
400766.0,2348726.0,2
418586.0,2348726.0,2
422546.0,2348726.0,2
430466.0,2348726.0,2
398786.0,2347736.0,2
403736.0,2347736.0,2
415616.0,2347736.0,2
422546.0,2347736.0,2
400766.0,2346746.0,2
401756.0,2346746.0,2
409676.0,2346746.0,2
411656.0,2346746.0,0
422546.0,2346746.0,2
376016.0,2345756.0,2
377006.0,2345756.0,2
377996.0,2345756.0,2
379976.0,2345756.0,2
386906.0,2345756.0,0
424526.0,2345756.0,2
374036.0,2344766.0,2
387896.0,2344766.0,0
394826.0,2344766.0,2
403736.0,2344766.0,2
404726.0,2344766.0,2
424526.0,2344766.0,2
378986.0,2343776.0,2
380966.0,2343776.0,3
390866.0,2343776.0,2
399776.0,2343776.0,2
415616.0,2343776.0,2
426506.0,2343776.0,2
427496.0,2343776.0,2
429476.0,2343776.0,2
371066.0,2342786.0,2
375026.0,2342786.0,2
376016.0,2342786.0,2
377996.0,2342786.0,2
383936.0,2342786.0,0
386906.0,2342786.0,0
409676.0,2342786.0,0
426506.0,2342786.0,2
427496.0,2342786.0,2
431456.0,2342786.0,2
376016.0,2341796.0,2
377006.0,2341796.0,2
382946.0,2341796.0,0
384926.0,2341796.0,0
385916.0,2341796.0,0
387896.0,2341796.0,3
397796.0,2341796.0,2
410666.0,2341796.0,0
414626.0,2341796.0,0
426506.0,2341796.0,2
429476.0,2341796.0,2
430466.0,2341796.0,2
431456.0,2341796.0,2
378986.0,2340806.0,2
385916.0,2340806.0,0
393836.0,2340806.0,2
401756.0,2340806.0,2
427496.0,2340806.0,2
428486.0,2340806.0,2
430466.0,2340806.0,2
431456.0,2340806.0,2
375026.0,2339816.0,2
377006.0,2339816.0,2
379976.0,2339816.0,2
380966.0,2339816.0,0
414626.0,2339816.0,2
369086.0,2338826.0,2
376016.0,2338826.0,2
377006.0,2338826.0,3
392846.0,2338826.0,2
403736.0,2338826.0,2
406706.0,2338826.0,0
407696.0,2338826.0,0
411656.0,2338826.0,2
413636.0,2338826.0,2
424526.0,2338826.0,2
365126.0,2337836.0,2
367106.0,2337836.0,2
368096.0,2337836.0,2
372056.0,2337836.0,2
373046.0,2337836.0,2
374036.0,2337836.0,2
377006.0,2337836.0,2
377996.0,2337836.0,3
381956.0,2337836.0,2
382946.0,2337836.0,2
389876.0,2337836.0,2
391856.0,2337836.0,2
406706.0,2337836.0,0
408686.0,2337836.0,0
414626.0,2337836.0,2
424526.0,2337836.0,2
425516.0,2337836.0,2
426506.0,2337836.0,2
368096.0,2336846.0,2
371066.0,2336846.0,2
374036.0,2336846.0,2
379976.0,2336846.0,2
390866.0,2336846.0,2
391856.0,2336846.0,2
392846.0,2336846.0,2
403736.0,2336846.0,2
404726.0,2336846.0,0
410666.0,2336846.0,2
365126.0,2335856.0,2
366116.0,2335856.0,2
367106.0,2335856.0,2
368096.0,2335856.0,2
369086.0,2335856.0,2
373046.0,2335856.0,2
374036.0,2335856.0,2
380966.0,2335856.0,2
381956.0,2335856.0,2
382946.0,2335856.0,3
389876.0,2335856.0,2
390866.0,2335856.0,2
392846.0,2335856.0,2
398786.0,2335856.0,2
402746.0,2335856.0,2
408686.0,2335856.0,2
409676.0,2335856.0,2
410666.0,2335856.0,2
412646.0,2335856.0,2
417596.0,2335856.0,2
419576.0,2335856.0,2
366116.0,2334866.0,2
367106.0,2334866.0,2
369086.0,2334866.0,2
370076.0,2334866.0,2
371066.0,2334866.0,2
372056.0,2334866.0,2
373046.0,2334866.0,2
374036.0,2334866.0,2
375026.0,2334866.0,2
377006.0,2334866.0,2
379976.0,2334866.0,2
380966.0,2334866.0,2
381956.0,2334866.0,2
382946.0,2334866.0,2
388886.0,2334866.0,2
392846.0,2334866.0,2
405716.0,2334866.0,0
411656.0,2334866.0,2
412646.0,2334866.0,2
413636.0,2334866.0,2
368096.0,2333876.0,2
372056.0,2333876.0,2
373046.0,2333876.0,2
376016.0,2333876.0,2
377006.0,2333876.0,3
378986.0,2333876.0,2
386906.0,2333876.0,2
387896.0,2333876.0,2
390866.0,2333876.0,2
391856.0,2333876.0,2
392846.0,2333876.0,2
393836.0,2333876.0,2
403736.0,2333876.0,2
413636.0,2333876.0,2
365126.0,2332886.0,2
368096.0,2332886.0,2
372056.0,2332886.0,2
374036.0,2332886.0,2
377996.0,2332886.0,2
378986.0,2332886.0,2
385916.0,2332886.0,2
386906.0,2332886.0,2
389876.0,2332886.0,2
390866.0,2332886.0,2
391856.0,2332886.0,2
392846.0,2332886.0,2
393836.0,2332886.0,2
403736.0,2332886.0,2
410666.0,2332886.0,2
413636.0,2332886.0,2
367106.0,2331896.0,2
369086.0,2331896.0,2
377006.0,2331896.0,2
378986.0,2331896.0,0
380966.0,2331896.0,2
384926.0,2331896.0,2
385916.0,2331896.0,2
386906.0,2331896.0,2
387896.0,2331896.0,2
389876.0,2331896.0,2
390866.0,2331896.0,2
392846.0,2331896.0,2
394826.0,2331896.0,2
405716.0,2331896.0,2
406706.0,2331896.0,2
409676.0,2331896.0,2
410666.0,2331896.0,2
366116.0,2330906.0,2
371066.0,2330906.0,2
373046.0,2330906.0,2
377996.0,2330906.0,2
384926.0,2330906.0,2
386906.0,2330906.0,2
388886.0,2330906.0,2
394826.0,2330906.0,2
401756.0,2330906.0,2
402746.0,2330906.0,2
409676.0,2330906.0,2
410666.0,2330906.0,2
414626.0,2330906.0,2
367106.0,2329916.0,2
368096.0,2329916.0,2
372056.0,2329916.0,2
375026.0,2329916.0,2
384926.0,2329916.0,2
385916.0,2329916.0,2
386906.0,2329916.0,2
388886.0,2329916.0,2
398786.0,2329916.0,2
401756.0,2329916.0,2
402746.0,2329916.0,2
403736.0,2329916.0,2
408686.0,2329916.0,2
409676.0,2329916.0,2
368096.0,2328926.0,2
369086.0,2328926.0,2
372056.0,2328926.0,2
373046.0,2328926.0,2
377996.0,2328926.0,3
383936.0,2328926.0,2
388886.0,2328926.0,2
391856.0,2328926.0,2
393836.0,2328926.0,2
395816.0,2328926.0,2
397796.0,2328926.0,2
399776.0,2328926.0,2
400766.0,2328926.0,2
403736.0,2328926.0,2
366116.0,2327936.0,2
367106.0,2327936.0,2
368096.0,2327936.0,2
369086.0,2327936.0,2
371066.0,2327936.0,2
375026.0,2327936.0,2
384926.0,2327936.0,2
385916.0,2327936.0,2
388886.0,2327936.0,2
399776.0,2327936.0,2
401756.0,2327936.0,2
407696.0,2327936.0,2
410666.0,2327936.0,2
434426.0,2327936.0,2
366116.0,2326946.0,2
367106.0,2326946.0,2
368096.0,2326946.0,2
369086.0,2326946.0,2
371066.0,2326946.0,2
378986.0,2326946.0,0
379976.0,2326946.0,0
385916.0,2326946.0,2
389876.0,2326946.0,2
390866.0,2326946.0,2
392846.0,2326946.0,3
394826.0,2326946.0,2
398786.0,2326946.0,2
399776.0,2326946.0,2
402746.0,2326946.0,2
403736.0,2326946.0,2
448286.0,2326946.0,2
369086.0,2325956.0,2
371066.0,2325956.0,0
372056.0,2325956.0,0
373046.0,2325956.0,2
384926.0,2325956.0,2
385916.0,2325956.0,2
389876.0,2325956.0,2
390866.0,2325956.0,2
395816.0,2325956.0,2
396806.0,2325956.0,2
400766.0,2325956.0,2
402746.0,2325956.0,2
403736.0,2325956.0,2
404726.0,2325956.0,2
410666.0,2325956.0,2
366116.0,2324966.0,2
367106.0,2324966.0,2
368096.0,2324966.0,2
369086.0,2324966.0,2
372056.0,2324966.0,0
375026.0,2324966.0,2
386906.0,2324966.0,2
391856.0,2324966.0,0
392846.0,2324966.0,0
393836.0,2324966.0,2
395816.0,2324966.0,2
399776.0,2324966.0,2
403736.0,2324966.0,2
404726.0,2324966.0,2
412646.0,2324966.0,2
367106.0,2323976.0,2
369086.0,2323976.0,2
370076.0,2323976.0,2
371066.0,2323976.0,3
372056.0,2323976.0,2
373046.0,2323976.0,0
374036.0,2323976.0,2
375026.0,2323976.0,0
376016.0,2323976.0,2
381956.0,2323976.0,0
384926.0,2323976.0,0
386906.0,2323976.0,2
387896.0,2323976.0,2
394826.0,2323976.0,2
396806.0,2323976.0,2
398786.0,2323976.0,2
399776.0,2323976.0,2
403736.0,2323976.0,2
405716.0,2323976.0,2
366116.0,2322986.0,2
367106.0,2322986.0,2
368096.0,2322986.0,2
369086.0,2322986.0,2
371066.0,2322986.0,0
372056.0,2322986.0,2
376016.0,2322986.0,2
380966.0,2322986.0,0
381956.0,2322986.0,0
383936.0,2322986.0,0
384926.0,2322986.0,0
386906.0,2322986.0,2
387896.0,2322986.0,2
390866.0,2322986.0,2
400766.0,2322986.0,2
401756.0,2322986.0,2
403736.0,2322986.0,2
405716.0,2322986.0,2
367106.0,2321996.0,2
369086.0,2321996.0,2
382946.0,2321996.0,0
383936.0,2321996.0,0
385916.0,2321996.0,3
386906.0,2321996.0,2
388886.0,2321996.0,2
389876.0,2321996.0,2
390866.0,2321996.0,2
396806.0,2321996.0,2
401756.0,2321996.0,2
402746.0,2321996.0,2
403736.0,2321996.0,2
405716.0,2321996.0,2
406706.0,2321996.0,2
367106.0,2321006.0,2
368096.0,2321006.0,2
369086.0,2321006.0,2
370076.0,2321006.0,3
374036.0,2321006.0,2
375026.0,2321006.0,2
378986.0,2321006.0,2
379976.0,2321006.0,2
380966.0,2321006.0,2
381956.0,2321006.0,0
382946.0,2321006.0,0
383936.0,2321006.0,0
385916.0,2321006.0,2
386906.0,2321006.0,2
387896.0,2321006.0,2
396806.0,2321006.0,2
400766.0,2321006.0,2
403736.0,2321006.0,2
405716.0,2321006.0,2
364136.0,2320016.0,2
366116.0,2320016.0,2
367106.0,2320016.0,2
368096.0,2320016.0,2
370076.0,2320016.0,2
371066.0,2320016.0,2
372056.0,2320016.0,2
373046.0,2320016.0,2
374036.0,2320016.0,2
376016.0,2320016.0,0
377006.0,2320016.0,0
377996.0,2320016.0,0
380966.0,2320016.0,2
381956.0,2320016.0,2
382946.0,2320016.0,2
392846.0,2320016.0,2
393836.0,2320016.0,2
394826.0,2320016.0,2
396806.0,2320016.0,2
401756.0,2320016.0,2
365126.0,2319026.0,2
366116.0,2319026.0,2
367106.0,2319026.0,2
368096.0,2319026.0,2
370076.0,2319026.0,2
371066.0,2319026.0,2
372056.0,2319026.0,2
374036.0,2319026.0,2
376016.0,2319026.0,0
377006.0,2319026.0,0
377996.0,2319026.0,0
378986.0,2319026.0,0
380966.0,2319026.0,2
383936.0,2319026.0,2
385916.0,2319026.0,2
387896.0,2319026.0,2
388886.0,2319026.0,2
392846.0,2319026.0,2
398786.0,2319026.0,2
405716.0,2319026.0,2
366116.0,2318036.0,2
367106.0,2318036.0,2
368096.0,2318036.0,2
369086.0,2318036.0,2
370076.0,2318036.0,2
371066.0,2318036.0,2
375026.0,2318036.0,0
376016.0,2318036.0,0
377006.0,2318036.0,0
378986.0,2318036.0,2
379976.0,2318036.0,2
380966.0,2318036.0,2
383936.0,2318036.0,2
386906.0,2318036.0,2
387896.0,2318036.0,2
388886.0,2318036.0,2
396806.0,2318036.0,2
367106.0,2317046.0,2
368096.0,2317046.0,0
369086.0,2317046.0,0
371066.0,2317046.0,2
376016.0,2317046.0,0
377006.0,2317046.0,0
377996.0,2317046.0,2
378986.0,2317046.0,2
380966.0,2317046.0,2
383936.0,2317046.0,2
385916.0,2317046.0,2
389876.0,2317046.0,2
391856.0,2317046.0,2
396806.0,2317046.0,2
400766.0,2317046.0,2
364136.0,2316056.0,2
365126.0,2316056.0,2
366116.0,2316056.0,2
367106.0,2316056.0,0
368096.0,2316056.0,0
369086.0,2316056.0,3
370076.0,2316056.0,2
372056.0,2316056.0,2
375026.0,2316056.0,2
377006.0,2316056.0,0
378986.0,2316056.0,2
379976.0,2316056.0,2
382946.0,2316056.0,2
383936.0,2316056.0,2
385916.0,2316056.0,2
386906.0,2316056.0,2
387896.0,2316056.0,2
394826.0,2316056.0,2
398786.0,2316056.0,2
399776.0,2316056.0,2
458186.0,2316056.0,2
362156.0,2315066.0,2
367106.0,2315066.0,2
368096.0,2315066.0,2
369086.0,2315066.0,0
371066.0,2315066.0,2
375026.0,2315066.0,2
377006.0,2315066.0,2
378986.0,2315066.0,2
380966.0,2315066.0,2
382946.0,2315066.0,0
383936.0,2315066.0,2
384926.0,2315066.0,2
386906.0,2315066.0,2
388886.0,2315066.0,2
398786.0,2315066.0,2
399776.0,2315066.0,2
400766.0,2315066.0,2
460166.0,2315066.0,2
363146.0,2314076.0,2
364136.0,2314076.0,2
365126.0,2314076.0,2
367106.0,2314076.0,2
368096.0,2314076.0,2
369086.0,2314076.0,2
371066.0,2314076.0,2
376016.0,2314076.0,2
377006.0,2314076.0,0
378986.0,2314076.0,0
379976.0,2314076.0,2
380966.0,2314076.0,0
382946.0,2314076.0,0
383936.0,2314076.0,0
384926.0,2314076.0,2
386906.0,2314076.0,2
387896.0,2314076.0,2
389876.0,2314076.0,2
393836.0,2314076.0,2
396806.0,2314076.0,2
397796.0,2314076.0,2
457196.0,2314076.0,2
458186.0,2314076.0,2
459176.0,2314076.0,2
364136.0,2313086.0,2
367106.0,2313086.0,2
377996.0,2313086.0,0
378986.0,2313086.0,0
379976.0,2313086.0,0
381956.0,2313086.0,0
384926.0,2313086.0,0
385916.0,2313086.0,0
390866.0,2313086.0,2
395816.0,2313086.0,2
396806.0,2313086.0,2
398786.0,2313086.0,2
456206.0,2313086.0,2
364136.0,2312096.0,2
369086.0,2312096.0,2
371066.0,2312096.0,2
372056.0,2312096.0,2
373046.0,2312096.0,2
374036.0,2312096.0,2
375026.0,2312096.0,2
377006.0,2312096.0,0
377996.0,2312096.0,0
378986.0,2312096.0,0
381956.0,2312096.0,0
382946.0,2312096.0,0
383936.0,2312096.0,0
386906.0,2312096.0,2
388886.0,2312096.0,2
389876.0,2312096.0,2
395816.0,2312096.0,2
396806.0,2312096.0,2
399776.0,2312096.0,2
455216.0,2312096.0,2
456206.0,2312096.0,2
457196.0,2312096.0,2
458186.0,2312096.0,2
460166.0,2312096.0,2
367106.0,2311106.0,2
368096.0,2311106.0,2
370076.0,2311106.0,2
371066.0,2311106.0,2
372056.0,2311106.0,2
373046.0,2311106.0,2
375026.0,2311106.0,2
377006.0,2311106.0,0
378986.0,2311106.0,0
379976.0,2311106.0,0
380966.0,2311106.0,0
381956.0,2311106.0,0
382946.0,2311106.0,1
383936.0,2311106.0,0
384926.0,2311106.0,0
386906.0,2311106.0,0
387896.0,2311106.0,2
455216.0,2311106.0,2
458186.0,2311106.0,2
459176.0,2311106.0,2
366116.0,2310116.0,2
367106.0,2310116.0,2
368096.0,2310116.0,2
369086.0,2310116.0,2
370076.0,2310116.0,2
371066.0,2310116.0,2
373046.0,2310116.0,2
374036.0,2310116.0,2
376016.0,2310116.0,0
377006.0,2310116.0,0
380966.0,2310116.0,0
381956.0,2310116.0,0
382946.0,2310116.0,0
383936.0,2310116.0,0
384926.0,2310116.0,0
388886.0,2310116.0,2
389876.0,2310116.0,2
390866.0,2310116.0,2
455216.0,2310116.0,2
456206.0,2310116.0,2
457196.0,2310116.0,2
366116.0,2309126.0,2
368096.0,2309126.0,2
369086.0,2309126.0,2
374036.0,2309126.0,2
377006.0,2309126.0,0
378986.0,2309126.0,0
379976.0,2309126.0,2
380966.0,2309126.0,0
381956.0,2309126.0,0
382946.0,2309126.0,0
383936.0,2309126.0,0
384926.0,2309126.0,0
385916.0,2309126.0,0
386906.0,2309126.0,0
390866.0,2309126.0,2
392846.0,2309126.0,2
458186.0,2309126.0,2
364136.0,2308136.0,2
374036.0,2308136.0,0
376016.0,2308136.0,0
377006.0,2308136.0,0
377996.0,2308136.0,0
378986.0,2308136.0,2
379976.0,2308136.0,2
384926.0,2308136.0,0
385916.0,2308136.0,0
386906.0,2308136.0,0
387896.0,2308136.0,0
388886.0,2308136.0,2
389876.0,2308136.0,2
390866.0,2308136.0,2
391856.0,2308136.0,2
392846.0,2308136.0,2
458186.0,2308136.0,2
375026.0,2307146.0,2
376016.0,2307146.0,0
377006.0,2307146.0,0
380966.0,2307146.0,2
381956.0,2307146.0,2
384926.0,2307146.0,0
385916.0,2307146.0,0
386906.0,2307146.0,0
387896.0,2307146.0,2
388886.0,2307146.0,2
389876.0,2307146.0,2
390866.0,2307146.0,2
375026.0,2306156.0,2
376016.0,2306156.0,0
377006.0,2306156.0,2
377996.0,2306156.0,2
378986.0,2306156.0,2
380966.0,2306156.0,2
381956.0,2306156.0,2
382946.0,2306156.0,0
383936.0,2306156.0,0
384926.0,2306156.0,0
387896.0,2306156.0,2
388886.0,2306156.0,2
396806.0,2306156.0,2
375026.0,2305166.0,0
376016.0,2305166.0,2
377996.0,2305166.0,2
378986.0,2305166.0,2
381956.0,2305166.0,2
385916.0,2305166.0,2
387896.0,2305166.0,2
390866.0,2305166.0,2
397796.0,2305166.0,2
375026.0,2304176.0,0
376016.0,2304176.0,2
377006.0,2304176.0,2
377996.0,2304176.0,2
379976.0,2304176.0,2
380966.0,2304176.0,2
381956.0,2304176.0,2
382946.0,2304176.0,2
383936.0,2304176.0,0
385916.0,2304176.0,2
386906.0,2304176.0,2
387896.0,2304176.0,2
388886.0,2304176.0,2
390866.0,2304176.0,2
391856.0,2304176.0,2
392846.0,2304176.0,2
393836.0,2304176.0,2
398786.0,2304176.0,2
402746.0,2304176.0,2
418586.0,2304176.0,2
426506.0,2304176.0,2
428486.0,2304176.0,2
374036.0,2303186.0,2
375026.0,2303186.0,2
376016.0,2303186.0,3
377006.0,2303186.0,2
378986.0,2303186.0,2
380966.0,2303186.0,2
381956.0,2303186.0,0
382946.0,2303186.0,2
384926.0,2303186.0,0
385916.0,2303186.0,2
387896.0,2303186.0,0
388886.0,2303186.0,0
389876.0,2303186.0,2
390866.0,2303186.0,2
391856.0,2303186.0,2
392846.0,2303186.0,2
393836.0,2303186.0,2
394826.0,2303186.0,2
395816.0,2303186.0,2
398786.0,2303186.0,2
416606.0,2303186.0,2
429476.0,2303186.0,2
373046.0,2302196.0,2
376016.0,2302196.0,0
377006.0,2302196.0,2
377996.0,2302196.0,0
378986.0,2302196.0,0
379976.0,2302196.0,3
380966.0,2302196.0,0
381956.0,2302196.0,0
384926.0,2302196.0,0
386906.0,2302196.0,2
387896.0,2302196.0,0
388886.0,2302196.0,0
389876.0,2302196.0,2
391856.0,2302196.0,2
392846.0,2302196.0,2
393836.0,2302196.0,2
395816.0,2302196.0,2
400766.0,2302196.0,2
423536.0,2302196.0,2
373046.0,2301206.0,2
375026.0,2301206.0,2
376016.0,2301206.0,2
377996.0,2301206.0,2
378986.0,2301206.0,0
381956.0,2301206.0,3
384926.0,2301206.0,0
385916.0,2301206.0,0
386906.0,2301206.0,0
387896.0,2301206.0,0
388886.0,2301206.0,0
390866.0,2301206.0,0
391856.0,2301206.0,2
392846.0,2301206.0,2
393836.0,2301206.0,2
394826.0,2301206.0,2
396806.0,2301206.0,2
400766.0,2301206.0,2
401756.0,2301206.0,2
403736.0,2301206.0,2
415616.0,2301206.0,2
375026.0,2300216.0,2
376016.0,2300216.0,2
377006.0,2300216.0,2
377996.0,2300216.0,2
378986.0,2300216.0,2
380966.0,2300216.0,0
383936.0,2300216.0,0
384926.0,2300216.0,0
385916.0,2300216.0,0
386906.0,2300216.0,2
387896.0,2300216.0,0
388886.0,2300216.0,0
391856.0,2300216.0,2
392846.0,2300216.0,2
393836.0,2300216.0,2
394826.0,2300216.0,2
395816.0,2300216.0,2
396806.0,2300216.0,2
397796.0,2300216.0,2
399776.0,2300216.0,2
401756.0,2300216.0,2
402746.0,2300216.0,2
403736.0,2300216.0,2
406706.0,2300216.0,2
416606.0,2300216.0,2
427496.0,2300216.0,2
373046.0,2299226.0,2
376016.0,2299226.0,2
377006.0,2299226.0,2
377996.0,2299226.0,2
378986.0,2299226.0,0
379976.0,2299226.0,2
380966.0,2299226.0,0
381956.0,2299226.0,0
382946.0,2299226.0,0
384926.0,2299226.0,3
386906.0,2299226.0,0
387896.0,2299226.0,2
390866.0,2299226.0,2
391856.0,2299226.0,0
396806.0,2299226.0,2
397796.0,2299226.0,2
400766.0,2299226.0,2
401756.0,2299226.0,2
403736.0,2299226.0,2
405716.0,2299226.0,2
413636.0,2299226.0,2
417596.0,2299226.0,2
430466.0,2299226.0,2
375026.0,2298236.0,2
376016.0,2298236.0,2
377006.0,2298236.0,2
377996.0,2298236.0,0
378986.0,2298236.0,0
379976.0,2298236.0,0
380966.0,2298236.0,0
381956.0,2298236.0,0
384926.0,2298236.0,0
387896.0,2298236.0,2
388886.0,2298236.0,2
389876.0,2298236.0,2
390866.0,2298236.0,0
393836.0,2298236.0,2
394826.0,2298236.0,2
396806.0,2298236.0,2
398786.0,2298236.0,2
399776.0,2298236.0,2
402746.0,2298236.0,2
403736.0,2298236.0,2
405716.0,2298236.0,2
407696.0,2298236.0,2
426506.0,2298236.0,2
428486.0,2298236.0,2
372056.0,2297246.0,2
373046.0,2297246.0,2
375026.0,2297246.0,2
376016.0,2297246.0,2
377006.0,2297246.0,2
377996.0,2297246.0,0
378986.0,2297246.0,0
379976.0,2297246.0,0
383936.0,2297246.0,2
385916.0,2297246.0,2
386906.0,2297246.0,2
387896.0,2297246.0,2
388886.0,2297246.0,2
391856.0,2297246.0,0
392846.0,2297246.0,0
394826.0,2297246.0,2
400766.0,2297246.0,2
403736.0,2297246.0,2
411656.0,2297246.0,2
423536.0,2297246.0,2
427496.0,2297246.0,2
429476.0,2297246.0,2
372056.0,2296256.0,2
373046.0,2296256.0,2
374036.0,2296256.0,2
375026.0,2296256.0,2
376016.0,2296256.0,2
377006.0,2296256.0,2
377996.0,2296256.0,0
378986.0,2296256.0,0
379976.0,2296256.0,0
380966.0,2296256.0,0
381956.0,2296256.0,0
385916.0,2296256.0,2
386906.0,2296256.0,2
387896.0,2296256.0,2
388886.0,2296256.0,2
390866.0,2296256.0,2
391856.0,2296256.0,0
392846.0,2296256.0,0
393836.0,2296256.0,0
396806.0,2296256.0,2
397796.0,2296256.0,2
400766.0,2296256.0,2
401756.0,2296256.0,2
402746.0,2296256.0,2
404726.0,2296256.0,2
406706.0,2296256.0,2
407696.0,2296256.0,2
408686.0,2296256.0,2
409676.0,2296256.0,2
420566.0,2296256.0,2
429476.0,2296256.0,2
374036.0,2295266.0,2
376016.0,2295266.0,2
377006.0,2295266.0,2
377996.0,2295266.0,2
379976.0,2295266.0,0
381956.0,2295266.0,2
382946.0,2295266.0,3
384926.0,2295266.0,0
386906.0,2295266.0,2
387896.0,2295266.0,2
391856.0,2295266.0,0
393836.0,2295266.0,0
394826.0,2295266.0,2
399776.0,2295266.0,2
402746.0,2295266.0,2
403736.0,2295266.0,2
404726.0,2295266.0,2
406706.0,2295266.0,2
407696.0,2295266.0,2
414626.0,2295266.0,2
427496.0,2295266.0,2
428486.0,2295266.0,2
376016.0,2294276.0,2
377006.0,2294276.0,2
377996.0,2294276.0,2
379976.0,2294276.0,0
380966.0,2294276.0,2
382946.0,2294276.0,0
386906.0,2294276.0,0
388886.0,2294276.0,0
390866.0,2294276.0,2
395816.0,2294276.0,2
398786.0,2294276.0,2
400766.0,2294276.0,2
402746.0,2294276.0,2
404726.0,2294276.0,2
405716.0,2294276.0,2
406706.0,2294276.0,2
410666.0,2294276.0,2
415616.0,2294276.0,2
416606.0,2294276.0,2
420566.0,2294276.0,2
377006.0,2293286.0,2
378986.0,2293286.0,0
379976.0,2293286.0,0
380966.0,2293286.0,0
381956.0,2293286.0,0
384926.0,2293286.0,0
385916.0,2293286.0,0
386906.0,2293286.0,0
387896.0,2293286.0,0
388886.0,2293286.0,0
392846.0,2293286.0,2
393836.0,2293286.0,2
394826.0,2293286.0,2
397796.0,2293286.0,2
398786.0,2293286.0,0
399776.0,2293286.0,0
404726.0,2293286.0,2
410666.0,2293286.0,2
419576.0,2293286.0,2
420566.0,2293286.0,2
427496.0,2293286.0,2
376016.0,2292296.0,2
377006.0,2292296.0,2
378986.0,2292296.0,0
379976.0,2292296.0,0
380966.0,2292296.0,2
387896.0,2292296.0,0
391856.0,2292296.0,2
393836.0,2292296.0,2
394826.0,2292296.0,2
395816.0,2292296.0,2
399776.0,2292296.0,0
400766.0,2292296.0,2
401756.0,2292296.0,2
414626.0,2292296.0,2
420566.0,2292296.0,2
422546.0,2292296.0,2
423536.0,2292296.0,2
387896.0,2291306.0,0
388886.0,2291306.0,3
389876.0,2291306.0,2
392846.0,2291306.0,2
394826.0,2291306.0,3
395816.0,2291306.0,0
396806.0,2291306.0,0
397796.0,2291306.0,0
399776.0,2291306.0,0
401756.0,2291306.0,2
420566.0,2291306.0,2
381956.0,2290316.0,2
383936.0,2290316.0,2
384926.0,2290316.0,2
385916.0,2290316.0,3
388886.0,2290316.0,2
389876.0,2290316.0,2
390866.0,2290316.0,2
391856.0,2290316.0,2
392846.0,2290316.0,2
393836.0,2290316.0,2
394826.0,2290316.0,2
395816.0,2290316.0,2
397796.0,2290316.0,0
398786.0,2290316.0,2
399776.0,2290316.0,3
401756.0,2290316.0,2
406706.0,2290316.0,2
408686.0,2290316.0,2
419576.0,2290316.0,2
381956.0,2289326.0,2
383936.0,2289326.0,2
384926.0,2289326.0,0
385916.0,2289326.0,2
386906.0,2289326.0,2
389876.0,2289326.0,2
391856.0,2289326.0,2
392846.0,2289326.0,2
393836.0,2289326.0,2
394826.0,2289326.0,2
395816.0,2289326.0,2
396806.0,2289326.0,0
400766.0,2289326.0,0
401756.0,2289326.0,2
408686.0,2289326.0,2
418586.0,2289326.0,2
419576.0,2289326.0,2
421556.0,2289326.0,2
379976.0,2288336.0,2
380966.0,2288336.0,2
381956.0,2288336.0,2
382946.0,2288336.0,2
384926.0,2288336.0,2
386906.0,2288336.0,2
387896.0,2288336.0,2
389876.0,2288336.0,2
390866.0,2288336.0,2
392846.0,2288336.0,2
393836.0,2288336.0,2
400766.0,2288336.0,0
414626.0,2288336.0,2
424526.0,2288336.0,2
372056.0,2287346.0,2
381956.0,2287346.0,2
385916.0,2287346.0,2
388886.0,2287346.0,2
389876.0,2287346.0,2
390866.0,2287346.0,2
392846.0,2287346.0,2
394826.0,2287346.0,2
404726.0,2287346.0,2
416606.0,2287346.0,2
427496.0,2287346.0,2
372056.0,2286356.0,2
373046.0,2286356.0,2
374036.0,2286356.0,2
377006.0,2286356.0,2
378986.0,2286356.0,2
381956.0,2286356.0,2
382946.0,2286356.0,2
385916.0,2286356.0,2
386906.0,2286356.0,2
387896.0,2286356.0,2
397796.0,2286356.0,2
372056.0,2285366.0,2
375026.0,2285366.0,2
384926.0,2285366.0,2
385916.0,2285366.0,2
387896.0,2285366.0,2
389876.0,2285366.0,2
395816.0,2285366.0,2
411656.0,2285366.0,0
423536.0,2285366.0,2
424526.0,2285366.0,2
425516.0,2285366.0,2
375026.0,2284376.0,2
379976.0,2284376.0,2
382946.0,2284376.0,2
385916.0,2284376.0,2
386906.0,2284376.0,2
389876.0,2284376.0,2
390866.0,2284376.0,2
391856.0,2284376.0,2
393836.0,2284376.0,2
397796.0,2284376.0,2
400766.0,2284376.0,2
423536.0,2284376.0,2
372056.0,2283386.0,2
382946.0,2283386.0,2
383936.0,2283386.0,2
384926.0,2283386.0,2
386906.0,2283386.0,2
387896.0,2283386.0,2
388886.0,2283386.0,2
389876.0,2283386.0,2
391856.0,2283386.0,2
401756.0,2283386.0,0
403736.0,2283386.0,0
404726.0,2283386.0,0
405716.0,2283386.0,3
424526.0,2283386.0,2
425516.0,2283386.0,2
436406.0,2283386.0,2
386906.0,2282396.0,3
387896.0,2282396.0,2
389876.0,2282396.0,2
394826.0,2282396.0,2
401756.0,2282396.0,3
443336.0,2282396.0,2
377006.0,2281406.0,2
377996.0,2281406.0,2
384926.0,2281406.0,0
386906.0,2281406.0,2
388886.0,2281406.0,2
389876.0,2281406.0,2
393836.0,2281406.0,3
397796.0,2281406.0,2
401756.0,2281406.0,2
414626.0,2281406.0,0
379976.0,2280416.0,2
381956.0,2280416.0,0
383936.0,2280416.0,2
384926.0,2280416.0,0
385916.0,2280416.0,0
386906.0,2280416.0,2
387896.0,2280416.0,2
388886.0,2280416.0,2
390866.0,2280416.0,2
391856.0,2280416.0,0
393836.0,2280416.0,0
398786.0,2280416.0,0
400766.0,2280416.0,2
411656.0,2280416.0,0
412646.0,2280416.0,0
415616.0,2280416.0,2
416606.0,2280416.0,3
377996.0,2279426.0,2
380966.0,2279426.0,2
382946.0,2279426.0,0
383936.0,2279426.0,2
385916.0,2279426.0,2
386906.0,2279426.0,2
388886.0,2279426.0,2
389876.0,2279426.0,2
390866.0,2279426.0,2
391856.0,2279426.0,2
392846.0,2279426.0,0
398786.0,2279426.0,2
401756.0,2279426.0,2
403736.0,2279426.0,0
406706.0,2279426.0,0
415616.0,2279426.0,2
381956.0,2278436.0,3
382946.0,2278436.0,0
383936.0,2278436.0,0
385916.0,2278436.0,2
387896.0,2278436.0,2
388886.0,2278436.0,2
389876.0,2278436.0,2
391856.0,2278436.0,2
393836.0,2278436.0,2
396806.0,2278436.0,0
397796.0,2278436.0,0
400766.0,2278436.0,0
408686.0,2278436.0,0
415616.0,2278436.0,0
425516.0,2278436.0,2
434426.0,2278436.0,2
381956.0,2277446.0,2
386906.0,2277446.0,2
387896.0,2277446.0,2
388886.0,2277446.0,2
389876.0,2277446.0,2
390866.0,2277446.0,2
393836.0,2277446.0,2
394826.0,2277446.0,2
396806.0,2277446.0,0
399776.0,2277446.0,0
405716.0,2277446.0,2
419576.0,2277446.0,2
384926.0,2276456.0,2
386906.0,2276456.0,2
387896.0,2276456.0,2
388886.0,2276456.0,2
392846.0,2276456.0,2
393836.0,2276456.0,2
394826.0,2276456.0,2
396806.0,2276456.0,0
397796.0,2276456.0,0
398786.0,2276456.0,3
399776.0,2276456.0,0
400766.0,2276456.0,0
417596.0,2276456.0,0
418586.0,2276456.0,0
437396.0,2276456.0,2
382946.0,2275466.0,2
385916.0,2275466.0,2
386906.0,2275466.0,2
387896.0,2275466.0,2
395816.0,2275466.0,2
397796.0,2275466.0,0
399776.0,2275466.0,0
401756.0,2275466.0,0
407696.0,2275466.0,0
424526.0,2275466.0,2
379976.0,2274476.0,2
383936.0,2274476.0,2
388886.0,2274476.0,2
390866.0,2274476.0,2
394826.0,2274476.0,2
397796.0,2274476.0,2
398786.0,2274476.0,2
400766.0,2274476.0,2
424526.0,2274476.0,2
388886.0,2273486.0,2
394826.0,2273486.0,2
396806.0,2273486.0,2
397796.0,2273486.0,2
398786.0,2273486.0,2
407696.0,2273486.0,2
418586.0,2273486.0,2
426506.0,2273486.0,2
394826.0,2272496.0,2
396806.0,2272496.0,2
398786.0,2272496.0,2
406706.0,2272496.0,2
409676.0,2272496.0,2
411656.0,2272496.0,0
434426.0,2272496.0,2
394826.0,2271506.0,2
395816.0,2271506.0,2
396806.0,2271506.0,2
397796.0,2271506.0,2
401756.0,2271506.0,2
404726.0,2271506.0,2
409676.0,2271506.0,0
410666.0,2271506.0,0
417596.0,2271506.0,2
393836.0,2270516.0,2
398786.0,2270516.0,2
400766.0,2270516.0,2
404726.0,2270516.0,2
409676.0,2270516.0,0
421556.0,2270516.0,2
423536.0,2270516.0,2
429476.0,2270516.0,2
388886.0,2269526.0,2
390866.0,2269526.0,2
394826.0,2269526.0,2
397796.0,2269526.0,2
399776.0,2269526.0,2
400766.0,2269526.0,2
402746.0,2269526.0,2
403736.0,2269526.0,2
404726.0,2269526.0,2
410666.0,2269526.0,0
414626.0,2269526.0,2
418586.0,2269526.0,2
447296.0,2269526.0,2
388886.0,2268536.0,2
392846.0,2268536.0,2
393836.0,2268536.0,2
396806.0,2268536.0,2
398786.0,2268536.0,2
401756.0,2268536.0,2
402746.0,2268536.0,0
403736.0,2268536.0,2
405716.0,2268536.0,2
408686.0,2268536.0,0
410666.0,2268536.0,2
412646.0,2268536.0,2
417596.0,2268536.0,2
422546.0,2268536.0,2
425516.0,2268536.0,3
429476.0,2268536.0,2
447296.0,2268536.0,2
390866.0,2267546.0,2
391856.0,2267546.0,2
393836.0,2267546.0,2
395816.0,2267546.0,2
397796.0,2267546.0,2
399776.0,2267546.0,2
406706.0,2267546.0,2
409676.0,2267546.0,0
412646.0,2267546.0,2
413636.0,2267546.0,2
420566.0,2267546.0,2
390866.0,2266556.0,2
391856.0,2266556.0,2
395816.0,2266556.0,2
396806.0,2266556.0,2
398786.0,2266556.0,2
399776.0,2266556.0,2
400766.0,2266556.0,3
401756.0,2266556.0,2
406706.0,2266556.0,2
407696.0,2266556.0,2
408686.0,2266556.0,2
409676.0,2266556.0,2
410666.0,2266556.0,2
411656.0,2266556.0,2
415616.0,2266556.0,2
387896.0,2265566.0,2
394826.0,2265566.0,2
395816.0,2265566.0,3
396806.0,2265566.0,2
397796.0,2265566.0,2
402746.0,2265566.0,2
403736.0,2265566.0,2
404726.0,2265566.0,2
408686.0,2265566.0,2
409676.0,2265566.0,2
410666.0,2265566.0,2
414626.0,2265566.0,2
419576.0,2265566.0,2
421556.0,2265566.0,2
389876.0,2264576.0,2
393836.0,2264576.0,2
394826.0,2264576.0,2
396806.0,2264576.0,2
397796.0,2264576.0,2
398786.0,2264576.0,2
400766.0,2264576.0,2
401756.0,2264576.0,2
402746.0,2264576.0,2
403736.0,2264576.0,2
408686.0,2264576.0,2
409676.0,2264576.0,2
413636.0,2264576.0,2
414626.0,2264576.0,0
415616.0,2264576.0,2
418586.0,2264576.0,2
396806.0,2263586.0,2
397796.0,2263586.0,2
398786.0,2263586.0,2
400766.0,2263586.0,2
401756.0,2263586.0,2
408686.0,2263586.0,2
410666.0,2263586.0,2
412646.0,2263586.0,2
413636.0,2263586.0,0
419576.0,2263586.0,2
420566.0,2263586.0,2
395816.0,2262596.0,2
397796.0,2262596.0,2
398786.0,2262596.0,2
401756.0,2262596.0,2
403736.0,2262596.0,2
412646.0,2262596.0,2
416606.0,2262596.0,2
420566.0,2262596.0,2
422546.0,2262596.0,2
433436.0,2262596.0,2
401756.0,2261606.0,2
403736.0,2261606.0,2
405716.0,2261606.0,2
409676.0,2261606.0,2
410666.0,2261606.0,2
411656.0,2261606.0,2
412646.0,2261606.0,2
415616.0,2261606.0,0
420566.0,2261606.0,2
399776.0,2260616.0,2
406706.0,2260616.0,2
411656.0,2260616.0,2
416606.0,2260616.0,2
426506.0,2260616.0,2
401756.0,2259626.0,2
403736.0,2259626.0,2
407696.0,2259626.0,2
408686.0,2259626.0,2
409676.0,2259626.0,2
411656.0,2259626.0,2
417596.0,2259626.0,2
420566.0,2259626.0,2
426506.0,2259626.0,2
398786.0,2258636.0,2
400766.0,2258636.0,2
401756.0,2258636.0,2
402746.0,2258636.0,2
406706.0,2258636.0,2
409676.0,2258636.0,2
411656.0,2258636.0,2
412646.0,2258636.0,0
414626.0,2258636.0,0
421556.0,2258636.0,2
422546.0,2258636.0,2
400766.0,2257646.0,2
413636.0,2257646.0,0
414626.0,2257646.0,0
415616.0,2257646.0,0
417596.0,2257646.0,2
418586.0,2257646.0,2
419576.0,2257646.0,2
420566.0,2257646.0,2
421556.0,2257646.0,2
397796.0,2256656.0,2
400766.0,2256656.0,3
401756.0,2256656.0,2
405716.0,2256656.0,2
407696.0,2256656.0,2
408686.0,2256656.0,2
413636.0,2256656.0,0
414626.0,2256656.0,3
416606.0,2256656.0,2
417596.0,2256656.0,2
419576.0,2256656.0,2
420566.0,2256656.0,2
428486.0,2256656.0,2
397796.0,2255666.0,2
407696.0,2255666.0,2
408686.0,2255666.0,2
412646.0,2255666.0,0
415616.0,2255666.0,2
418586.0,2255666.0,2
419576.0,2255666.0,2
420566.0,2255666.0,0
424526.0,2255666.0,3
427496.0,2255666.0,2
440366.0,2255666.0,2
394826.0,2254676.0,2
403736.0,2254676.0,2
405716.0,2254676.0,2
408686.0,2254676.0,2
412646.0,2254676.0,0
413636.0,2254676.0,0
414626.0,2254676.0,0
415616.0,2254676.0,2
419576.0,2254676.0,0
420566.0,2254676.0,0
423536.0,2254676.0,0
400766.0,2253686.0,2
401756.0,2253686.0,2
403736.0,2253686.0,2
404726.0,2253686.0,2
405716.0,2253686.0,2
415616.0,2253686.0,2
417596.0,2253686.0,2
419576.0,2253686.0,0
420566.0,2253686.0,0
423536.0,2253686.0,0
435416.0,2253686.0,2
400766.0,2252696.0,2
402746.0,2252696.0,0
403736.0,2252696.0,2
411656.0,2252696.0,0
416606.0,2252696.0,2
417596.0,2252696.0,2
418586.0,2252696.0,0
420566.0,2252696.0,0
433436.0,2252696.0,2
403736.0,2251706.0,3
412646.0,2251706.0,0
423536.0,2251706.0,2
425516.0,2251706.0,2
436406.0,2251706.0,2
395816.0,2250716.0,2
397796.0,2250716.0,2
400766.0,2250716.0,2
403736.0,2250716.0,3
406706.0,2250716.0,2
408686.0,2250716.0,2
413636.0,2250716.0,2
424526.0,2250716.0,2
425516.0,2250716.0,2
429476.0,2250716.0,2
435416.0,2250716.0,2
438386.0,2250716.0,2
439376.0,2250716.0,2
442346.0,2250716.0,2
393836.0,2249726.0,2
399776.0,2249726.0,2
401756.0,2249726.0,2
407696.0,2249726.0,2
408686.0,2249726.0,2
413636.0,2249726.0,2
425516.0,2249726.0,2
426506.0,2249726.0,2
440366.0,2249726.0,2
441356.0,2249726.0,2
406706.0,2248736.0,2
417596.0,2248736.0,2
421556.0,2248736.0,2
422546.0,2248736.0,2
429476.0,2248736.0,2
430466.0,2248736.0,2
440366.0,2248736.0,2
397796.0,2247746.0,2
406706.0,2247746.0,2
407696.0,2247746.0,2
429476.0,2247746.0,2
400766.0,2246756.0,2
401756.0,2246756.0,2
416606.0,2246756.0,2
421556.0,2246756.0,2
396806.0,2245766.0,2
400766.0,2245766.0,2
402746.0,2245766.0,2
414626.0,2245766.0,2
416606.0,2245766.0,2
421556.0,2245766.0,2
423536.0,2245766.0,2
428486.0,2245766.0,2
433436.0,2245766.0,2
437396.0,2245766.0,2
397796.0,2244776.0,2
432446.0,2244776.0,2
414626.0,2243786.0,2
418586.0,2243786.0,2
423536.0,2243786.0,2
428486.0,2242796.0,2
422546.0,2241806.0,2
413636.0,2239826.0,2
