HQ,built_threat,quartile
0.7911097407341003,0.1922200620174408,Q1 (lowest)
0.7812113761901855,0.16163699328899384,Q1 (lowest)
0.7934616804122925,0.14074894785881042,Q1 (lowest)
0.7650849223136902,0.31338658928871155,Q1 (lowest)
0.7517277598381042,0.306257039308548,Q1 (lowest)
0.7765751481056213,0.2685970067977905,Q1 (lowest)
0.7766462564468384,0.21733810007572174,Q1 (lowest)
0.7762748599052429,0.20120586454868317,Q1 (lowest)
0.4211440086364746,0.9603790640830994,Q4 (highest)
0.6993623375892639,0.4525561034679413,Q1 (lowest)
0.7100092172622681,0.4377284049987793,Q1 (lowest)
0.7383667826652527,0.3659968376159668,Q1 (lowest)
0.7635090947151184,0.31050822138786316,Q1 (lowest)
0.7541350722312927,0.28551939129829407,Q1 (lowest)
0.5369841456413269,0.7437736392021179,Q3
0.7549703121185303,0.38760387897491455,Q1 (lowest)
0.6975299119949341,0.5293760299682617,Q1 (lowest)
0.6269842386245728,0.6506733894348145,Q2
0.6368551850318909,0.6135557293891907,Q2
0.7062584161758423,0.4725733995437622,Q1 (lowest)
0.7095937132835388,0.4488236904144287,Q1 (lowest)
0.5697184801101685,0.7131576538085938,Q2
0.5142467617988586,0.8331627249717712,Q3
0.507276177406311,0.8639907836914062,Q4 (highest)
0.7294706702232361,0.4259941875934601,Q1 (lowest)
0.6637976765632629,0.6161782145500183,Q2
0.5016416311264038,0.8862445950508118,Q4 (highest)
0.5658649802207947,0.7764946222305298,Q3
0.6575934290885925,0.6041461229324341,Q2
0.6896867156028748,0.5342999696731567,Q1 (lowest)
0.5111309289932251,0.798222005367279,Q3
0.4642603397369385,0.9216144680976868,Q4 (highest)
0.46929216384887695,0.9315419793128967,Q4 (highest)
0.5662546157836914,0.7640668153762817,Q3
0.5848631262779236,0.7136889100074768,Q2
0.7355899810791016,0.45194706320762634,Q1 (lowest)
0.7476497888565063,0.37505099177360535,Q1 (lowest)
0.6875036954879761,0.5016666650772095,Q1 (lowest)
0.6539509892463684,0.6029439568519592,Q2
0.5713360905647278,0.7240937948226929,Q2
0.5978735089302063,0.7280863523483276,Q2
0.5392870306968689,0.8218982219696045,Q3
0.49130868911743164,0.8996238112449646,Q4 (highest)
0.6224929690361023,0.629318118095398,Q2
0.4741295874118805,0.8799922466278076,Q4 (highest)
0.46852532029151917,0.8821795582771301,Q4 (highest)
0.5466246604919434,0.7806000709533691,Q3
0.595433235168457,0.6833624243736267,Q2
0.49255138635635376,0.8939325213432312,Q4 (highest)
0.5968918204307556,0.6865482926368713,Q2
0.5182644128799438,0.8423848748207092,Q3
0.7077882289886475,0.4530590772628784,Q1 (lowest)
0.7275235056877136,0.4267173111438751,Q1 (lowest)
0.6293408274650574,0.6127676963806152,Q2
0.524716317653656,0.8533643484115601,Q4 (highest)
0.5391290783882141,0.8071752190589905,Q3
0.5282641649246216,0.8320200443267822,Q3
0.6444706320762634,0.6621397733688354,Q2
0.7240989804267883,0.48566901683807373,Q1 (lowest)
0.507206380367279,0.8306058049201965,Q3
0.473120778799057,0.9080520272254944,Q4 (highest)
0.586757242679596,0.7235307097434998,Q2
0.48053857684135437,0.911685049533844,Q4 (highest)
0.5776912569999695,0.7513649463653564,Q3
0.6043004989624023,0.7072865962982178,Q2
0.5083998441696167,0.8737016320228577,Q4 (highest)
0.5579127073287964,0.7513649463653564,Q3
0.5921484231948853,0.6796753406524658,Q2
0.695584774017334,0.5269317030906677,Q1 (lowest)
0.711245059967041,0.41145503520965576,Q1 (lowest)
0.6911841034889221,0.5301097631454468,Q1 (lowest)
0.6440085768699646,0.5831854343414307,Q2
0.6736934185028076,0.510303258895874,Q1 (lowest)
0.7229786515235901,0.38967177271842957,Q1 (lowest)
0.6578322649002075,0.5935747027397156,Q2
0.5494927763938904,0.7819930911064148,Q3
0.5879501700401306,0.7105247974395752,Q2
0.6364759206771851,0.6398423314094543,Q2
0.5502605438232422,0.8117485642433167,Q3
0.5624051094055176,0.7633544206619263,Q3
0.642936646938324,0.6500082612037659,Q2
0.6308370232582092,0.5967468619346619,Q2
0.5628728270530701,0.7431430220603943,Q3
0.6138433814048767,0.6515318155288696,Q2
0.4999983012676239,0.8876386284828186,Q4 (highest)
0.5282778739929199,0.8200668096542358,Q3
0.5326854586601257,0.8162235021591187,Q3
0.5116268396377563,0.8439382910728455,Q3
0.6576371192932129,0.583525538444519,Q2
0.7267833948135376,0.40313270688056946,Q1 (lowest)
0.7487873435020447,0.3164532780647278,Q1 (lowest)
0.7349862456321716,0.37965092062950134,Q1 (lowest)
0.7182464599609375,0.4036075472831726,Q1 (lowest)
0.6714209318161011,0.5129426717758179,Q1 (lowest)
0.6622925996780396,0.5579527020454407,Q2
0.6958417296409607,0.4951874315738678,Q1 (lowest)
0.6220895051956177,0.6556862592697144,Q2
0.49683791399002075,0.8799922466278076,Q4 (highest)
0.5900349617004395,0.7062625288963318,Q2
0.7154710292816162,0.49359914660453796,Q1 (lowest)
0.6375085711479187,0.5937894582748413,Q2
0.5760545134544373,0.7698817849159241,Q3
0.5721927881240845,0.7596648931503296,Q3
0.6627275347709656,0.6064957976341248,Q2
0.5905581116676331,0.7114419341087341,Q2
0.54616779088974,0.7819930911064148,Q3
0.5386403203010559,0.7944848537445068,Q3
0.5641531944274902,0.7589714527130127,Q3
0.7474695444107056,0.39071425795555115,Q1 (lowest)
0.7070251703262329,0.445505827665329,Q1 (lowest)
0.7245691418647766,0.4769399166107178,Q1 (lowest)
0.657735288143158,0.5903103947639465,Q2
0.510155975818634,0.854383647441864,Q4 (highest)
0.46666213870048523,0.9385421276092529,Q4 (highest)
0.5399443507194519,0.8117485642433167,Q3
0.6734794974327087,0.5757097601890564,Q2
0.7255989909172058,0.39989668130874634,Q1 (lowest)
0.7488624453544617,0.3203886151313782,Q1 (lowest)
0.7114276885986328,0.4244937002658844,Q1 (lowest)
0.6819971203804016,0.515274167060852,Q1 (lowest)
0.6023170948028564,0.677913248538971,Q2
0.5414379239082336,0.8071752190589905,Q3
0.6246152520179749,0.6454147696495056,Q2
0.6262933015823364,0.6298313140869141,Q2
0.4879056513309479,0.8919497728347778,Q4 (highest)
0.5608499050140381,0.7719305753707886,Q3
0.6710449457168579,0.5334978103637695,Q1 (lowest)
0.7120460867881775,0.47364628314971924,Q1 (lowest)
0.6240075826644897,0.6353011131286621,Q2
0.5668628811836243,0.7371137142181396,Q3
0.5656976699829102,0.7321720123291016,Q3
0.652899444103241,0.5638057589530945,Q2
0.7312409281730652,0.44515979290008545,Q1 (lowest)
0.6356832981109619,0.6174620985984802,Q2
0.6254416704177856,0.619403600692749,Q2
0.576572597026825,0.7709960341453552,Q3
0.525719940662384,0.8149659633636475,Q3
0.5402202010154724,0.8169835805892944,Q3
0.549820601940155,0.80046546459198,Q3
0.5571470260620117,0.8016003370285034,Q3
0.7328128814697266,0.4493526518344879,Q1 (lowest)
0.6648651957511902,0.5505149960517883,Q2
0.6592345237731934,0.6213639974594116,Q2
0.613744854927063,0.6902568936347961,Q2
0.6391814351081848,0.6206265687942505,Q2
0.6151242852210999,0.6342476010322571,Q2
0.4864853024482727,0.8949404954910278,Q4 (highest)
0.5749073028564453,0.7555475234985352,Q3
0.6814004778862,0.5252326726913452,Q1 (lowest)
0.73615562915802,0.3805648982524872,Q1 (lowest)
0.6671695709228516,0.5285928249359131,Q1 (lowest)
0.5955861806869507,0.7063902020454407,Q2
0.5968952178955078,0.7201893925666809,Q2
0.6971331834793091,0.49826642870903015,Q1 (lowest)
0.7336838245391846,0.3557385802268982,Q1 (lowest)
0.7317351698875427,0.3754841983318329,Q1 (lowest)
0.6904992461204529,0.531532347202301,Q1 (lowest)
0.5921014547348022,0.7156950831413269,Q2
0.5771844983100891,0.7394076585769653,Q3
0.4899507462978363,0.9086459875106812,Q4 (highest)
0.5461007356643677,0.7883185148239136,Q3
0.621340274810791,0.6266875863075256,Q2
0.6156730055809021,0.6648849844932556,Q2
0.6198118329048157,0.6252596378326416,Q2
0.6965075135231018,0.4768994152545929,Q1 (lowest)
0.7354719638824463,0.37681421637535095,Q1 (lowest)
0.717037558555603,0.464189350605011,Q1 (lowest)
0.632978618144989,0.6398423314094543,Q2
0.5306336283683777,0.8346053957939148,Q3
0.4831162095069885,0.9034509062767029,Q4 (highest)
0.5633921027183533,0.7503765225410461,Q3
0.6982522010803223,0.5375403165817261,Q1 (lowest)
0.7178318500518799,0.4109605848789215,Q1 (lowest)
0.4934033453464508,0.8939325213432312,Q4 (highest)
0.5336155295372009,0.8062308430671692,Q3
0.5003137588500977,0.8732956051826477,Q4 (highest)
0.4764682352542877,0.9161525368690491,Q4 (highest)
0.6685928702354431,0.5943630933761597,Q2
0.5693009495735168,0.7282307147979736,Q2
0.5085934996604919,0.8741092085838318,Q4 (highest)
0.5260912179946899,0.8169835805892944,Q3
0.7458176016807556,0.4194217324256897,Q1 (lowest)
0.6848825812339783,0.5857163667678833,Q2
0.578534722328186,0.7450419664382935,Q3
0.6109520792961121,0.6727228760719299,Q2
0.6903233528137207,0.49536463618278503,Q1 (lowest)
0.7271057963371277,0.37834951281547546,Q1 (lowest)
0.6810611486434937,0.5364545583724976,Q1 (lowest)
0.5814020037651062,0.7270797491073608,Q2
0.5743131637573242,0.7418888807296753,Q3
0.6517583727836609,0.5924333333969116,Q2
0.7069123387336731,0.4579380750656128,Q1 (lowest)
0.7375495433807373,0.3483625054359436,Q1 (lowest)
0.7294401526451111,0.38824763894081116,Q1 (lowest)
0.5376818776130676,0.8264527916908264,Q3
0.5164633393287659,0.8639907836914062,Q4 (highest)
0.609686017036438,0.6556862592697144,Q2
0.7006196975708008,0.46271198987960815,Q1 (lowest)
0.7044390439987183,0.4471403956413269,Q1 (lowest)
0.7199985384941101,0.40582937002182007,Q1 (lowest)
0.7099714279174805,0.4811129570007324,Q1 (lowest)
0.7066202163696289,0.48248156905174255,Q1 (lowest)
0.6867830157279968,0.4998461604118347,Q1 (lowest)
0.6450047492980957,0.646996259689331,Q2
0.5194708108901978,0.8297645449638367,Q3
0.5744156837463379,0.7450419664382935,Q3
0.6085830926895142,0.6883934140205383,Q2
0.5988481640815735,0.7362046837806702,Q3
0.6024601459503174,0.6922574043273926,Q2
0.7039782404899597,0.5158611536026001,Q1 (lowest)
0.7341874241828918,0.36517468094825745,Q1 (lowest)
0.5081931352615356,0.868930459022522,Q4 (highest)
0.5183677673339844,0.8286513686180115,Q3
0.5121300220489502,0.8448798656463623,Q3
0.7140554189682007,0.5132810473442078,Q1 (lowest)
0.617558479309082,0.7190894484519958,Q2
0.5250915288925171,0.8221619725227356,Q3
0.44798728823661804,0.9778246283531189,Q4 (highest)
0.5054053664207458,0.868930459022522,Q4 (highest)
0.544667661190033,0.805995762348175,Q3
0.7648813128471375,0.3490907847881317,Q1 (lowest)
0.7359169125556946,0.45094797015190125,Q1 (lowest)
0.6759220361709595,0.5186727643013,Q1 (lowest)
0.6810702085494995,0.4925471246242523,Q1 (lowest)
0.7318291068077087,0.3986392021179199,Q1 (lowest)
0.7377792000770569,0.3930016756057739,Q1 (lowest)
0.6579045653343201,0.5677395462989807,Q2
0.5292163491249084,0.8137197494506836,Q3
0.5277660489082336,0.8306058049201965,Q3
0.5624344348907471,0.7665850520133972,Q3
0.6416746973991394,0.578880250453949,Q2
0.7124976515769958,0.43050163984298706,Q1 (lowest)
0.7408944964408875,0.3506194055080414,Q1 (lowest)
0.6893607974052429,0.4801233112812042,Q1 (lowest)
0.5930671095848083,0.6825742125511169,Q2
0.4723115861415863,0.9385421276092529,Q4 (highest)
0.6055301427841187,0.7190894484519958,Q2
0.6846756935119629,0.5286449193954468,Q1 (lowest)
0.7292395234107971,0.3994857370853424,Q1 (lowest)
0.7414306998252869,0.3717392086982727,Q1 (lowest)
0.6756278872489929,0.5200681090354919,Q1 (lowest)
0.5959240198135376,0.6793437004089355,Q2
0.5964273810386658,0.6830241680145264,Q2
0.6701996922492981,0.5250789523124695,Q1 (lowest)
0.7176328301429749,0.4932478964328766,Q1 (lowest)
0.6823510527610779,0.584755003452301,Q2
0.6715866923332214,0.5561572313308716,Q2
0.5569953322410583,0.7691433429718018,Q3
0.4763199985027313,0.9237772822380066,Q4 (highest)
0.660793125629425,0.5491282343864441,Q2
0.7371217608451843,0.3800455331802368,Q1 (lowest)
0.7815448045730591,0.26273903250694275,Q1 (lowest)
0.7914265990257263,0.1959102600812912,Q1 (lowest)
0.7881631255149841,0.19827501475811005,Q1 (lowest)
0.7734186053276062,0.2489318549633026,Q1 (lowest)
0.6645984053611755,0.6056589484214783,Q2
0.5398006439208984,0.7936190962791443,Q3
0.5725606083869934,0.7555475234985352,Q3
0.6959366202354431,0.5598245859146118,Q2
0.6363210082054138,0.679012656211853,Q2
0.5839353799819946,0.7280863523483276,Q2
0.5362803339958191,0.8218982219696045,Q3
0.4609792232513428,0.9603790640830994,Q4 (highest)
0.5318264365196228,0.8297645449638367,Q3
0.46041399240493774,0.9548220038414001,Q4 (highest)
0.49660778045654297,0.8949404954910278,Q4 (highest)
0.5709596872329712,0.73499995470047,Q3
0.4849611222743988,0.9161525368690491,Q4 (highest)
0.5836189389228821,0.7062625288963318,Q2
0.6114416122436523,0.696082592010498,Q2
0.6779135465621948,0.5996005535125732,Q2
0.7289506793022156,0.4717428386211395,Q1 (lowest)
0.704595685005188,0.46648353338241577,Q1 (lowest)
0.6905055046081543,0.4755677580833435,Q1 (lowest)
0.748768150806427,0.4094846844673157,Q1 (lowest)
0.7699311375617981,0.31756341457366943,Q1 (lowest)
0.7772021293640137,0.26844292879104614,Q1 (lowest)
0.7584447264671326,0.3265678286552429,Q1 (lowest)
0.7541823387145996,0.3590574562549591,Q1 (lowest)
0.7163611650466919,0.4083348512649536,Q1 (lowest)
0.7053037881851196,0.4713485836982727,Q1 (lowest)
0.7119501829147339,0.4755677580833435,Q1 (lowest)
0.6089338660240173,0.7038528919219971,Q2
0.526828944683075,0.8343155384063721,Q3
0.5732062458992004,0.7236713171005249,Q2
0.6705726981163025,0.5148837566375732,Q1 (lowest)
0.7313374876976013,0.3588152229785919,Q1 (lowest)
0.7087892293930054,0.4284573495388031,Q1 (lowest)
0.6549345254898071,0.5802158713340759,Q2
0.5682565569877625,0.7371137142181396,Q3
0.5508137941360474,0.7665850520133972,Q3
0.5828899145126343,0.7110482454299927,Q2
0.6785393953323364,0.5167941451072693,Q1 (lowest)
0.7416719794273376,0.36261773109436035,Q1 (lowest)
0.7459891438484192,0.39406266808509827,Q1 (lowest)
0.6564328074455261,0.5702769160270691,Q2
0.5213027000427246,0.8240222930908203,Q3
0.5355289578437805,0.8331627249717712,Q3
0.689030647277832,0.5766952633857727,Q2
0.7519320249557495,0.39850303530693054,Q1 (lowest)
0.7431551218032837,0.4054901599884033,Q1 (lowest)
0.713363528251648,0.4633925259113312,Q1 (lowest)
0.6819864511489868,0.5935031771659851,Q2
0.6251806616783142,0.6926127672195435,Q2
0.6423192024230957,0.6298313140869141,Q2
0.7132698893547058,0.474965363740921,Q1 (lowest)
0.7423107624053955,0.3452540636062622,Q1 (lowest)
0.7654525637626648,0.24471797049045563,Q1 (lowest)
0.7883041501045227,0.17164523899555206,Q1 (lowest)
0.7919098734855652,0.1653365194797516,Q1 (lowest)
0.7897776961326599,0.21036729216575623,Q1 (lowest)
0.7685849070549011,0.2524397373199463,Q1 (lowest)
0.7731600999832153,0.2823440730571747,Q1 (lowest)
0.7761180400848389,0.28561970591545105,Q1 (lowest)
0.7584653496742249,0.33448687195777893,Q1 (lowest)
0.741715133190155,0.41145503520965576,Q1 (lowest)
0.7239255905151367,0.44606077671051025,Q1 (lowest)
0.7095617055892944,0.4231901168823242,Q1 (lowest)
0.6836627125740051,0.5895374417304993,Q2
0.552421510219574,0.8132243156433105,Q3
0.5260912179946899,0.8169835805892944,Q3
0.4646839201450348,0.9414055943489075,Q4 (highest)
0.5256447196006775,0.8137197494506836,Q3
0.573560893535614,0.7487420439720154,Q3
0.5117484331130981,0.8464655876159668,Q4 (highest)
0.6404067873954773,0.6619380116462708,Q2
0.5433589816093445,0.8182598352432251,Q3
0.548086941242218,0.810046374797821,Q3
0.6494686007499695,0.6529709696769714,Q2
0.4675128161907196,0.936711847782135,Q4 (highest)
0.5530117154121399,0.7548712491989136,Q3
0.5396978259086609,0.785021185874939,Q3
0.5856561064720154,0.7423580884933472,Q3
0.594872772693634,0.6832495331764221,Q2
0.5628487467765808,0.7680419087409973,Q3
0.5092544555664062,0.8799922466278076,Q4 (highest)
0.5139095783233643,0.8516849279403687,Q4 (highest)
0.5098372101783752,0.8610580563545227,Q4 (highest)
0.5546820163726807,0.7633544206619263,Q3
0.5048114061355591,0.8704970479011536,Q4 (highest)
0.541157066822052,0.7854294180870056,Q3
0.6695214509963989,0.5482663512229919,Q2
0.6149974465370178,0.6550039052963257,Q2
0.6000781655311584,0.6789024472236633,Q2
0.6891166567802429,0.5334978103637695,Q1 (lowest)
0.7284094095230103,0.3845439553260803,Q1 (lowest)
0.7596802115440369,0.30433228611946106,Q1 (lowest)
0.7630608677864075,0.27296140789985657,Q1 (lowest)
0.7405824065208435,0.386885404586792,Q1 (lowest)
0.6757864952087402,0.5348901748657227,Q1 (lowest)
0.5989096760749817,0.6745450496673584,Q2
0.6125097274780273,0.6789024472236633,Q2
0.6116034388542175,0.6545180082321167,Q2
0.4938572943210602,0.8808614015579224,Q4 (highest)
0.45374950766563416,0.9651642441749573,Q4 (highest)
0.5881096720695496,0.7190894484519958,Q2
0.680040180683136,0.5132810473442078,Q1 (lowest)
0.731850802898407,0.35809046030044556,Q1 (lowest)
0.7423214912414551,0.3460516929626465,Q1 (lowest)
0.7081381678581238,0.44682636857032776,Q1 (lowest)
0.6328938603401184,0.5996742248535156,Q2
0.5270709991455078,0.8331627249717712,Q3
0.5694984793663025,0.7550399899482727,Q3
0.6940410137176514,0.5319557189941406,Q1 (lowest)
0.7300350069999695,0.3694160282611847,Q1 (lowest)
0.7313801646232605,0.36261773109436035,Q1 (lowest)
0.6861535310745239,0.5011643767356873,Q1 (lowest)
0.6204952001571655,0.6399324536323547,Q2
0.614401638507843,0.6429288387298584,Q2
0.681041419506073,0.505729615688324,Q1 (lowest)
0.6841906905174255,0.5263122916221619,Q1 (lowest)
0.6576018333435059,0.5622653961181641,Q2
0.7054088711738586,0.4889072775840759,Q1 (lowest)
0.7151346206665039,0.4249613881111145,Q1 (lowest)
0.7008115649223328,0.48045265674591064,Q1 (lowest)
0.6966220736503601,0.4561401903629303,Q1 (lowest)
0.7327114939689636,0.3737095892429352,Q1 (lowest)
0.7599018216133118,0.282793790102005,Q1 (lowest)
0.7801423072814941,0.20901717245578766,Q1 (lowest)
0.7860686779022217,0.15312331914901733,Q1 (lowest)
0.7758974432945251,0.2098086029291153,Q1 (lowest)
0.7659509181976318,0.27901142835617065,Q1 (lowest)
0.7608029246330261,0.3513147532939911,Q1 (lowest)
0.7499552965164185,0.40540555119514465,Q1 (lowest)
0.7480177879333496,0.4120384156703949,Q1 (lowest)
0.744629979133606,0.4233448803424835,Q1 (lowest)
0.675717830657959,0.563929557800293,Q2
0.6315426230430603,0.6457857489585876,Q2
0.7261984944343567,0.4746047556400299,Q1 (lowest)
0.6686963438987732,0.5812907218933105,Q2
0.6350448727607727,0.6522021293640137,Q2
0.5780351758003235,0.763888418674469,Q3
0.5927658081054688,0.7214349508285522,Q2
0.540672242641449,0.7968922853469849,Q3
0.6459841132164001,0.5892571210861206,Q2
0.5845093131065369,0.7169095873832703,Q2
0.5715546011924744,0.7471233010292053,Q3
0.5444755554199219,0.7997888326644897,Q3
0.595837414264679,0.6780229210853577,Q2
0.585308313369751,0.7555475234985352,Q3
0.6035005450248718,0.6621397733688354,Q2
0.5033565163612366,0.854383647441864,Q4 (highest)
0.5288596153259277,0.8261805176734924,Q3
0.46601200103759766,0.9385421276092529,Q4 (highest)
0.5761945247650146,0.7637102603912354,Q3
0.48512107133865356,0.9045772552490234,Q4 (highest)
0.4785693287849426,0.911685049533844,Q4 (highest)
0.469650000333786,0.9307215809822083,Q4 (highest)
0.496446430683136,0.877429187297821,Q4 (highest)
0.6534743309020996,0.614584743976593,Q2
0.6584356427192688,0.5786141753196716,Q2
0.5556055903434753,0.789994478225708,Q3
0.48989325761795044,0.8919497728347778,Q4 (highest)
0.577325701713562,0.726793110370636,Q2
0.6298347115516663,0.6669440865516663,Q2
0.507610023021698,0.8643630146980286,Q4 (highest)
0.6470443606376648,0.5970377326011658,Q2
0.7031214237213135,0.446026086807251,Q1 (lowest)
0.7147331833839417,0.43597105145454407,Q1 (lowest)
0.7523561120033264,0.3678140342235565,Q1 (lowest)
0.7118974328041077,0.41703924536705017,Q1 (lowest)
0.6335805058479309,0.6037696599960327,Q2
0.5006427764892578,0.8741092085838318,Q4 (highest)
0.5014838576316833,0.8741092085838318,Q4 (highest)
0.5568483471870422,0.7535267472267151,Q3
0.46843409538269043,0.936711847782135,Q4 (highest)
0.5754473805427551,0.7437736392021179,Q3
0.6541098952293396,0.5746637582778931,Q2
0.713256299495697,0.427348256111145,Q1 (lowest)
0.7486991882324219,0.31524741649627686,Q1 (lowest)
0.7161502242088318,0.43153178691864014,Q1 (lowest)
0.6329979300498962,0.6142675280570984,Q2
0.5852590799331665,0.7058799266815186,Q2
0.7140334844589233,0.5023535490036011,Q1 (lowest)
0.7482172250747681,0.3502832353115082,Q1 (lowest)
0.6533452272415161,0.5610413551330566,Q2
0.5495595932006836,0.7759168744087219,Q3
0.5404329299926758,0.7944848537445068,Q3
0.6430478096008301,0.575120747089386,Q2
0.5824475288391113,0.7014747262001038,Q2
0.5282610654830933,0.8083644509315491,Q3
0.6081476807594299,0.6515318155288696,Q2
0.6884632706642151,0.48566901683807373,Q1 (lowest)
0.7347615361213684,0.3451724648475647,Q1 (lowest)
0.7673770785331726,0.2773168683052063,Q1 (lowest)
0.7855527400970459,0.2376512587070465,Q1 (lowest)
0.7909819483757019,0.1999579519033432,Q1 (lowest)
0.7929494976997375,0.17720742523670197,Q1 (lowest)
0.7718225717544556,0.2509259879589081,Q1 (lowest)
0.6962141394615173,0.47083714604377747,Q1 (lowest)
0.6771223545074463,0.5757097601890564,Q2
0.6828597187995911,0.5914398431777954,Q2
0.6928507089614868,0.5277087092399597,Q1 (lowest)
0.6288017630577087,0.6865482926368713,Q2
0.5619193315505981,0.770438015460968,Q3
0.7508582472801208,0.40227004885673523,Q1 (lowest)
0.6681315302848816,0.5770248174667358,Q2
0.5562366843223572,0.8009184002876282,Q3
0.5021486878395081,0.868930459022522,Q4 (highest)
0.5336646437644958,0.8426939845085144,Q3
0.5711364150047302,0.7854294180870056,Q3
0.6473568081855774,0.6300883889198303,Q2
0.5497241020202637,0.7719305753707886,Q3
0.6638453006744385,0.5878612399101257,Q2
0.6355588436126709,0.6041461229324341,Q2
0.5283531546592712,0.8169835805892944,Q3
0.5594725608825684,0.7997888326644897,Q3
0.5236643552780151,0.8464655876159668,Q4 (highest)
0.47827863693237305,0.9080520272254944,Q4 (highest)
0.5844058990478516,0.6897892355918884,Q2
0.49346619844436646,0.8354789614677429,Q3
0.5268041491508484,0.7868671417236328,Q3
0.5288072228431702,0.7968922853469849,Q3
0.5896949768066406,0.7222703099250793,Q2
0.5630912780761719,0.7476072907447815,Q3
0.46768656373023987,0.9349380135536194,Q4 (highest)
0.6006845831871033,0.703349769115448,Q2
0.6700237393379211,0.5770248174667358,Q2
0.6546927690505981,0.5505149960517883,Q2
0.4568451941013336,0.9651642441749573,Q4 (highest)
0.49068814516067505,0.8996238112449646,Q4 (highest)
0.4971940219402313,0.8724883794784546,Q4 (highest)
0.6389627456665039,0.6487790942192078,Q2
0.6112869381904602,0.6718714237213135,Q2
0.6778655648231506,0.5300573110580444,Q1 (lowest)
0.6144106388092041,0.6396622061729431,Q2
0.6326261758804321,0.614584743976593,Q2
0.7059378027915955,0.4769399166107178,Q1 (lowest)
0.7271857261657715,0.38855746388435364,Q1 (lowest)
0.6720503568649292,0.5384131669998169,Q1 (lowest)
0.47940006852149963,0.9237772822380066,Q4 (highest)
0.4680900573730469,0.934070885181427,Q4 (highest)
0.5375667214393616,0.7893638014793396,Q3
0.48627257347106934,0.9092445373535156,Q4 (highest)
0.6208966374397278,0.6424718499183655,Q2
0.7065092921257019,0.4448143541812897,Q1 (lowest)
0.7359084486961365,0.3416782021522522,Q1 (lowest)
0.7701798677444458,0.25452950596809387,Q1 (lowest)
0.7582300305366516,0.3005959391593933,Q1 (lowest)
0.7417778372764587,0.432599812746048,Q1 (lowest)
0.671927273273468,0.6168993711471558,Q2
0.5376787185668945,0.8221619725227356,Q3
0.5793976783752441,0.7575933337211609,Q3
0.6696197986602783,0.5472936630249023,Q2
0.7324562668800354,0.3825313448905945,Q1 (lowest)
0.7235092520713806,0.3918939232826233,Q1 (lowest)
0.6528086066246033,0.5610413551330566,Q2
0.544857919216156,0.7759168744087219,Q3
0.5465598702430725,0.7811956405639648,Q3
0.6433998346328735,0.5709801912307739,Q2
0.572605550289154,0.718132495880127,Q2
0.5524468421936035,0.7624684572219849,Q3
0.6859819293022156,0.5272939205169678,Q1 (lowest)
0.736027717590332,0.36433351039886475,Q1 (lowest)
0.7243092060089111,0.37915873527526855,Q1 (lowest)
0.7493959069252014,0.37834951281547546,Q1 (lowest)
0.76909339427948,0.3309707045555115,Q1 (lowest)
0.7712477445602417,0.2750903367996216,Q1 (lowest)
0.7808462977409363,0.21645493805408478,Q1 (lowest)
0.762719988822937,0.2758693993091583,Q1 (lowest)
0.7367531657218933,0.3978506922721863,Q1 (lowest)
0.6664673686027527,0.5708521008491516,Q2
0.5237289667129517,0.8264527916908264,Q3
0.5686635375022888,0.763888418674469,Q3
0.6131513714790344,0.6529709696769714,Q2
0.5568397641181946,0.7589714527130127,Q3
0.6068964004516602,0.705498218536377,Q2
0.6992434859275818,0.5178301930427551,Q1 (lowest)
0.7021522521972656,0.5298475027084351,Q1 (lowest)
0.7518624663352966,0.3987482488155365,Q1 (lowest)
0.6722570061683655,0.5687507390975952,Q2
0.5672513246536255,0.7743863463401794,Q3
0.5598751306533813,0.7696968913078308,Q3
0.5512018203735352,0.7955742478370667,Q3
0.6633565425872803,0.6240081191062927,Q2
0.6495466232299805,0.5996005535125732,Q2
0.6157724261283875,0.6668405532836914,Q2
0.6569239497184753,0.6252596378326416,Q2
0.7085227370262146,0.4768994152545929,Q1 (lowest)
0.6519308686256409,0.6064957976341248,Q2
0.5844855904579163,0.7548712491989136,Q3
0.5406001806259155,0.7893638014793396,Q3
0.5076972842216492,0.805995762348175,Q3
0.42564868927001953,0.936711847782135,Q4 (highest)
0.5384880900382996,0.8218982219696045,Q3
0.5666918754577637,0.7418888807296753,Q3
0.5945603251457214,0.7052440643310547,Q2
0.5494927763938904,0.7819930911064148,Q3
0.466251939535141,0.9414055943489075,Q4 (highest)
0.6334627270698547,0.6526823043823242,Q2
0.5077524185180664,0.8547254204750061,Q4 (highest)
0.5055667757987976,0.868930459022522,Q4 (highest)
0.6324499249458313,0.6651924848556519,Q2
0.6171688437461853,0.6888575553894043,Q2
0.6897322535514832,0.5418861508369446,Q1 (lowest)
0.6908243298530579,0.47036615014076233,Q1 (lowest)
0.6360851526260376,0.6177843809127808,Q2
0.5049050450325012,0.867003858089447,Q4 (highest)
0.5529000163078308,0.785021185874939,Q3
0.6754929423332214,0.5444032549858093,Q2
0.6799762845039368,0.4990774095058441,Q1 (lowest)
0.5783812403678894,0.7136889100074768,Q2
0.4974781572818756,0.8732956051826477,Q4 (highest)
0.5617279410362244,0.7503765225410461,Q3
0.5545223951339722,0.7548712491989136,Q3
0.5611443519592285,0.7414208650588989,Q3
0.6490676999092102,0.591227650642395,Q2
0.7274555563926697,0.42387187480926514,Q1 (lowest)
0.7713351845741272,0.2973429262638092,Q1 (lowest)
0.7808956503868103,0.20710112154483795,Q1 (lowest)
0.7666196823120117,0.27506354451179504,Q1 (lowest)
0.7503901720046997,0.3962295651435852,Q1 (lowest)
0.692707359790802,0.5670472383499146,Q2
0.5612039566040039,0.7819930911064148,Q3
0.5786219835281372,0.7633544206619263,Q3
0.6552950739860535,0.5491858720779419,Q2
0.7365672588348389,0.38335898518562317,Q1 (lowest)
0.7420722842216492,0.34264081716537476,Q1 (lowest)
0.699445366859436,0.4597894251346588,Q1 (lowest)
0.6573235392570496,0.5610413551330566,Q2
0.6489015817642212,0.5590375065803528,Q2
0.6418567299842834,0.5831174254417419,Q2
0.5777486562728882,0.7110482454299927,Q2
0.6152566075325012,0.6454147696495056,Q2
0.6963750720024109,0.48086509108543396,Q1 (lowest)
0.7054843306541443,0.4488236904144287,Q1 (lowest)
0.657577395439148,0.5433367490768433,Q1 (lowest)
0.6702624559402466,0.5414973497390747,Q1 (lowest)
0.733808696269989,0.4573492109775543,Q1 (lowest)
0.7586749196052551,0.3652430772781372,Q1 (lowest)
0.7585017085075378,0.27246004343032837,Q1 (lowest)
0.7665018439292908,0.27366334199905396,Q1 (lowest)
0.7533602118492126,0.3934253454208374,Q1 (lowest)
0.6956416368484497,0.560553789138794,Q2
0.5851411819458008,0.7633544206619263,Q3
0.5022334456443787,0.8799922466278076,Q4 (highest)
0.5184779167175293,0.8346053957939148,Q3
0.5527586936950684,0.7741960287094116,Q3
0.6583402156829834,0.5450233221054077,Q2
0.7354968190193176,0.3971194624900818,Q1 (lowest)
0.76188063621521,0.36129677295684814,Q1 (lowest)
0.7437565326690674,0.354789137840271,Q1 (lowest)
0.7231033444404602,0.4594920575618744,Q1 (lowest)
0.6641926765441895,0.5550875067710876,Q2
0.6978446841239929,0.5550875067710876,Q2
0.6885678172111511,0.5543773770332336,Q2
0.68649822473526,0.4844469428062439,Q1 (lowest)
0.7179473042488098,0.42337581515312195,Q1 (lowest)
0.7397255897521973,0.40813443064689636,Q1 (lowest)
0.7317759394645691,0.46343037486076355,Q1 (lowest)
0.7354275584220886,0.4471403956413269,Q1 (lowest)
0.7100319266319275,0.462976336479187,Q1 (lowest)
0.6177229881286621,0.6524901390075684,Q2
0.5316850543022156,0.8081257939338684,Q3
0.5243511199951172,0.8402424454689026,Q3
0.4933943450450897,0.9034509062767029,Q4 (highest)
0.5438374876976013,0.80046546459198,Q3
0.44916000962257385,0.9752398133277893,Q4 (highest)
0.5486668944358826,0.7696968913078308,Q3
0.5113921165466309,0.798222005367279,Q3
0.5223262906074524,0.8132243156433105,Q3
0.5887144207954407,0.7321720123291016,Q3
0.6679676175117493,0.5208194851875305,Q1 (lowest)
0.6742427945137024,0.5472936630249023,Q2
0.5971164107322693,0.6829115748405457,Q2
0.6166415214538574,0.6727228760719299,Q2
0.6531411409378052,0.560310423374176,Q2
0.5775629281997681,0.7304093241691589,Q3
0.5851254463195801,0.716503918170929,Q2
0.6685277223587036,0.5311097502708435,Q1 (lowest)
0.6915320754051208,0.48185834288597107,Q1 (lowest)
0.7164012789726257,0.4159332811832428,Q1 (lowest)
0.7135208249092102,0.4192700684070587,Q1 (lowest)
0.6284229755401611,0.6043723821640015,Q2
0.5083504915237427,0.8526896834373474,Q4 (highest)
0.559126079082489,0.7660421133041382,Q3
0.6240255832672119,0.6327645778656006,Q2
0.6552033424377441,0.5657320618629456,Q2
0.60306316614151,0.6592339277267456,Q2
0.6040051579475403,0.6708123683929443,Q2
0.5222092866897583,0.8221619725227356,Q3
0.5831467509269714,0.7386395931243896,Q3
0.5765161514282227,0.7143551111221313,Q2
0.6838057637214661,0.4934234917163849,Q1 (lowest)
0.7390792369842529,0.352139949798584,Q1 (lowest)
0.7667531371116638,0.25912538170814514,Q1 (lowest)
0.779695451259613,0.18585114181041718,Q1 (lowest)
0.7637219429016113,0.2507549822330475,Q1 (lowest)
0.7328291535377502,0.3523946702480316,Q1 (lowest)
0.6839900016784668,0.48086509108543396,Q1 (lowest)
0.6338150501251221,0.6016743779182434,Q2
0.6453858017921448,0.6041461229324341,Q2
0.6453041434288025,0.5730400085449219,Q2
0.6948203444480896,0.45468437671661377,Q1 (lowest)
0.7108709216117859,0.41662001609802246,Q1 (lowest)
0.7274421453475952,0.366822749376297,Q1 (lowest)
0.7337222099304199,0.3918939232826233,Q1 (lowest)
0.7249900698661804,0.39102810621261597,Q1 (lowest)
0.7540608048439026,0.3455808162689209,Q1 (lowest)
0.703515350818634,0.438262015581131,Q1 (lowest)
0.6962584853172302,0.4923286736011505,Q1 (lowest)
0.6903125047683716,0.4676792025566101,Q1 (lowest)
0.730104923248291,0.3891526758670807,Q1 (lowest)
0.6527769565582275,0.554732084274292,Q2
0.5535195469856262,0.756908655166626,Q3
0.5699257254600525,0.7513649463653564,Q3
0.6604741215705872,0.6161782145500183,Q2
0.7061675786972046,0.4502018988132477,Q1 (lowest)
0.7438726425170898,0.3179292380809784,Q1 (lowest)
0.7843373417854309,0.24538612365722656,Q1 (lowest)
0.7670661807060242,0.3398476839065552,Q1 (lowest)
0.7354138493537903,0.4524843990802765,Q1 (lowest)
0.6989061832427979,0.5524371266365051,Q2
0.6530036330223083,0.6556862592697144,Q2
0.6157118678092957,0.6908431053161621,Q2
0.6375854015350342,0.6091820597648621,Q2
0.5624006390571594,0.789994478225708,Q3
0.4902767241001129,0.9017894268035889,Q4 (highest)
0.6273454427719116,0.6412887573242188,Q2
0.7191451787948608,0.44436609745025635,Q1 (lowest)
0.6984682083129883,0.5204184055328369,Q1 (lowest)
0.6757684350013733,0.5060562491416931,Q1 (lowest)
0.7311624884605408,0.41462627053260803,Q1 (lowest)
0.725364625453949,0.38760387897491455,Q1 (lowest)
0.7454916834831238,0.38760387897491455,Q1 (lowest)
0.7228971719741821,0.38393792510032654,Q1 (lowest)
0.7494153380393982,0.3500315845012665,Q1 (lowest)
0.7708004117012024,0.29507800936698914,Q1 (lowest)
0.7590903043746948,0.29332461953163147,Q1 (lowest)
0.7713310718536377,0.32079601287841797,Q1 (lowest)
0.7702140808105469,0.3259270191192627,Q1 (lowest)
0.7297829389572144,0.469310462474823,Q1 (lowest)
0.6355518698692322,0.6690253615379333,Q2
0.5191998481750488,0.8547254204750061,Q4 (highest)
0.5999500155448914,0.6690253615379333,Q2
0.4639516770839691,0.9535431861877441,Q4 (highest)
0.5161542296409607,0.8346053957939148,Q3
0.6556395888328552,0.6155392527580261,Q2
0.6955992579460144,0.46521854400634766,Q1 (lowest)
0.663053035736084,0.5827100872993469,Q2
0.600824773311615,0.6677738428115845,Q2
0.6529947519302368,0.5739477276802063,Q2
0.6541137099266052,0.5614690184593201,Q2
0.5410475134849548,0.8052927851676941,Q3
0.4832398593425751,0.9017894268035889,Q4 (highest)
0.5353112816810608,0.8169835805892944,Q3
0.6377355456352234,0.6206265687942505,Q2
0.7075724601745605,0.4390651285648346,Q1 (lowest)
0.668804943561554,0.5147375464439392,Q1 (lowest)
0.6831738352775574,0.5026289224624634,Q1 (lowest)
0.6811008453369141,0.5055897235870361,Q1 (lowest)
0.4726801812648773,0.9315419793128967,Q4 (highest)
0.5779472589492798,0.7114419341087341,Q2
0.5024798512458801,0.8628818988800049,Q4 (highest)
0.5253497958183289,0.8346053957939148,Q3
0.6405956745147705,0.5770248174667358,Q2
0.6360234618186951,0.596964955329895,Q2
0.5827611088752747,0.7062625288963318,Q2
0.626282274723053,0.6116696000099182,Q2
0.7074495553970337,0.45280739665031433,Q1 (lowest)
0.74906325340271,0.3215425908565521,Q1 (lowest)
0.75985187292099,0.27382272481918335,Q1 (lowest)
0.7675604224205017,0.24193669855594635,Q1 (lowest)
0.7585120797157288,0.27129217982292175,Q1 (lowest)
0.7232968807220459,0.3921571373939514,Q1 (lowest)
0.6681607365608215,0.5657320618629456,Q2
0.532996654510498,0.805995762348175,Q3
0.5193046927452087,0.8267256021499634,Q3
0.5524468421936035,0.7624684572219849,Q3
0.630847156047821,0.5978397130966187,Q2
0.6845184564590454,0.5005724430084229,Q1 (lowest)
0.6943494081497192,0.4716245234012604,Q1 (lowest)
0.7253905534744263,0.4284573495388031,Q1 (lowest)
0.7375249862670898,0.34288227558135986,Q1 (lowest)
0.7445778250694275,0.3142205476760864,Q1 (lowest)
0.7383484840393066,0.34032341837882996,Q1 (lowest)
0.7411154508590698,0.3288017213344574,Q1 (lowest)
0.7090557813644409,0.4239650070667267,Q1 (lowest)
0.6311540007591248,0.6110448241233826,Q2
0.588565468788147,0.6965662837028503,Q2
0.6990256905555725,0.481816828250885,Q1 (lowest)
0.764336109161377,0.3329576551914215,Q1 (lowest)
0.7755201458930969,0.30050161480903625,Q1 (lowest)
0.7797733545303345,0.27780699729919434,Q1 (lowest)
0.7679333686828613,0.3360876441001892,Q1 (lowest)
0.7516530752182007,0.3994857370853424,Q1 (lowest)
0.7339791059494019,0.45683544874191284,Q1 (lowest)
0.7247672080993652,0.48377570509910583,Q1 (lowest)
0.7368708252906799,0.3617435097694397,Q1 (lowest)
0.7157883644104004,0.488950252532959,Q1 (lowest)
0.6045472621917725,0.6859754323959351,Q2
0.5215269327163696,0.8221619725227356,Q3
0.6182011961936951,0.6860898733139038,Q2
0.6868190169334412,0.5132810473442078,Q1 (lowest)
0.6022588014602661,0.740179181098938,Q3
0.6732528805732727,0.5155185461044312,Q1 (lowest)
0.733900249004364,0.3635188043117523,Q1 (lowest)
0.7773808836936951,0.2690214216709137,Q1 (lowest)
0.7745009660720825,0.2655074894428253,Q1 (lowest)
0.7847855687141418,0.24726484715938568,Q1 (lowest)
0.7851678133010864,0.21266959607601166,Q1 (lowest)
0.7819460034370422,0.20710112154483795,Q1 (lowest)
0.7757741808891296,0.2218264490365982,Q1 (lowest)
0.774897038936615,0.2926494777202606,Q1 (lowest)
0.7242651581764221,0.40313270688056946,Q1 (lowest)
0.6717319488525391,0.5252326726913452,Q1 (lowest)
0.651116669178009,0.590380847454071,Q2
0.624643862247467,0.6486847996711731,Q2
0.5073838233947754,0.8770081996917725,Q4 (highest)
0.5165495276451111,0.8554120063781738,Q4 (highest)
0.4712272584438324,0.9307215809822083,Q4 (highest)
0.4436376690864563,0.9888501763343811,Q4 (highest)
0.5178176760673523,0.8331627249717712,Q3
0.5237273573875427,0.8311696648597717,Q3
0.6701168417930603,0.526570200920105,Q1 (lowest)
0.6150117516517639,0.7043576240539551,Q2
0.5910062789916992,0.6820132732391357,Q2
0.5834465026855469,0.7002353072166443,Q2
0.4883693754673004,0.8909742832183838,Q4 (highest)
0.45566126704216003,0.9651642441749573,Q4 (highest)
0.5146088600158691,0.8451953530311584,Q3
0.6331630349159241,0.6233437657356262,Q2
0.66202312707901,0.5614690184593201,Q2
0.5737218856811523,0.7327635288238525,Q3
0.5969257354736328,0.6983917355537415,Q2
0.5843502879142761,0.6983917355537415,Q2
0.5760623812675476,0.7290988564491272,Q3
0.5284048318862915,0.8198072910308838,Q3
0.546140193939209,0.7854294180870056,Q3
0.6117095351219177,0.6603310108184814,Q2
0.5830186009407043,0.6969299912452698,Q2
0.5987364649772644,0.6830241680145264,Q2
0.6423830986022949,0.5804840326309204,Q2
0.698472261428833,0.4821074306964874,Q1 (lowest)
0.6835243105888367,0.48787909746170044,Q1 (lowest)
0.7040097713470459,0.4505212903022766,Q1 (lowest)
0.7298868894577026,0.3630901873111725,Q1 (lowest)
0.7160093784332275,0.4054901599884033,Q1 (lowest)
0.7184829711914062,0.39199918508529663,Q1 (lowest)
0.7412170171737671,0.332406610250473,Q1 (lowest)
0.7629347443580627,0.26495474576950073,Q1 (lowest)
0.7343664765357971,0.3795523941516876,Q1 (lowest)
0.6608083844184875,0.5369424819946289,Q1 (lowest)
0.5741893649101257,0.7190894484519958,Q2
0.5528395771980286,0.7624684572219849,Q3
0.5732733607292175,0.7167742252349854,Q2
0.533730685710907,0.805995762348175,Q3
0.5133249163627625,0.8390346169471741,Q3
0.593617856502533,0.6825742125511169,Q2
0.6517006754875183,0.5786141753196716,Q2
0.710843026638031,0.42637115716934204,Q1 (lowest)
0.7309234142303467,0.3705153167247772,Q1 (lowest)
0.7428770661354065,0.3675369322299957,Q1 (lowest)
0.7284631729125977,0.3652659058570862,Q1 (lowest)
0.7296542525291443,0.4120384156703949,Q1 (lowest)
0.6379831433296204,0.5914398431777954,Q2
0.5278987288475037,0.8200668096542358,Q3
0.5679585337638855,0.7653210759162903,Q3
0.6846982836723328,0.5778179168701172,Q2
0.7418689131736755,0.4323079586029053,Q1 (lowest)
0.7466846704483032,0.4165302813053131,Q1 (lowest)
0.7406989932060242,0.43455666303634644,Q1 (lowest)
0.7479566335678101,0.3893861174583435,Q1 (lowest)
0.7653142809867859,0.31176456809043884,Q1 (lowest)
0.7717803120613098,0.28778350353240967,Q1 (lowest)
0.7722398638725281,0.31653979420661926,Q1 (lowest)
0.7000042200088501,0.50461345911026,Q1 (lowest)
0.6979071497917175,0.4594920575618744,Q1 (lowest)
0.7729517817497253,0.2539227306842804,Q1 (lowest)
0.7313421964645386,0.36273014545440674,Q1 (lowest)
0.6776703000068665,0.5188218355178833,Q1 (lowest)
0.5825589895248413,0.7256515622138977,Q2
0.5354799032211304,0.7936190962791443,Q3
0.6610381007194519,0.5505149960517883,Q2
0.7384687066078186,0.3806391954421997,Q1 (lowest)
0.5160311460494995,0.8451953530311584,Q3
0.5618193745613098,0.7740060687065125,Q3
0.7006210088729858,0.5412755608558655,Q1 (lowest)
0.7583428621292114,0.37505099177360535,Q1 (lowest)
0.7828866243362427,0.2594272494316101,Q1 (lowest)
0.7927073836326599,0.18351440131664276,Q1 (lowest)
0.7935582399368286,0.17306868731975555,Q1 (lowest)
0.7827702164649963,0.18480752408504486,Q1 (lowest)
0.7860376834869385,0.21539238095283508,Q1 (lowest)
0.7684605717658997,0.23178820312023163,Q1 (lowest)
0.7746511697769165,0.23998895287513733,Q1 (lowest)
0.7694936394691467,0.3125905394554138,Q1 (lowest)
0.7164082527160645,0.4077911674976349,Q1 (lowest)
0.6695074439048767,0.5248740911483765,Q1 (lowest)
0.6273881196975708,0.6093366146087646,Q2
0.5552051663398743,0.7622917890548706,Q3
0.49253931641578674,0.8895301222801208,Q4 (highest)
0.5454902648925781,0.7968922853469849,Q3
0.5477315783500671,0.805995762348175,Q3
0.44916000962257385,0.9752398133277893,Q4 (highest)
0.638870358467102,0.6030938029289246,Q2
0.498148649930954,0.8704970479011536,Q4 (highest)
0.5446886420249939,0.8078875541687012,Q3
0.5777779817581177,0.7299713492393494,Q3
0.5741882920265198,0.7394076585769653,Q3
0.5505401492118835,0.7691433429718018,Q3
0.46279793977737427,0.9454799890518188,Q4 (highest)
0.5760849714279175,0.7530254125595093,Q3
0.6237793564796448,0.6669440865516663,Q2
0.5671330690383911,0.757764995098114,Q3
0.5094916224479675,0.8557568192481995,Q4 (highest)
0.5396319031715393,0.7968922853469849,Q3
0.5386643409729004,0.7885269522666931,Q3
0.6328893899917603,0.5935031771659851,Q2
0.6699703335762024,0.5482663512229919,Q2
0.6896748542785645,0.4930724501609802,Q1 (lowest)
0.6703889966011047,0.534997820854187,Q1 (lowest)
0.5624822378158569,0.7535267472267151,Q3
0.5398480296134949,0.8132243156433105,Q3
0.660306990146637,0.5895374417304993,Q2
0.7073962092399597,0.44682636857032776,Q1 (lowest)
0.7184925675392151,0.3919728696346283,Q1 (lowest)
0.6799196004867554,0.4932478964328766,Q1 (lowest)
0.652873158454895,0.584755003452301,Q2
0.6735617518424988,0.5533755421638489,Q2
0.708558976650238,0.4367648959159851,Q1 (lowest)
0.7553997039794922,0.3203178346157074,Q1 (lowest)
0.7516095638275146,0.3233693540096283,Q1 (lowest)
0.7114104628562927,0.427348256111145,Q1 (lowest)
0.6745595932006836,0.5132810473442078,Q1 (lowest)
0.670626163482666,0.5378127098083496,Q1 (lowest)
0.617394745349884,0.6484964489936829,Q2
0.5107370018959045,0.8516849279403687,Q4 (highest)
0.6003486514091492,0.6753004193305969,Q2
0.641425371170044,0.5935031771659851,Q2
0.6903194785118103,0.5048454999923706,Q1 (lowest)
0.6735660433769226,0.5277087092399597,Q1 (lowest)
0.6757621169090271,0.5226341485977173,Q1 (lowest)
0.7279700040817261,0.4312737286090851,Q1 (lowest)
0.7008596062660217,0.4860075116157532,Q1 (lowest)
0.6366803050041199,0.5868206024169922,Q2
0.6536645293235779,0.5698306560516357,Q2
0.7038016319274902,0.4552654027938843,Q1 (lowest)
0.7143577933311462,0.45094797015190125,Q1 (lowest)
0.6527398824691772,0.5836617946624756,Q2
0.6329022645950317,0.6272785663604736,Q2
0.6697496771812439,0.5261061787605286,Q1 (lowest)
0.7288207411766052,0.39273735880851746,Q1 (lowest)
0.7617036700248718,0.2813926041126251,Q1 (lowest)
0.7773622870445251,0.21899551153182983,Q1 (lowest)
0.7657015919685364,0.3155050575733185,Q1 (lowest)
0.7217577695846558,0.44759491086006165,Q1 (lowest)
0.663091242313385,0.6155392527580261,Q2
0.5664933323860168,0.7305554747581482,Q3
0.6288742423057556,0.6155392527580261,Q2
0.7310358881950378,0.44759491086006165,Q1 (lowest)
0.6645426154136658,0.5669844150543213,Q2
0.6278141140937805,0.6056589484214783,Q2
0.603265106678009,0.6627464294433594,Q2
0.5334725379943848,0.7991153001785278,Q3
0.6097567677497864,0.6487790942192078,Q2
0.6944488286972046,0.4615078866481781,Q1 (lowest)
0.7639257311820984,0.2630358934402466,Q1 (lowest)
0.7247747778892517,0.3806391954421997,Q1 (lowest)
0.667936384677887,0.5505149960517883,Q2
0.550916850566864,0.7936190962791443,Q3
0.5932196974754333,0.7167742252349854,Q2
0.6933543086051941,0.5231919288635254,Q1 (lowest)
0.6124251484870911,0.6865482926368713,Q2
0.5210750699043274,0.8423848748207092,Q3
0.6372766494750977,0.6457857489585876,Q2
0.7314559817314148,0.46437957882881165,Q1 (lowest)
0.7622893452644348,0.3385067582130432,Q1 (lowest)
0.7858041524887085,0.24038061499595642,Q1 (lowest)
0.7940713167190552,0.16881099343299866,Q1 (lowest)
0.791551411151886,0.19475238025188446,Q1 (lowest)
0.7763563990592957,0.2511543333530426,Q1 (lowest)
0.7514808773994446,0.3043162226676941,Q1 (lowest)
0.7384960055351257,0.3350830674171448,Q1 (lowest)
0.740616500377655,0.32700857520103455,Q1 (lowest)
0.768652081489563,0.2848336100578308,Q1 (lowest)
0.7606695890426636,0.33516010642051697,Q1 (lowest)
0.7343868613243103,0.3740919232368469,Q1 (lowest)
0.6866491436958313,0.47452473640441895,Q1 (lowest)
0.6033053398132324,0.6595325469970703,Q2
0.46966442465782166,0.934070885181427,Q4 (highest)
0.49930962920188904,0.8919497728347778,Q4 (highest)
0.5247127413749695,0.8198072910308838,Q3
0.57966548204422,0.7105247974395752,Q2
0.555438220500946,0.7740060687065125,Q3
0.5762810111045837,0.7106555104255676,Q2
0.5757255554199219,0.7386395931243896,Q3
0.5455557107925415,0.7936190962791443,Q3
0.5197562575340271,0.8346053957939148,Q3
0.584536612033844,0.7143551111221313,Q2
0.5154581069946289,0.8451953530311584,Q3
0.6408219337463379,0.597766637802124,Q2
0.5800795555114746,0.726793110370636,Q2
0.5890243649482727,0.7018482089042664,Q2
0.6342329382896423,0.6086419224739075,Q2
0.6080235838890076,0.6604310870170593,Q2
0.6265973448753357,0.6240081191062927,Q2
0.6749390959739685,0.5048454999923706,Q1 (lowest)
0.7266995310783386,0.37992218136787415,Q1 (lowest)
0.727367103099823,0.36843928694725037,Q1 (lowest)
0.6655420064926147,0.5263122916221619,Q1 (lowest)
0.5727683305740356,0.7279422283172607,Q2
0.5576193928718567,0.7772682905197144,Q3
0.621344804763794,0.6417429447174072,Q2
0.666012704372406,0.5210705995559692,Q1 (lowest)
0.6320919394493103,0.608718991279602,Q2
0.5221142172813416,0.8297645449638367,Q3
0.5656248927116394,0.732319712638855,Q3
0.6689313054084778,0.5178301930427551,Q1 (lowest)
0.7048322558403015,0.43987151980400085,Q1 (lowest)
0.6988696455955505,0.443232923746109,Q1 (lowest)
0.7034047245979309,0.44896459579467773,Q1 (lowest)
0.6553370356559753,0.5510955452919006,Q2
0.6372863054275513,0.592931866645813,Q2
0.5559712052345276,0.7581087946891785,Q3
0.5725566744804382,0.7224099636077881,Q2
0.644634485244751,0.6061911582946777,Q2
0.6329943537712097,0.6068010330200195,Q2
0.5867974758148193,0.6980251669883728,Q2
0.5751069188117981,0.72185218334198,Q2
0.6264647245407104,0.6240081191062927,Q2
0.5616033673286438,0.7418888807296753,Q3
0.6760807037353516,0.5364545583724976,Q1 (lowest)
0.6500358581542969,0.5876526832580566,Q2
0.6394792795181274,0.614584743976593,Q2
0.6704113483428955,0.5489556193351746,Q2
0.6806036233901978,0.5218761563301086,Q1 (lowest)
0.6771013140678406,0.5186727643013,Q1 (lowest)
0.5815010070800781,0.7450419664382935,Q3
0.49156734347343445,0.8876386284828186,Q4 (highest)
0.6260486841201782,0.6384063959121704,Q2
0.7271010279655457,0.44326716661453247,Q1 (lowest)
0.7654677629470825,0.3067784607410431,Q1 (lowest)
0.7678150534629822,0.2528090476989746,Q1 (lowest)
0.7731640338897705,0.23274831473827362,Q1 (lowest)
0.7454803586006165,0.33694228529930115,Q1 (lowest)
0.683578372001648,0.48775091767311096,Q1 (lowest)
0.5984657406806946,0.7058799266815186,Q2
0.5822417140007019,0.6985140442848206,Q2
0.7040879726409912,0.5281242728233337,Q1 (lowest)
0.6020717620849609,0.7362046837806702,Q3
0.4943285584449768,0.8857843279838562,Q4 (highest)
0.5544102191925049,0.7806000709533691,Q3
0.6802117228507996,0.5395093560218811,Q1 (lowest)
0.7339215278625488,0.38709041476249695,Q1 (lowest)
0.5875062346458435,0.7101330757141113,Q2
0.7843541502952576,0.20030203461647034,Q1 (lowest)
0.7562287449836731,0.27786150574684143,Q1 (lowest)
0.7148398756980896,0.4018816649913788,Q1 (lowest)
0.6636044383049011,0.5804840326309204,Q2
0.5174174308776855,0.8306058049201965,Q3
0.5563256144523621,0.8052927851676941,Q3
0.6492781043052673,0.5827100872993469,Q2
0.7142342329025269,0.43653300404548645,Q1 (lowest)
0.7394564151763916,0.36855530738830566,Q1 (lowest)
0.7377390265464783,0.3422189950942993,Q1 (lowest)
0.7649611830711365,0.2848336100578308,Q1 (lowest)
0.7751132845878601,0.22104164958000183,Q1 (lowest)
0.782098114490509,0.19551803171634674,Q1 (lowest)
0.783488929271698,0.17359091341495514,Q1 (lowest)
0.7850002646446228,0.15039633214473724,Q1 (lowest)
0.7423126101493835,0.41145503520965576,Q1 (lowest)
0.6638568639755249,0.5301097631454468,Q1 (lowest)
0.6761607527732849,0.5831854343414307,Q2
0.6954911351203918,0.510303258895874,Q1 (lowest)
0.7423626184463501,0.38967177271842957,Q1 (lowest)
0.7567987442016602,0.2825266122817993,Q1 (lowest)
0.7792251110076904,0.20460420846939087,Q1 (lowest)
0.7935726046562195,0.17439772188663483,Q1 (lowest)
0.7855129837989807,0.24237672984600067,Q1 (lowest)
0.7593457102775574,0.3282266855239868,Q1 (lowest)
0.7198560237884521,0.4212508499622345,Q1 (lowest)
0.7096059322357178,0.4836919605731964,Q1 (lowest)
0.7077344655990601,0.46648353338241577,Q1 (lowest)
0.7313260436058044,0.38538050651550293,Q1 (lowest)
0.7010889053344727,0.4579380750656128,Q1 (lowest)
0.6544397473335266,0.5468945503234863,Q2
0.5675815939903259,0.7513649463653564,Q3
0.5160776972770691,0.837540864944458,Q3
0.5441700220108032,0.7997888326644897,Q3
0.45374950766563416,0.9651642441749573,Q4 (highest)
0.5328963994979858,0.7988914847373962,Q3
0.5898573994636536,0.6998651027679443,Q2
0.6778991222381592,0.5645492672920227,Q2
0.5455586314201355,0.8016003370285034,Q3
0.5286493301391602,0.8117485642433167,Q3
0.5035772323608398,0.8862445950508118,Q4 (highest)
0.5203185081481934,0.8439382910728455,Q3
0.582268476486206,0.7555475234985352,Q3
0.6533557176589966,0.5702769160270691,Q2
0.6591610312461853,0.5713006854057312,Q2
0.6381685137748718,0.6530673503875732,Q2
0.6616806387901306,0.572910726070404,Q2
0.5869737863540649,0.6888575553894043,Q2
0.6953572630882263,0.47645455598831177,Q1 (lowest)
0.7305521368980408,0.364515095949173,Q1 (lowest)
0.7274474501609802,0.36820751428604126,Q1 (lowest)
0.7061654329299927,0.4314672350883484,Q1 (lowest)
0.6531631946563721,0.549704909324646,Q2
0.5469241142272949,0.7764946222305298,Q3
0.5046549439430237,0.8732956051826477,Q4 (highest)
0.6289388537406921,0.6086419224739075,Q2
0.5393075346946716,0.789994478225708,Q3
0.5811817049980164,0.7094823122024536,Q2
0.6727784872055054,0.5191699862480164,Q1 (lowest)
0.6239723563194275,0.6240913271903992,Q2
0.6224261522293091,0.6325039863586426,Q2
0.6393284201622009,0.5898884534835815,Q2
0.5567805171012878,0.7575933337211609,Q3
0.5822827219963074,0.7189524173736572,Q2
0.44798728823661804,0.9778246283531189,Q4 (highest)
0.5365782976150513,0.8200668096542358,Q3
0.46332883834838867,0.9510926604270935,Q4 (highest)
0.6528686881065369,0.5571128129959106,Q2
0.5497140288352966,0.7660421133041382,Q3
0.5143369436264038,0.8526896834373474,Q4 (highest)
0.5612412691116333,0.7513649463653564,Q3
0.5577877759933472,0.7555475234985352,Q3
0.619432270526886,0.6286360025405884,Q2
0.5999550819396973,0.6832495331764221,Q2
0.5853051543235779,0.7637102603912354,Q3
0.6448543071746826,0.598425030708313,Q2
0.6966238021850586,0.47452473640441895,Q1 (lowest)
0.7188373804092407,0.421618789434433,Q1 (lowest)
0.7681333422660828,0.24978959560394287,Q1 (lowest)
0.7703182697296143,0.2234662026166916,Q1 (lowest)
0.7552540302276611,0.31924232840538025,Q1 (lowest)
0.7110044360160828,0.4505212903022766,Q1 (lowest)
0.6339962482452393,0.6116696000099182,Q2
0.5852590799331665,0.7058799266815186,Q2
0.6772277355194092,0.597256064414978,Q2
0.6150490641593933,0.6897892355918884,Q2
0.5220791101455688,0.8311696648597717,Q3
0.563201367855072,0.757764995098114,Q3
0.5997063517570496,0.6669440865516663,Q2
0.6865411996841431,0.4926784038543701,Q1 (lowest)
0.7453577518463135,0.3512935936450958,Q1 (lowest)
0.7022948861122131,0.5328583121299744,Q1 (lowest)
0.5530020594596863,0.7696968913078308,Q3
0.4804967939853668,0.9181523323059082,Q4 (highest)
0.6466700434684753,0.6515318155288696,Q2
0.773231029510498,0.24307726323604584,Q1 (lowest)
0.7389318346977234,0.3357006013393402,Q1 (lowest)
0.7132317423820496,0.44515979290008545,Q1 (lowest)
0.5544191598892212,0.7660421133041382,Q3
0.5853426456451416,0.7079295516014099,Q2
0.6815416216850281,0.5289579033851624,Q1 (lowest)
0.6866778135299683,0.48787909746170044,Q1 (lowest)
0.6695782542228699,0.5334978103637695,Q1 (lowest)
0.6975695490837097,0.4768994152545929,Q1 (lowest)
0.7280322313308716,0.37242528796195984,Q1 (lowest)
0.7571955323219299,0.2945772707462311,Q1 (lowest)
0.7733882069587708,0.2797827422618866,Q1 (lowest)
0.7693083882331848,0.24099673330783844,Q1 (lowest)
0.7809305191040039,0.1933019757270813,Q1 (lowest)
0.7588348984718323,0.3164532780647278,Q1 (lowest)
0.735322892665863,0.37965092062950134,Q1 (lowest)
0.7506507039070129,0.4029933512210846,Q1 (lowest)
0.7313771843910217,0.37014040350914,Q1 (lowest)
0.7542495131492615,0.30329030752182007,Q1 (lowest)
0.783542811870575,0.23213747143745422,Q1 (lowest)
0.787794291973114,0.17114435136318207,Q1 (lowest)
0.7914175987243652,0.1959933638572693,Q1 (lowest)
0.7792644500732422,0.28065502643585205,Q1 (lowest)
0.7519628405570984,0.3983941674232483,Q1 (lowest)
0.6972463726997375,0.5519110560417175,Q2
0.6369962096214294,0.6940407156944275,Q2
0.6387078166007996,0.6486847996711731,Q2
0.695868968963623,0.48787909746170044,Q1 (lowest)
0.6694290637969971,0.578880250453949,Q2
0.5653972625732422,0.7665850520133972,Q3
0.576088011264801,0.7110482454299927,Q2
0.47515612840652466,0.9223278760910034,Q4 (highest)
0.46473202109336853,0.9454799890518188,Q4 (highest)
0.44798728823661804,0.9778246283531189,Q4 (highest)
0.5072028636932373,0.8516849279403687,Q4 (highest)
0.5067278742790222,0.8599777817726135,Q4 (highest)
0.6892974376678467,0.5093518495559692,Q1 (lowest)
0.6671399474143982,0.6212819218635559,Q2
0.5771489143371582,0.7224099636077881,Q2
0.6068677306175232,0.6718714237213135,Q2
0.48672446608543396,0.9045772552490234,Q4 (highest)
0.4785693287849426,0.911685049533844,Q4 (highest)
0.6067805886268616,0.6754085421562195,Q2
0.705061137676239,0.4665220379829407,Q1 (lowest)
0.7469426989555359,0.4156652092933655,Q1 (lowest)
0.7139679789543152,0.45109042525291443,Q1 (lowest)
0.6992703676223755,0.44560980796813965,Q1 (lowest)
0.6262001395225525,0.6110448241233826,Q2
0.5721642971038818,0.7224099636077881,Q2
0.6327198147773743,0.6110448241233826,Q2
0.6859572529792786,0.4865162968635559,Q1 (lowest)
0.682071328163147,0.5277087092399597,Q1 (lowest)
0.6772686243057251,0.5292191505432129,Q1 (lowest)
0.6638979911804199,0.5292191505432129,Q1 (lowest)
0.6926639676094055,0.4599755108356476,Q1 (lowest)
0.6787683367729187,0.5005724430084229,Q1 (lowest)
0.6023656725883484,0.6708123683929443,Q2
0.5828081965446472,0.7136889100074768,Q2
0.6601597666740417,0.5572326183319092,Q2
0.6894310712814331,0.47261306643486023,Q1 (lowest)
0.6548153162002563,0.5533755421638489,Q2
0.6489568948745728,0.5589167475700378,Q2
0.5269650220870972,0.8110164999961853,Q3
0.4974781572818756,0.8732956051826477,Q4 (highest)
0.5171162486076355,0.8346053957939148,Q3
0.4785693287849426,0.911685049533844,Q4 (highest)
0.547542929649353,0.7796127796173096,Q3
0.5143975615501404,0.8430038690567017,Q3
0.5526283383369446,0.7919024229049683,Q3
0.4915628433227539,0.8990909457206726,Q4 (highest)
0.49763116240501404,0.8954487442970276,Q4 (highest)
0.5810944437980652,0.7327635288238525,Q3
0.6498318314552307,0.5963838696479797,Q2
0.6804211139678955,0.5102556943893433,Q1 (lowest)
0.5898573994636536,0.6998651027679443,Q2
0.563998818397522,0.8016003370285034,Q3
0.5460954904556274,0.8093230724334717,Q3
0.4860103726387024,0.9142053723335266,Q4 (highest)
0.5896624326705933,0.6833624243736267,Q2
0.6830171346664429,0.5027667284011841,Q1 (lowest)
0.6634120345115662,0.5311097502708435,Q1 (lowest)
0.5953930020332336,0.6833624243736267,Q2
0.6463689208030701,0.5645492672920227,Q2
0.7127376198768616,0.413681298494339,Q1 (lowest)
0.7564945816993713,0.2932194173336029,Q1 (lowest)
0.7786045074462891,0.2054174393415451,Q1 (lowest)
0.7666508555412292,0.2717110514640808,Q1 (lowest)
0.7329196333885193,0.36246055364608765,Q1 (lowest)
0.7032187581062317,0.4505212903022766,Q1 (lowest)
0.6819173097610474,0.48775091767311096,Q1 (lowest)
0.6497708559036255,0.6079496145248413,Q2
0.5354321599006653,0.810046374797821,Q3
0.5572996139526367,0.7674940228462219,Q3
0.6365582346916199,0.6049767732620239,Q2
0.6819806098937988,0.4930286705493927,Q1 (lowest)
0.7209379076957703,0.39537060260772705,Q1 (lowest)
0.6768409013748169,0.5004360675811768,Q1 (lowest)
0.6173046231269836,0.6860898733139038,Q2
0.46279793977737427,0.9454799890518188,Q4 (highest)
0.49578315019607544,0.8934327960014343,Q4 (highest)
0.6139177680015564,0.7101330757141113,Q2
0.7047240138053894,0.503872811794281,Q1 (lowest)
0.7339164614677429,0.35190680623054504,Q1 (lowest)
0.759471595287323,0.27317294478416443,Q1 (lowest)
0.7229613661766052,0.391316294670105,Q1 (lowest)
0.5625137090682983,0.7503765225410461,Q3
0.5709454417228699,0.7589714527130127,Q3
0.6919593214988708,0.5331777334213257,Q1 (lowest)
0.613059401512146,0.6486847996711731,Q2
0.6586280465126038,0.6252596378326416,Q2
0.7082306742668152,0.4471403956413269,Q1 (lowest)
0.710807204246521,0.4264655113220215,Q1 (lowest)
0.7321212887763977,0.39668747782707214,Q1 (lowest)
0.749386727809906,0.32585397362709045,Q1 (lowest)
0.769209086894989,0.24894309043884277,Q1 (lowest)
0.7803861498832703,0.1830255538225174,Q1 (lowest)
0.788200318813324,0.18804454803466797,Q1 (lowest)
0.769378662109375,0.23213747143745422,Q1 (lowest)
0.775918185710907,0.27050983905792236,Q1 (lowest)
0.7707502245903015,0.3234774172306061,Q1 (lowest)
0.7563809156417847,0.3483625054359436,Q1 (lowest)
0.7659205794334412,0.3318762481212616,Q1 (lowest)
0.7788545489311218,0.28292056918144226,Q1 (lowest)
0.7881360650062561,0.2234662026166916,Q1 (lowest)
0.7905877232551575,0.20345042645931244,Q1 (lowest)
0.7726930975914001,0.29453176259994507,Q1 (lowest)
0.7201557159423828,0.42637115716934204,Q1 (lowest)
0.642260730266571,0.6171404123306274,Q2
0.5408599972724915,0.8919497728347778,Q4 (highest)
0.5702926516532898,0.7719305753707886,Q3
0.48848962783813477,0.9045772552490234,Q4 (highest)
0.5465598702430725,0.7811956405639648,Q3
0.5230041742324829,0.8430038690567017,Q3
0.476743221282959,0.9223278760910034,Q4 (highest)
0.46328315138816833,0.9444308280944824,Q4 (highest)
0.5437156558036804,0.7782409191131592,Q3
0.45566126704216003,0.9651642441749573,Q4 (highest)
0.48902541399002075,0.9034509062767029,Q4 (highest)
0.5736838579177856,0.7624684572219849,Q3
0.7119304537773132,0.42992448806762695,Q1 (lowest)
0.6890901923179626,0.48753756284713745,Q1 (lowest)
0.5862082839012146,0.7052440643310547,Q2
0.5320702195167542,0.8078875541687012,Q3
0.6590811610221863,0.5963838696479797,Q2
0.6897329688072205,0.4814438819885254,Q1 (lowest)
0.7535172700881958,0.3750750422477722,Q1 (lowest)
0.7429062724113464,0.3574122488498688,Q1 (lowest)
0.7256552577018738,0.3719518780708313,Q1 (lowest)
0.695828378200531,0.4549746513366699,Q1 (lowest)
0.6858169436454773,0.498987078666687,Q1 (lowest)
0.6749800443649292,0.5005724430084229,Q1 (lowest)
0.600209653377533,0.6718714237213135,Q2
0.5650607347488403,0.763888418674469,Q3
0.5638510584831238,0.7464801669120789,Q3
0.5880241394042969,0.7464801669120789,Q3
0.6057476997375488,0.6641695499420166,Q2
0.6576631665229797,0.5515028834342957,Q2
0.6852132678031921,0.48331552743911743,Q1 (lowest)
0.7039951682090759,0.4302769899368286,Q1 (lowest)
0.7166466116905212,0.4105253219604492,Q1 (lowest)
0.7112230062484741,0.44159606099128723,Q1 (lowest)
0.6360819935798645,0.597256064414978,Q2
0.544775664806366,0.7819930911064148,Q3
0.5171616673469543,0.8399393558502197,Q3
0.5312345623970032,0.8022855520248413,Q3
0.5656579732894897,0.7395617365837097,Q3
0.5657480955123901,0.7513649463653564,Q3
0.5187615752220154,0.8320200443267822,Q3
0.4966127872467041,0.8737016320228577,Q4 (highest)
0.5585784316062927,0.7817933559417725,Q3
0.5073701739311218,0.8737016320228577,Q4 (highest)
0.5103403925895691,0.8493732810020447,Q4 (highest)
0.6252938508987427,0.6230952143669128,Q2
0.6587349772453308,0.5642391443252563,Q2
0.7155053019523621,0.4390651285648346,Q1 (lowest)
0.735176146030426,0.4147447347640991,Q1 (lowest)
0.6756647825241089,0.5125085115432739,Q1 (lowest)
0.6410033106803894,0.5954431295394897,Q2
0.6122586131095886,0.638227641582489,Q2
0.473906010389328,0.9216144680976868,Q4 (highest)
0.5620989799499512,0.7633544206619263,Q3
0.6765378713607788,0.5275530815124512,Q1 (lowest)
0.6802341938018799,0.5277087092399597,Q1 (lowest)
0.6997948884963989,0.45105478167533875,Q1 (lowest)
0.7475711703300476,0.3115629255771637,Q1 (lowest)
0.7623648643493652,0.2568274140357971,Q1 (lowest)
0.740553081035614,0.3508719503879547,Q1 (lowest)
0.6947233080863953,0.4740450978279114,Q1 (lowest)
0.6302422881126404,0.619403600692749,Q2
0.5403851866722107,0.785021185874939,Q3
0.5726969242095947,0.7596648931503296,Q3
0.572297990322113,0.747445821762085,Q3
0.6912781000137329,0.5194191336631775,Q1 (lowest)
0.740051805973053,0.3593882918357849,Q1 (lowest)
0.6963662505149841,0.5035495758056641,Q1 (lowest)
0.5733610391616821,0.7179962396621704,Q2
0.5032634735107422,0.8835157752037048,Q4 (highest)
0.5779988765716553,0.7540296912193298,Q3
0.6846333146095276,0.524465024471283,Q1 (lowest)
0.7400895953178406,0.3630901873111725,Q1 (lowest)
0.7560814619064331,0.28098857402801514,Q1 (lowest)
0.7186385989189148,0.4063960015773773,Q1 (lowest)
0.6359602808952332,0.5869590044021606,Q2
0.5294898152351379,0.8390346169471741,Q3
0.49126529693603516,0.8954487442970276,Q4 (highest)
0.6252244710922241,0.6571566462516785,Q2
0.6828507781028748,0.49272212386131287,Q1 (lowest)
0.46279793977737427,0.9454799890518188,Q4 (highest)
0.6047543287277222,0.6662208437919617,Q2
0.6716322898864746,0.5408326387405396,Q1 (lowest)
0.6215780377388,0.6173816919326782,Q2
0.6599206924438477,0.5482663512229919,Q2
0.7090041637420654,0.41733917593955994,Q1 (lowest)
0.7632655501365662,0.3012101352214813,Q1 (lowest)
0.7814670205116272,0.2131107896566391,Q1 (lowest)
0.7844964861869812,0.18994128704071045,Q1 (lowest)
0.782173752784729,0.26379308104515076,Q1 (lowest)
0.7631832361221313,0.35606345534324646,Q1 (lowest)
0.7348307967185974,0.45194706320762634,Q1 (lowest)
0.7015425562858582,0.5041965246200562,Q1 (lowest)
0.7296709418296814,0.46892088651657104,Q1 (lowest)
0.7550970315933228,0.3771056830883026,Q1 (lowest)
0.7785441875457764,0.28461989760398865,Q1 (lowest)
0.7846043705940247,0.20709288120269775,Q1 (lowest)
0.7572916746139526,0.2770317494869232,Q1 (lowest)
0.7353984117507935,0.39134249091148376,Q1 (lowest)
0.6767420172691345,0.5370510816574097,Q1 (lowest)
0.6504801511764526,0.6648849844932556,Q2
0.6573354601860046,0.6252596378326416,Q2
0.6738084554672241,0.5303199291229248,Q1 (lowest)
0.5745441317558289,0.7610606551170349,Q3
0.4806617200374603,0.9086459875106812,Q4 (highest)
0.46939679980278015,0.9414055943489075,Q4 (highest)
0.538079559803009,0.7883185148239136,Q3
0.4688056409358978,0.936711847782135,Q4 (highest)
0.6261165142059326,0.6770382523536682,Q2
0.7287742495536804,0.4722566306591034,Q1 (lowest)
0.7649209499359131,0.3469765782356262,Q1 (lowest)
0.7025930881500244,0.5115947127342224,Q1 (lowest)
0.5812010169029236,0.721157431602478,Q2
0.5323463678359985,0.8306058049201965,Q3
0.7285746932029724,0.4413584768772125,Q1 (lowest)
0.6617574095726013,0.5784148573875427,Q2
0.6200416684150696,0.6377814412117004,Q2
0.5288807153701782,0.817237913608551,Q3
0.5939663648605347,0.7089632749557495,Q2
0.6064837574958801,0.6529709696769714,Q2
0.6286376714706421,0.6312062740325928,Q2
0.698283314704895,0.505543053150177,Q1 (lowest)
0.6585672497749329,0.5377582311630249,Q1 (lowest)
0.6898718476295471,0.46954458951950073,Q1 (lowest)
0.6674409508705139,0.5383585095405579,Q1 (lowest)
0.5565282702445984,0.7764946222305298,Q3
0.6201097369194031,0.6449520587921143,Q2
0.6497126221656799,0.5707882046699524,Q2
0.6732951998710632,0.5450233221054077,Q2
0.6262001395225525,0.6110448241233826,Q2
0.6664240956306458,0.5788136720657349,Q2
0.6945408582687378,0.48248156905174255,Q1 (lowest)
0.5842903256416321,0.6985140442848206,Q2
0.49728354811668396,0.8737016320228577,Q4 (highest)
0.5780465602874756,0.7138218879699707,Q2
0.6377588510513306,0.6013768315315247,Q2
0.6630162596702576,0.5760377049446106,Q2
0.6642422676086426,0.5338717699050903,Q1 (lowest)
0.6398733258247375,0.5924333333969116,Q2
0.5131894946098328,0.8426939845085144,Q3
0.5043352246284485,0.8799922466278076,Q4 (highest)
0.6058481335639954,0.6754085421562195,Q2
0.6291576027870178,0.6464366316795349,Q2
0.6176204085350037,0.6495345234870911,Q2
0.6688798666000366,0.5218761563301086,Q1 (lowest)
0.618078887462616,0.6314651370048523,Q2
0.6894342303276062,0.47738587856292725,Q1 (lowest)
0.7410004734992981,0.3606509864330292,Q1 (lowest)
0.7061238288879395,0.42621397972106934,Q1 (lowest)
0.6274620890617371,0.6167389154434204,Q2
0.565771758556366,0.7709960341453552,Q3
0.6614860892295837,0.547579288482666,Q2
0.6466501355171204,0.5869590044021606,Q2
0.5792800784111023,0.7079295516014099,Q2
0.6405956745147705,0.5770248174667358,Q2
0.7537708282470703,0.2961759567260742,Q1 (lowest)
0.7727239727973938,0.2456388920545578,Q1 (lowest)
0.7465381026268005,0.32405489683151245,Q1 (lowest)
0.7182750105857849,0.42637115716934204,Q1 (lowest)
0.6563823819160461,0.5870282649993896,Q2
0.550183892250061,0.7709960341453552,Q3
0.5798706412315369,0.7106555104255676,Q2
0.5883283615112305,0.6860898733139038,Q2
0.5043177604675293,0.8724883794784546,Q4 (highest)
0.5360604524612427,0.7938351631164551,Q3
0.6542045474052429,0.5583738684654236,Q2
0.7204346060752869,0.4121260941028595,Q1 (lowest)
0.7523019909858704,0.2984562814235687,Q1 (lowest)
0.6747854351997375,0.5552061200141907,Q2
0.5573574900627136,0.7802044153213501,Q3
0.4745621383190155,0.9216144680976868,Q4 (highest)
0.5834446549415588,0.7292439937591553,Q3
0.6893696188926697,0.5072741508483887,Q1 (lowest)
0.7414758205413818,0.3511248528957367,Q1 (lowest)
0.757709801197052,0.2816718816757202,Q1 (lowest)
0.7325829863548279,0.4059142470359802,Q1 (lowest)
0.6606699824333191,0.5812907218933105,Q2
0.5341721773147583,0.80046546459198,Q3
0.4800012707710266,0.9086459875106812,Q4 (highest)
0.5854300856590271,0.716503918170929,Q2
0.6796810626983643,0.5625110864639282,Q2
0.6747481226921082,0.5861986875534058,Q2
0.6244139075279236,0.6595325469970703,Q2
0.5921536684036255,0.6930875778198242,Q2
0.588732898235321,0.6866630911827087,Q2
0.6980904936790466,0.47836217284202576,Q1 (lowest)
0.7603296637535095,0.33136627078056335,Q1 (lowest)
0.7739282250404358,0.22921133041381836,Q1 (lowest)
0.7875795960426331,0.2153218388557434,Q1 (lowest)
0.7745332717895508,0.3054455816745758,Q1 (lowest)
0.7413708567619324,0.43390217423439026,Q1 (lowest)
0.6520100235939026,0.5996742248535156,Q2
0.6373482942581177,0.6363603472709656,Q2
0.6981789469718933,0.47364628314971924,Q1 (lowest)
0.7537516951560974,0.33670875430107117,Q1 (lowest)
0.7831742167472839,0.23597712814807892,Q1 (lowest)
0.7782942652702332,0.23681168258190155,Q1 (lowest)
0.7432006597518921,0.3187158703804016,Q1 (lowest)
0.7290573120117188,0.40571627020835876,Q1 (lowest)
0.7088682651519775,0.46271198987960815,Q1 (lowest)
0.7049452066421509,0.4471403956413269,Q1 (lowest)
0.7331823110580444,0.45923227071762085,Q1 (lowest)
0.6378108859062195,0.5903103947639465,Q2
0.5557194948196411,0.770438015460968,Q3
0.5104031562805176,0.8464655876159668,Q4 (highest)
0.4862440228462219,0.8954487442970276,Q4 (highest)
0.4733814299106598,0.9315419793128967,Q4 (highest)
0.48745203018188477,0.9086459875106812,Q4 (highest)
0.628192126750946,0.6306895613670349,Q2
0.7149968147277832,0.43587201833724976,Q1 (lowest)
0.7625100016593933,0.3011312782764435,Q1 (lowest)
0.7751790881156921,0.24202243983745575,Q1 (lowest)
0.7011594176292419,0.5186727643013,Q1 (lowest)
0.5610257983207703,0.7450419664382935,Q3
0.49641361832618713,0.8876386284828186,Q4 (highest)
0.636589527130127,0.6329384446144104,Q2
0.6760150790214539,0.5023535490036011,Q1 (lowest)
0.5819854736328125,0.7235307097434998,Q2
0.48285332322120667,0.9135674834251404,Q4 (highest)
0.6005362868309021,0.7079295516014099,Q2
0.5512467622756958,0.7772682905197144,Q3
0.544719934463501,0.7883185148239136,Q3
0.6454430818557739,0.6266875863075256,Q2
0.5723412036895752,0.73499995470047,Q3
0.45400485396385193,0.9687837958335876,Q4 (highest)
0.5748791694641113,0.7304093241691589,Q3
0.6770551800727844,0.5045670866966248,Q1 (lowest)
0.598517119884491,0.6834751963615417,Q2
0.5552510619163513,0.7743863463401794,Q3
0.6407970190048218,0.6052796840667725,Q2
0.7041330933570862,0.42992448806762695,Q1 (lowest)
0.6817359924316406,0.4881784915924072,Q1 (lowest)
0.6298124194145203,0.6556862592697144,Q2
0.6017269492149353,0.7156950831413269,Q2
0.5578765273094177,0.7719305753707886,Q3
0.554707407951355,0.7724938988685608,Q3
0.5397922396659851,0.8093230724334717,Q3
0.5834760665893555,0.7304093241691589,Q3
0.503203809261322,0.8599777817726135,Q4 (highest)
0.5611792206764221,0.7548712491989136,Q3
0.6633653044700623,0.528436541557312,Q1 (lowest)
0.6323084831237793,0.6020469665527344,Q2
0.5902982950210571,0.6983917355537415,Q2
0.6319192051887512,0.596964955329895,Q2
0.7043445110321045,0.44571372866630554,Q1 (lowest)
0.7132937908172607,0.40742000937461853,Q1 (lowest)
0.6984624862670898,0.49202316999435425,Q1 (lowest)
0.5900978446006775,0.6926127672195435,Q2
0.48246556520462036,0.9135674834251404,Q4 (highest)
0.5745855569839478,0.7394076585769653,Q3
0.6963119506835938,0.4569087326526642,Q1 (lowest)
0.6199788451194763,0.6280410289764404,Q2
0.5351504683494568,0.8016003370285034,Q3
0.6625129580497742,0.5853725075721741,Q2
0.7153891921043396,0.4109605848789215,Q1 (lowest)
0.7204653024673462,0.40006130933761597,Q1 (lowest)
0.6583137512207031,0.5555027723312378,Q2
0.5920609831809998,0.7014747262001038,Q2
0.6057351231575012,0.6545180082321167,Q2
0.5140039920806885,0.8390346169471741,Q3
0.62945955991745,0.6217748522758484,Q2
0.6553983688354492,0.5557405948638916,Q2
0.6876519918441772,0.4707193374633789,Q1 (lowest)
0.7305046916007996,0.36127448081970215,Q1 (lowest)
0.7569625377655029,0.27235469222068787,Q1 (lowest)
0.7616648077964783,0.2945772707462311,Q1 (lowest)
0.6744834780693054,0.5463825464248657,Q2
0.5924033522605896,0.7062625288963318,Q2
0.5583367347717285,0.7471233010292053,Q3
0.6615024209022522,0.5642391443252563,Q2
0.6548888087272644,0.5924333333969116,Q2
0.5182768702507019,0.8426939845085144,Q3
0.4809420704841614,0.9080520272254944,Q4 (highest)
0.6021162867546082,0.6816775798797607,Q2
0.697422981262207,0.4772641658782959,Q1 (lowest)
0.744612991809845,0.33210334181785583,Q1 (lowest)
0.6316480040550232,0.6398423314094543,Q2
0.5269354581832886,0.8448798656463623,Q3
0.5039287805557251,0.8732956051826477,Q4 (highest)
0.6080235838890076,0.6619380116462708,Q2
0.6895472407341003,0.48248156905174255,Q1 (lowest)
0.763016939163208,0.3396696150302887,Q1 (lowest)
0.7746521830558777,0.25505658984184265,Q1 (lowest)
0.7360705137252808,0.35470303893089294,Q1 (lowest)
0.6944308280944824,0.47452473640441895,Q1 (lowest)
0.613602340221405,0.6625440716743469,Q2
0.4925590455532074,0.8821795582771301,Q4 (highest)
0.6380761861801147,0.6154595613479614,Q2
0.7263063788414001,0.42574334144592285,Q1 (lowest)
0.5514869093894958,0.798222005367279,Q3
0.5674802660942078,0.7724938988685608,Q3
0.6258394122123718,0.6428372859954834,Q2
0.6969320178031921,0.46158286929130554,Q1 (lowest)
0.7475978136062622,0.32345935702323914,Q1 (lowest)
0.7848649621009827,0.22507882118225098,Q1 (lowest)
0.7867547273635864,0.23369497060775757,Q1 (lowest)
0.7676118016242981,0.3374882638454437,Q1 (lowest)
0.6952067017555237,0.4861346185207367,Q1 (lowest)
0.5849019885063171,0.6930875778198242,Q2
0.5644318461418152,0.7464801669120789,Q3
0.6973994374275208,0.5158611536026001,Q1 (lowest)
0.734551191329956,0.3563671410083771,Q1 (lowest)
0.7666559815406799,0.24616776406764984,Q1 (lowest)
0.7876726984977722,0.18896770477294922,Q1 (lowest)
0.778571605682373,0.24237672984600067,Q1 (lowest)
0.7629090547561646,0.32045936584472656,Q1 (lowest)
0.7728165984153748,0.3130304515361786,Q1 (lowest)
0.7406694889068604,0.4361361563205719,Q1 (lowest)
0.6417337656021118,0.6313787698745728,Q2
0.48680248856544495,0.9135674834251404,Q4 (highest)
0.5559368133544922,0.755378246307373,Q3
0.5418687462806702,0.7806000709533691,Q3
0.4728219211101532,0.934070885181427,Q4 (highest)
0.5526469945907593,0.7971130013465881,Q3
0.525105893611908,0.8162235021591187,Q3
0.5345879793167114,0.805995762348175,Q3
0.6590386033058167,0.6212819218635559,Q2
0.7116422653198242,0.45482948422431946,Q1 (lowest)
0.7368741631507874,0.3813091814517975,Q1 (lowest)
0.7669740915298462,0.34024396538734436,Q1 (lowest)
0.780068039894104,0.27613893151283264,Q1 (lowest)
0.6304086446762085,0.6272785663604736,Q2
0.6882412433624268,0.5261061787605286,Q1 (lowest)
0.7106949090957642,0.4912831783294678,Q1 (lowest)
0.6973251104354858,0.47750765085220337,Q1 (lowest)
0.6145923733711243,0.6564690470695496,Q2
0.5639720559120178,0.752858579158783,Q3
0.6411539912223816,0.619403600692749,Q2
0.593647301197052,0.7327635288238525,Q3
0.684313178062439,0.5147375464439392,Q1 (lowest)
0.6548179388046265,0.592931866645813,Q2
0.6054534912109375,0.6820132732391357,Q2
0.613503634929657,0.6789024472236633,Q2
0.6664963960647583,0.5334978103637695,Q1 (lowest)
0.5597672462463379,0.7530254125595093,Q3
0.49318838119506836,0.8808614015579224,Q4 (highest)
0.6207485795021057,0.6348614692687988,Q2
0.7256229519844055,0.38894540071487427,Q1 (lowest)
0.7024326324462891,0.47819918394088745,Q1 (lowest)
0.6515654921531677,0.5742078423500061,Q2
0.6517313718795776,0.5813580751419067,Q2
0.5886864066123962,0.7058799266815186,Q2
0.5282160639762878,0.825637698173523,Q3
0.5611792206764221,0.7548712491989136,Q3
0.5730298161506653,0.7282307147979736,Q2
0.6739076375961304,0.5072272419929504,Q1 (lowest)
0.7015439867973328,0.4438158869743347,Q1 (lowest)
0.679233729839325,0.49948403239250183,Q1 (lowest)
0.6226677298545837,0.6550039052963257,Q2
0.623857319355011,0.6789024472236633,Q2
0.6771166920661926,0.5334978103637695,Q1 (lowest)
0.7244476675987244,0.3990483582019806,Q1 (lowest)
0.7372977137565613,0.40436404943466187,Q1 (lowest)
0.6433573365211487,0.5820329785346985,Q2
0.5266775488853455,0.8221619725227356,Q3
0.5063920021057129,0.8533643484115601,Q4 (highest)
0.6227359175682068,0.6342476010322571,Q2
0.706768810749054,0.45801180601119995,Q1 (lowest)
0.7146782279014587,0.4253363311290741,Q1 (lowest)
0.6364754438400269,0.5993795990943909,Q2
0.5227553844451904,0.8331627249717712,Q3
0.6372789740562439,0.5958768129348755,Q2
0.7172767519950867,0.415814071893692,Q1 (lowest)
0.708367645740509,0.42518001794815063,Q1 (lowest)
0.6816924214363098,0.4890791177749634,Q1 (lowest)
0.6633889079093933,0.5375403165817261,Q1 (lowest)
0.5704119801521301,0.7503765225410461,Q3
0.5355324149131775,0.7968922853469849,Q3
0.5393539071083069,0.7919024229049683,Q3
0.6376833915710449,0.6025696992874146,Q2
0.6977728009223938,0.4594920575618744,Q1 (lowest)
0.7404380440711975,0.3530755043029785,Q1 (lowest)
0.7412956953048706,0.3282266855239868,Q1 (lowest)
0.6921226382255554,0.46407535672187805,Q1 (lowest)
0.5975456237792969,0.6686072945594788,Q2
0.48016220331192017,0.911685049533844,Q4 (highest)
0.5221933722496033,0.8343155384063721,Q3
0.6132777333259583,0.6414703130722046,Q2
0.7057124376296997,0.47364628314971924,Q1 (lowest)
0.6905202865600586,0.5011188387870789,Q1 (lowest)
0.5835456252098083,0.721157431602478,Q2
0.5828862190246582,0.7060073614120483,Q2
0.6900502443313599,0.49063244462013245,Q1 (lowest)
0.7445692420005798,0.33955103158950806,Q1 (lowest)
0.7797834277153015,0.2347600758075714,Q1 (lowest)
0.6730881929397583,0.5091147422790527,Q1 (lowest)
0.6296951174736023,0.6686072945594788,Q2
0.7096699476242065,0.5210705995559692,Q1 (lowest)
0.7198877334594727,0.39231517910957336,Q1 (lowest)
0.7621601223945618,0.2926046550273895,Q1 (lowest)
0.7684356570243835,0.23472952842712402,Q1 (lowest)
0.7570823431015015,0.33819282054901123,Q1 (lowest)
0.6952134966850281,0.48486754298210144,Q1 (lowest)
0.5903220176696777,0.6820132732391357,Q2
0.6217019557952881,0.6621397733688354,Q2
0.6793824434280396,0.5254892706871033,Q1 (lowest)
0.7363532781600952,0.38568562269210815,Q1 (lowest)
0.6882169842720032,0.4905891418457031,Q1 (lowest)
0.6220237016677856,0.6465297937393188,Q2
0.575910210609436,0.7386395931243896,Q3
0.632513165473938,0.614584743976593,Q2
0.696948230266571,0.4852045774459839,Q1 (lowest)
0.737277090549469,0.3821313977241516,Q1 (lowest)
0.772031307220459,0.2820776402950287,Q1 (lowest)
0.7907052040100098,0.20241859555244446,Q1 (lowest)
0.7870749831199646,0.2313801795244217,Q1 (lowest)
0.7686284780502319,0.33303380012512207,Q1 (lowest)
0.7126649618148804,0.4765758216381073,Q1 (lowest)
0.615675151348114,0.6674622893333435,Q2
0.5905954241752625,0.681454062461853,Q2
0.7010664939880371,0.490286260843277,Q1 (lowest)
0.74599289894104,0.3433460295200348,Q1 (lowest)
0.7795848250389099,0.238768070936203,Q1 (lowest)
0.7746405005455017,0.24726484715938568,Q1 (lowest)
0.7661517262458801,0.26314735412597656,Q1 (lowest)
0.7615635395050049,0.2532604932785034,Q1 (lowest)
0.7638956308364868,0.3080891966819763,Q1 (lowest)
0.7417069673538208,0.43282708525657654,Q1 (lowest)
0.6843686103820801,0.5878612399101257,Q2
0.594913125038147,0.6906083822250366,Q2
0.5652377009391785,0.746962308883667,Q3
0.4815964698791504,0.9086459875106812,Q4 (highest)
0.5092605948448181,0.8474270105361938,Q4 (highest)
0.5117484331130981,0.8464655876159668,Q4 (highest)
0.4675825238227844,0.9385421276092529,Q4 (highest)
0.6211684942245483,0.7043576240539551,Q2
0.7047893404960632,0.5375403165817261,Q1 (lowest)
0.7005676627159119,0.5482663512229919,Q2
0.7311726808547974,0.46521854400634766,Q1 (lowest)
0.757928729057312,0.37662020325660706,Q1 (lowest)
0.7691397666931152,0.33076387643814087,Q1 (lowest)
0.7781558036804199,0.28672680258750916,Q1 (lowest)
0.6961748003959656,0.4905025362968445,Q1 (lowest)
0.5980303287506104,0.7079295516014099,Q2
0.6594961881637573,0.5708521008491516,Q2
0.6669707894325256,0.5444032549858093,Q2
0.5656579732894897,0.7395617365837097,Q3
0.5546949505805969,0.7680419087409973,Q3
0.5007886290550232,0.8821795582771301,Q4 (highest)
0.6387227773666382,0.6154595613479614,Q2
0.7080716490745544,0.4390651285648346,Q1 (lowest)
0.684828519821167,0.5519110560417175,Q2
0.5396906733512878,0.7988914847373962,Q3
0.5192646980285645,0.8639907836914062,Q4 (highest)
0.6319192051887512,0.596964955329895,Q2
0.639086127281189,0.5870282649993896,Q2
0.6416364908218384,0.6260142922401428,Q2
0.6656114459037781,0.5219770669937134,Q1 (lowest)
0.7198476195335388,0.38824763894081116,Q1 (lowest)
0.7298386693000793,0.4140350818634033,Q1 (lowest)
0.6445184946060181,0.5915815234184265,Q2
0.5293043255805969,0.8062308430671692,Q3
0.527944028377533,0.8343155384063721,Q3
0.6260733008384705,0.6259303689002991,Q2
0.5715300440788269,0.7270797491073608,Q2
0.4535861909389496,0.9669219255447388,Q4 (highest)
0.6033510565757751,0.6896725296974182,Q2
0.6073796153068542,0.6674622893333435,Q2
0.6370853781700134,0.5955153703689575,Q2
0.6739000082015991,0.5098270773887634,Q1 (lowest)
0.708134651184082,0.4210060238838196,Q1 (lowest)
0.7363214492797852,0.3904792070388794,Q1 (lowest)
0.6937455534934998,0.46648353338241577,Q1 (lowest)
0.6780457496643066,0.5248740911483765,Q1 (lowest)
0.6254065632820129,0.6093366146087646,Q2
0.6571506857872009,0.5572326183319092,Q2
0.6816706657409668,0.5029506683349609,Q1 (lowest)
0.6080994606018066,0.6496291756629944,Q2
0.5622520446777344,0.7464801669120789,Q3
0.5481231808662415,0.7796127796173096,Q3
0.5481050610542297,0.80046546459198,Q3
0.6557965278625488,0.5725876688957214,Q2
0.7293570637702942,0.3985847234725952,Q1 (lowest)
0.7372247576713562,0.35885924100875854,Q1 (lowest)
0.6929649710655212,0.48775091767311096,Q1 (lowest)
0.6250491142272949,0.6142675280570984,Q2
0.6331133246421814,0.6168993711471558,Q2
0.6781805753707886,0.5218256115913391,Q1 (lowest)
0.7006677389144897,0.47836217284202576,Q1 (lowest)
0.7250270247459412,0.37992218136787415,Q1 (lowest)
0.7466205954551697,0.3074489235877991,Q1 (lowest)
0.6997680068016052,0.44515979290008545,Q1 (lowest)
0.6549920439720154,0.5524371266365051,Q2
0.630410373210907,0.6029439568519592,Q2
0.5104031562805176,0.8464655876159668,Q4 (highest)
0.5529546737670898,0.7743863463401794,Q3
0.6359158158302307,0.5943630933761597,Q2
0.7131540179252625,0.42941293120384216,Q1 (lowest)
0.728779137134552,0.4212508499622345,Q1 (lowest)
0.6540593504905701,0.5519110560417175,Q2
0.561859130859375,0.7796127796173096,Q3
0.5995048880577087,0.6673584580421448,Q2
0.6782028675079346,0.4998461604118347,Q1 (lowest)
0.7375531196594238,0.38163265585899353,Q1 (lowest)
0.6787272095680237,0.4980417788028717,Q1 (lowest)
0.6271952986717224,0.6718714237213135,Q2
0.5636380910873413,0.7363558411598206,Q3
0.6340456008911133,0.5983517169952393,Q2
0.7071325182914734,0.43703025579452515,Q1 (lowest)
0.7510724067687988,0.3102247416973114,Q1 (lowest)
0.7852734327316284,0.21921323239803314,Q1 (lowest)
0.7808294892311096,0.20144271850585938,Q1 (lowest)
0.7633484601974487,0.2907593846321106,Q1 (lowest)
0.7118722796440125,0.41860416531562805,Q1 (lowest)
0.6483643651008606,0.600117027759552,Q2
0.5052377581596375,0.8557568192481995,Q4 (highest)
0.646826446056366,0.6449520587921143,Q2
0.7069314122200012,0.4457484781742096,Q1 (lowest)
0.7701012492179871,0.30901286005973816,Q1 (lowest)
0.7848838567733765,0.23248764872550964,Q1 (lowest)
0.770254909992218,0.23574106395244598,Q1 (lowest)
0.7438868284225464,0.3401448130607605,Q1 (lowest)
0.7022585868835449,0.4890791177749634,Q1 (lowest)
0.6064890027046204,0.6934443712234497,Q2
0.5083256959915161,0.8628818988800049,Q4 (highest)
0.6268478035926819,0.6579453945159912,Q2
0.7119646072387695,0.46192100644111633,Q1 (lowest)
0.6905325651168823,0.4849938452243805,Q1 (lowest)
0.6580168604850769,0.5720075368881226,Q2
0.6602287292480469,0.547579288482666,Q2
0.6807008981704712,0.5102556943893433,Q1 (lowest)
0.6957659125328064,0.4615078866481781,Q1 (lowest)
0.7518362998962402,0.3647877275943756,Q1 (lowest)
0.7697011828422546,0.2906262278556824,Q1 (lowest)
0.7870543003082275,0.22665338218212128,Q1 (lowest)
0.7923485636711121,0.18710750341415405,Q1 (lowest)
0.7898988723754883,0.20935332775115967,Q1 (lowest)
0.7770858407020569,0.29242512583732605,Q1 (lowest)
0.732084333896637,0.3972817361354828,Q1 (lowest)
0.6729863882064819,0.5051707029342651,Q1 (lowest)
0.6724140048027039,0.558133065700531,Q2
0.6999666094779968,0.5081687569618225,Q1 (lowest)
0.7268723845481873,0.4045044481754303,Q1 (lowest)
0.7578712701797485,0.2994523346424103,Q1 (lowest)
0.7610622048377991,0.2884238362312317,Q1 (lowest)
0.7559886574745178,0.3500315845012665,Q1 (lowest)
0.7407828569412231,0.3808622360229492,Q1 (lowest)
0.7532012462615967,0.36145302653312683,Q1 (lowest)
0.7615343928337097,0.3046058416366577,Q1 (lowest)
0.7391082048416138,0.3500315845012665,Q1 (lowest)
0.7245306372642517,0.4844469428062439,Q1 (lowest)
0.6174435019493103,0.6902568936347961,Q2
0.4436376690864563,0.9888501763343811,Q4 (highest)
0.46807804703712463,0.9414055943489075,Q4 (highest)
0.46213498711586,0.9510926604270935,Q4 (highest)
0.5059131979942322,0.8557568192481995,Q4 (highest)
0.4899778366088867,0.8909742832183838,Q4 (highest)
0.4906657338142395,0.8895301222801208,Q4 (highest)
0.4680900573730469,0.934070885181427,Q4 (highest)
0.48942428827285767,0.9080520272254944,Q4 (highest)
0.5825468897819519,0.714221715927124,Q2
0.587709903717041,0.7581087946891785,Q3
0.501210629940033,0.8909742832183838,Q4 (highest)
0.5364841818809509,0.8221619725227356,Q3
0.5804111361503601,0.7418888807296753,Q3
0.5933086276054382,0.7398701906204224,Q3
0.5681862235069275,0.7782409191131592,Q3
0.6652499437332153,0.608718991279602,Q2
0.7101247906684875,0.5237001776695251,Q1 (lowest)
0.7306922078132629,0.4666374623775482,Q1 (lowest)
0.7541787028312683,0.3904792070388794,Q1 (lowest)
0.7713310718536377,0.32079601287841797,Q1 (lowest)
0.6624566912651062,0.6091820597648621,Q2
0.5469631552696228,0.7811956405639648,Q3
0.4728933274745941,0.9237772822380066,Q4 (highest)
0.6282513737678528,0.6384958624839783,Q2
0.6517705917358398,0.5831854343414307,Q2
0.5152457356452942,0.8423848748207092,Q3
0.6088380217552185,0.716503918170929,Q2
0.7143216133117676,0.40327227115631104,Q1 (lowest)
0.67976975440979,0.49359914660453796,Q1 (lowest)
0.6259694695472717,0.6425631642341614,Q2
0.6095138788223267,0.6648849844932556,Q2
0.641191840171814,0.5845495462417603,Q2
0.5523598790168762,0.7626451849937439,Q3
0.5769986510276794,0.716503918170929,Q2
0.6587899327278137,0.5445722341537476,Q2
0.7280740141868591,0.38801562786102295,Q1 (lowest)
0.7216847538948059,0.41306355595588684,Q1 (lowest)
0.6390013098716736,0.5892571210861206,Q2
0.5411472320556641,0.7968922853469849,Q3
0.5289456248283386,0.8083644509315491,Q3
0.63893061876297,0.6177843809127808,Q2
0.617597758769989,0.6271095275878906,Q2
0.514374852180481,0.8474270105361938,Q4 (highest)
0.5736100077629089,0.7222703099250793,Q2
0.5915905237197876,0.6974158883094788,Q2
0.5769473910331726,0.732319712638855,Q3
0.5985914468765259,0.7094823122024536,Q2
0.670956552028656,0.5261576771736145,Q1 (lowest)
0.6920464634895325,0.4772641658782959,Q1 (lowest)
0.593124508857727,0.6762760281562805,Q2
0.5000905394554138,0.8770081996917725,Q4 (highest)
0.6443694233894348,0.5756441950798035,Q2
0.5382837653160095,0.7879023551940918,Q3
0.5467645525932312,0.7811956405639648,Q3
0.651550829410553,0.560553789138794,Q2
0.7204203009605408,0.3934253454208374,Q1 (lowest)
0.7542963027954102,0.2895652949810028,Q1 (lowest)
0.7260593175888062,0.3707970678806305,Q1 (lowest)
0.696752667427063,0.44850701093673706,Q1 (lowest)
0.6195580959320068,0.6230124235153198,Q2
0.5744908452033997,0.755378246307373,Q3
0.622596800327301,0.6407451033592224,Q2
0.6925083994865417,0.4657159745693207,Q1 (lowest)
0.7227286696434021,0.38163265585899353,Q1 (lowest)
0.6927434802055359,0.45838087797164917,Q1 (lowest)
0.6759671568870544,0.5016666650772095,Q1 (lowest)
0.628044843673706,0.6079496145248413,Q2
0.5369055271148682,0.7968922853469849,Q3
0.4712272584438324,0.9307215809822083,Q4 (highest)
0.5975919365882874,0.6926127672195435,Q2
0.6872663497924805,0.48045265674591064,Q1 (lowest)
0.6851975917816162,0.49011337757110596,Q1 (lowest)
0.49222683906555176,0.8934327960014343,Q4 (highest)
0.603920578956604,0.6720839142799377,Q2
0.6817319989204407,0.49536463618278503,Q1 (lowest)
0.7196773886680603,0.3954777419567108,Q1 (lowest)
0.6765500903129578,0.5317968130111694,Q1 (lowest)
0.5490251779556274,0.7660421133041382,Q3
0.6006912589073181,0.6621397733688354,Q2
0.6955322027206421,0.4853312075138092,Q1 (lowest)
0.762969434261322,0.342339426279068,Q1 (lowest)
0.7675301432609558,0.23910382390022278,Q1 (lowest)
0.7751571536064148,0.19641746580600739,Q1 (lowest)
0.7748857736587524,0.21157747507095337,Q1 (lowest)
0.7746798396110535,0.219294935464859,Q1 (lowest)
0.752936601638794,0.303642213344574,Q1 (lowest)
0.7184972167015076,0.43455666303634644,Q1 (lowest)
0.6225518584251404,0.6167389154434204,Q2
0.4897226393222809,0.8895301222801208,Q4 (highest)
0.5407571196556091,0.8083644509315491,Q3
0.6731500029563904,0.5670472383499146,Q2
0.7175465822219849,0.40551847219467163,Q1 (lowest)
0.7662891745567322,0.28805968165397644,Q1 (lowest)
0.7868618369102478,0.20207653939723969,Q1 (lowest)
0.7779372334480286,0.21593144536018372,Q1 (lowest)
0.7566589117050171,0.30317845940589905,Q1 (lowest)
0.7471019625663757,0.41513022780418396,Q1 (lowest)
0.6885486841201782,0.5368882417678833,Q1 (lowest)
0.6403972506523132,0.5967468619346619,Q2
0.6723167896270752,0.5230395793914795,Q1 (lowest)
0.7119088172912598,0.42322108149528503,Q1 (lowest)
0.6554571986198425,0.6041461229324341,Q2
0.5285431742668152,0.8139680027961731,Q3
0.5757129788398743,0.7371137142181396,Q3
0.688554584980011,0.5261061787605286,Q1 (lowest)
0.7432005405426025,0.366822749376297,Q1 (lowest)
0.7672575116157532,0.2765982151031494,Q1 (lowest)
0.7736784815788269,0.25041353702545166,Q1 (lowest)
0.771309494972229,0.2735041677951813,Q1 (lowest)
0.7811973094940186,0.2696150839328766,Q1 (lowest)
0.7834665179252625,0.24062462151050568,Q1 (lowest)
0.7773709297180176,0.23571033775806427,Q1 (lowest)
0.7544388175010681,0.302604615688324,Q1 (lowest)
0.7469309568405151,0.3611852824687958,Q1 (lowest)
0.7271953821182251,0.3855329751968384,Q1 (lowest)
0.7501218914985657,0.3600960373878479,Q1 (lowest)
0.7620633840560913,0.3057534992694855,Q1 (lowest)
0.7583977580070496,0.272855669260025,Q1 (lowest)
0.7416943907737732,0.37363800406455994,Q1 (lowest)
0.7001495361328125,0.4844469428062439,Q1 (lowest)
0.6748077273368835,0.5510374307632446,Q2
0.695693850517273,0.5079329609870911,Q1 (lowest)
0.7512204647064209,0.40069371461868286,Q1 (lowest)
0.7495999932289124,0.3808622360229492,Q1 (lowest)
0.6994649767875671,0.5510374307632446,Q2
0.5573905110359192,0.7955742478370667,Q3
0.5169374346733093,0.8357715010643005,Q3
0.48907873034477234,0.8996238112449646,Q4 (highest)
0.5308864116668701,0.8071752190589905,Q3
0.5478300452232361,0.7819930911064148,Q3
0.6785227060317993,0.5700854659080505,Q2
0.611952006816864,0.6915489435195923,Q2
0.4747539460659027,0.9315419793128967,Q4 (highest)
0.581011950969696,0.7581087946891785,Q3
0.5468177199363708,0.7719305753707886,Q3
0.5093782544136047,0.8533643484115601,Q4 (highest)
0.586767852306366,0.7299713492393494,Q3
0.6322442293167114,0.6550039052963257,Q2
0.7016673684120178,0.49948403239250183,Q1 (lowest)
0.7126702666282654,0.46343037486076355,Q1 (lowest)
0.596610963344574,0.7299713492393494,Q3
0.6052800416946411,0.7110482454299927,Q2
0.6629994511604309,0.5550875067710876,Q2
0.6597000956535339,0.5419973731040955,Q1 (lowest)
0.5757922530174255,0.7321720123291016,Q3
0.5665929317474365,0.7371137142181396,Q3
0.6644667983055115,0.547579288482666,Q2
0.7120919823646545,0.43308717012405396,Q1 (lowest)
0.7444035410881042,0.3353143334388733,Q1 (lowest)
0.7286133170127869,0.3837111294269562,Q1 (lowest)
0.6934795379638672,0.4565790295600891,Q1 (lowest)
0.6916536688804626,0.46521854400634766,Q1 (lowest)
0.6200844645500183,0.629318118095398,Q2
0.48426491022109985,0.8996238112449646,Q4 (highest)
0.6435387134552002,0.5878612399101257,Q2
0.7220004796981812,0.4067651629447937,Q1 (lowest)
0.7139610648155212,0.4314672350883484,Q1 (lowest)
0.7032540440559387,0.47388550639152527,Q1 (lowest)
0.6608555912971497,0.563249945640564,Q2
0.6596217155456543,0.5622653961181641,Q2
0.6935562491416931,0.48681360483169556,Q1 (lowest)
0.663647472858429,0.5337114334106445,Q1 (lowest)
0.5775268077850342,0.7726821303367615,Q3
0.46473202109336853,0.9454799890518188,Q4 (highest)
0.6452051997184753,0.6171404123306274,Q2
0.6616553664207458,0.5370510816574097,Q1 (lowest)
0.6893173456192017,0.4772641658782959,Q1 (lowest)
0.5911703705787659,0.6816775798797607,Q2
0.4966127872467041,0.8737016320228577,Q4 (highest)
0.6038510203361511,0.6820132732391357,Q2
0.664993941783905,0.560553789138794,Q2
0.53145831823349,0.8018283843994141,Q3
0.4846281111240387,0.9181523323059082,Q4 (highest)
0.5620536208152771,0.7879023551940918,Q3
0.6893886923789978,0.573104739189148,Q2
0.699059784412384,0.4632789194583893,Q1 (lowest)
0.7642542123794556,0.24577094614505768,Q1 (lowest)
0.7453848719596863,0.32541605830192566,Q1 (lowest)
0.6946853995323181,0.4707978367805481,Q1 (lowest)
0.6064766049385071,0.6802293658256531,Q2
0.46484848856925964,0.9444308280944824,Q4 (highest)
0.5864481329917908,0.7079295516014099,Q2
0.6848470568656921,0.4912831783294678,Q1 (lowest)
0.7369524836540222,0.3486119210720062,Q1 (lowest)
0.6825079917907715,0.4871539771556854,Q1 (lowest)
0.6151201725006104,0.6410167217254639,Q2
0.5936664938926697,0.6793437004089355,Q2
0.6587899327278137,0.5445722341537476,Q2
0.6198846697807312,0.6271095275878906,Q2
0.6156472563743591,0.6385852694511414,Q2
0.6935336589813232,0.45982664823532104,Q1 (lowest)
0.6833788752555847,0.4944358468055725,Q1 (lowest)
0.6093794703483582,0.7003588676452637,Q2
0.5210887789726257,0.8402424454689026,Q3
0.6185107827186584,0.6524901390075684,Q2
0.7012386322021484,0.462976336479187,Q1 (lowest)
0.7504405379295349,0.3229377567768097,Q1 (lowest)
0.7450348138809204,0.3363785445690155,Q1 (lowest)
0.7007929682731628,0.4652567505836487,Q1 (lowest)
0.6322173476219177,0.6524901390075684,Q2
0.473906010389328,0.9216144680976868,Q4 (highest)
0.5605343580245972,0.763888418674469,Q3
0.6804846525192261,0.528436541557312,Q1 (lowest)
0.7589086890220642,0.36843928694725037,Q1 (lowest)
0.7764411568641663,0.25608107447624207,Q1 (lowest)
0.7593116164207458,0.2777933180332184,Q1 (lowest)
0.7492775917053223,0.3057534992694855,Q1 (lowest)
0.7508952617645264,0.30165258049964905,Q1 (lowest)
0.6812492609024048,0.4998009204864502,Q1 (lowest)
0.6382766366004944,0.6432034969329834,Q2
0.501875102519989,0.8732956051826477,Q4 (highest)
0.5742978453636169,0.7256515622138977,Q2
0.6753910183906555,0.531532347202301,Q1 (lowest)
0.7350184321403503,0.3754841983318329,Q1 (lowest)
0.7592429518699646,0.2656964063644409,Q1 (lowest)
0.7880141139030457,0.19056105613708496,Q1 (lowest)
0.7811481356620789,0.18297138810157776,Q1 (lowest)
0.7728075385093689,0.24664326012134552,Q1 (lowest)
0.7693796157836914,0.31982335448265076,Q1 (lowest)
0.7266988754272461,0.3861441910266876,Q1 (lowest)
0.7161251902580261,0.41227221488952637,Q1 (lowest)
0.7357364296913147,0.379527747631073,Q1 (lowest)
0.7124801874160767,0.42508625984191895,Q1 (lowest)
0.6661460995674133,0.608718991279602,Q2
0.5860916972160339,0.7418888807296753,Q3
0.7085927128791809,0.5277087092399597,Q1 (lowest)
0.7602960467338562,0.3675369322299957,Q1 (lowest)
0.7791792750358582,0.28112781047821045,Q1 (lowest)
0.7533792853355408,0.3503672480583191,Q1 (lowest)
0.7231245040893555,0.3948623836040497,Q1 (lowest)
0.7551109194755554,0.38709041476249695,Q1 (lowest)
0.7636322379112244,0.3325774371623993,Q1 (lowest)
0.7606481909751892,0.28073832392692566,Q1 (lowest)
0.7657417058944702,0.23619304597377777,Q1 (lowest)
0.7715873122215271,0.25388777256011963,Q1 (lowest)
0.7635996341705322,0.2663024365901947,Q1 (lowest)
0.769368052482605,0.2523590922355652,Q1 (lowest)
0.7883049249649048,0.22216945886611938,Q1 (lowest)
0.7630184292793274,0.3083690404891968,Q1 (lowest)
0.6993331909179688,0.4420720338821411,Q1 (lowest)
0.621641993522644,0.6240081191062927,Q2
0.5492960810661316,0.7955742478370667,Q3
0.6234007477760315,0.6736854314804077,Q2
0.7254993319511414,0.48169249296188354,Q1 (lowest)
0.7531225681304932,0.39427560567855835,Q1 (lowest)
0.6835831999778748,0.5707882046699524,Q2
0.5417658090591431,0.8261805176734924,Q3
0.46085262298583984,0.9510926604270935,Q4 (highest)
0.4913923442363739,0.8934327960014343,Q4 (highest)
0.49170705676078796,0.8839653134346008,Q4 (highest)
0.4568451941013336,0.9651642441749573,Q4 (highest)
0.5160686373710632,0.8439382910728455,Q3
0.6167942881584167,0.6391230821609497,Q2
0.6510778665542603,0.5556811094284058,Q2
0.6521459221839905,0.6454147696495056,Q2
0.6893301010131836,0.5759721398353577,Q2
0.6459670066833496,0.6486847996711731,Q2
0.5750262141227722,0.7689592242240906,Q3
0.46020713448524475,0.9510926604270935,Q4 (highest)
0.5411860346794128,0.7988914847373962,Q3
0.6569905281066895,0.6213639974594116,Q2
0.6412984132766724,0.6668405532836914,Q2
0.6991163492202759,0.5519110560417175,Q2
0.7169082760810852,0.5055897235870361,Q1 (lowest)
0.7460634708404541,0.41860416531562805,Q1 (lowest)
0.6091853380203247,0.6595325469970703,Q2
0.5152190327644348,0.8439382910728455,Q3
0.611038863658905,0.6934443712234497,Q2
0.6811202764511108,0.5433367490768433,Q1 (lowest)
0.6122029423713684,0.6842671632766724,Q2
0.6184277534484863,0.646996259689331,Q2
0.5617324709892273,0.763888418674469,Q3
0.6185299158096313,0.6385852694511414,Q2
0.7116423845291138,0.45982664823532104,Q1 (lowest)
0.7075015306472778,0.4212508499622345,Q1 (lowest)
0.7095140218734741,0.4836919605731964,Q1 (lowest)
0.702560544013977,0.46648353338241577,Q1 (lowest)
0.717466413974762,0.4192700684070587,Q1 (lowest)
0.6593790054321289,0.5598245859146118,Q2
0.6202604174613953,0.646996259689331,Q2
0.6167942881584167,0.6391230821609497,Q2
0.6768249869346619,0.5068517327308655,Q1 (lowest)
0.6955817937850952,0.5055897235870361,Q1 (lowest)
0.6235591769218445,0.619403600692749,Q2
0.6737972497940063,0.5966016054153442,Q2
0.7033402323722839,0.4692714810371399,Q1 (lowest)
0.6967942118644714,0.4622596204280853,Q1 (lowest)
0.6752197742462158,0.5311097502708435,Q1 (lowest)
0.6655597686767578,0.5498782396316528,Q2
0.588259756565094,0.7222703099250793,Q2
0.46843409538269043,0.936711847782135,Q4 (highest)
0.49014052748680115,0.8934327960014343,Q4 (highest)
0.5672410130500793,0.7782409191131592,Q3
0.6015945076942444,0.6940407156944275,Q2
0.4879056513309479,0.8919497728347778,Q4 (highest)
0.6007071733474731,0.6648849844932556,Q2
0.7010507583618164,0.481816828250885,Q1 (lowest)
0.6589023470878601,0.5384131669998169,Q1 (lowest)
0.6365513801574707,0.603694498538971,Q2
0.6620795130729675,0.5313209295272827,Q1 (lowest)
0.6817941069602966,0.531532347202301,Q1 (lowest)
0.5780541300773621,0.7143551111221313,Q2
0.544193685054779,0.7772682905197144,Q3
0.657608151435852,0.5709801912307739,Q2
0.7188848853111267,0.39970478415489197,Q1 (lowest)
0.756276547908783,0.2776842713356018,Q1 (lowest)
0.7629806399345398,0.24898812174797058,Q1 (lowest)
0.7502263784408569,0.30135220289230347,Q1 (lowest)
0.7197226881980896,0.421618789434433,Q1 (lowest)
0.6525610685348511,0.5645492672920227,Q2
0.6093651056289673,0.6529709696769714,Q2
0.6425055861473083,0.572910726070404,Q2
0.7472314238548279,0.31157973408699036,Q1 (lowest)
0.7319862246513367,0.3728048801422119,Q1 (lowest)
0.6604570746421814,0.5397292971611023,Q1 (lowest)
0.5421662926673889,0.7813946008682251,Q3
0.48857006430625916,0.8939325213432312,Q4 (highest)
0.6231504082679749,0.6174620985984802,Q2
0.6357408165931702,0.6079496145248413,Q2
0.6901682019233704,0.48852112889289856,Q1 (lowest)
0.7312584519386292,0.3793308436870575,Q1 (lowest)
0.7135655879974365,0.4188157916069031,Q1 (lowest)
0.6658363342285156,0.5362921953201294,Q1 (lowest)
0.65531325340271,0.5827100872993469,Q2
0.6801250576972961,0.5068517327308655,Q1 (lowest)
0.719791829586029,0.3898018002510071,Q1 (lowest)
0.7592251300811768,0.28540492057800293,Q1 (lowest)
0.7435720562934875,0.3505353331565857,Q1 (lowest)
0.7153444886207581,0.46682992577552795,Q1 (lowest)
0.6592401266098022,0.6004867553710938,Q2
0.5294666886329651,0.8261805176734924,Q3
0.5688620805740356,0.7535267472267151,Q3
0.6637417674064636,0.534997820854187,Q1 (lowest)
0.7260209918022156,0.372306764125824,Q1 (lowest)
0.7540101408958435,0.3041554391384125,Q1 (lowest)
0.7320185899734497,0.3859657049179077,Q1 (lowest)
0.701371431350708,0.4411211609840393,Q1 (lowest)
0.7105309367179871,0.4326322674751282,Q1 (lowest)
0.6840929985046387,0.47922036051750183,Q1 (lowest)
0.6388111710548401,0.6086419224739075,Q2
0.47420772910118103,0.936711847782135,Q4 (highest)
0.5718068480491638,0.7596648931503296,Q3
0.659051239490509,0.6061149835586548,Q2
0.7250062823295593,0.43455666303634644,Q1 (lowest)
0.7566418647766113,0.3047025501728058,Q1 (lowest)
0.7895622849464417,0.21215249598026276,Q1 (lowest)
0.7849754691123962,0.14726324379444122,Q1 (lowest)
0.7790206670761108,0.18989098072052002,Q1 (lowest)
0.7772736549377441,0.2354235202074051,Q1 (lowest)
0.7681432366371155,0.2717110514640808,Q1 (lowest)
0.7634174227714539,0.28479084372520447,Q1 (lowest)
0.7652212977409363,0.26828905940055847,Q1 (lowest)
0.7272769212722778,0.3706796169281006,Q1 (lowest)
0.7190349102020264,0.4932478964328766,Q1 (lowest)
0.6662892699241638,0.584755003452301,Q2
0.6974150538444519,0.5561572313308716,Q2
0.738278329372406,0.4410872459411621,Q1 (lowest)
0.7704181671142578,0.3249974846839905,Q1 (lowest)
0.7631992697715759,0.3559984266757965,Q1 (lowest)
0.728076159954071,0.47428473830223083,Q1 (lowest)
0.6531528830528259,0.5679918527603149,Q2
0.6937681436538696,0.5500516891479492,Q2
0.7218034863471985,0.4414941966533661,Q1 (lowest)
0.731174886226654,0.3932398855686188,Q1 (lowest)
0.7641152739524841,0.31425467133522034,Q1 (lowest)
0.7752168774604797,0.254377543926239,Q1 (lowest)
0.7786573767662048,0.20788902044296265,Q1 (lowest)
0.7813509702682495,0.17631618678569794,Q1 (lowest)
0.7831953763961792,0.21613530814647675,Q1 (lowest)
0.7607249617576599,0.31221920251846313,Q1 (lowest)
0.7175890803337097,0.450095534324646,Q1 (lowest)
0.6267659664154053,0.6442139148712158,Q2
0.5091807246208191,0.8585532903671265,Q4 (highest)
0.6142777800559998,0.7002353072166443,Q2
0.722024142742157,0.491500586271286,Q1 (lowest)
0.7607428431510925,0.3657909333705902,Q1 (lowest)
0.7061098217964172,0.5076503753662109,Q1 (lowest)
0.48426491022109985,0.8996238112449646,Q4 (highest)
0.5666424632072449,0.7437736392021179,Q3
0.5524210929870605,0.7653210759162903,Q3
0.5405441522598267,0.8137197494506836,Q3
0.5059432983398438,0.8799922466278076,Q4 (highest)
0.5249561667442322,0.8286513686180115,Q3
0.6425230503082275,0.6304317116737366,Q2
0.7110733389854431,0.50461345911026,Q1 (lowest)
0.7375494241714478,0.445921927690506,Q1 (lowest)
0.7465325593948364,0.41703924536705017,Q1 (lowest)
0.7307444214820862,0.46648353338241577,Q1 (lowest)
0.6905145049095154,0.5678026080131531,Q2
0.5961883664131165,0.7190894484519958,Q2
0.6354001760482788,0.6770382523536682,Q2
0.6287146806716919,0.6449520587921143,Q2
0.5687201619148254,0.7633544206619263,Q3
0.5478315353393555,0.7988914847373962,Q3
0.617226779460907,0.6915489435195923,Q2
0.7011117339134216,0.5468945503234863,Q2
0.7531225681304932,0.39427560567855835,Q1 (lowest)
0.7566785216331482,0.3813091814517975,Q1 (lowest)
0.7443747520446777,0.42418256402015686,Q1 (lowest)
0.6932612657546997,0.5115947127342224,Q1 (lowest)
0.6883816123008728,0.5164008736610413,Q1 (lowest)
0.6107182502746582,0.674437403678894,Q2
0.4559393525123596,0.9603790640830994,Q4 (highest)
0.5785967707633972,0.7269363403320312,Q2
0.640166699886322,0.6104997396469116,Q2
0.49192148447036743,0.8835157752037048,Q4 (highest)
0.5630776882171631,0.7811956405639648,Q3
0.48591527342796326,0.9034509062767029,Q4 (highest)
0.592136025428772,0.6888575553894043,Q2
0.7044664025306702,0.4791385233402252,Q1 (lowest)
0.6717686653137207,0.5519110560417175,Q2
0.5944698452949524,0.6940407156944275,Q2
0.613059401512146,0.6486847996711731,Q2
0.6972323656082153,0.48787909746170044,Q1 (lowest)
0.5917882323265076,0.679012656211853,Q2
0.5874035954475403,0.6941602230072021,Q2
0.6833475232124329,0.4809889495372772,Q1 (lowest)
0.6377443671226501,0.6043723821640015,Q2
0.5165414810180664,0.8526896834373474,Q4 (highest)
0.5563392043113708,0.7860439419746399,Q3
0.6612667441368103,0.5522616505622864,Q2
0.6505662798881531,0.5960939526557922,Q2
0.5518357157707214,0.7637102603912354,Q3
0.5443636178970337,0.7912638187408447,Q3
0.5531443953514099,0.7724938988685608,Q3
0.5736485719680786,0.7201893925666809,Q2
0.6097020506858826,0.6727228760719299,Q2
0.5316217541694641,0.8253670334815979,Q3
0.6300286650657654,0.6487790942192078,Q2
0.5865095257759094,0.6965662837028503,Q2
0.659426212310791,0.5778179168701172,Q2
0.7235827445983887,0.4218951165676117,Q1 (lowest)
0.7347297072410583,0.3851773738861084,Q1 (lowest)
0.7191290855407715,0.42418256402015686,Q1 (lowest)
0.6752893924713135,0.5133777856826782,Q1 (lowest)
0.6680870056152344,0.5569333434104919,Q2
0.7027901411056519,0.46343037486076355,Q1 (lowest)
0.7364106178283691,0.35399460792541504,Q1 (lowest)
0.7596911787986755,0.3438514471054077,Q1 (lowest)
0.7423397898674011,0.3604732155799866,Q1 (lowest)
0.7633938789367676,0.33778148889541626,Q1 (lowest)
0.7339984178543091,0.3667767345905304,Q1 (lowest)
0.7109318375587463,0.413681298494339,Q1 (lowest)
0.6962897181510925,0.45105478167533875,Q1 (lowest)
0.7412461042404175,0.33982789516448975,Q1 (lowest)
0.766991913318634,0.25865575671195984,Q1 (lowest)
0.6876828074455261,0.4899406135082245,Q1 (lowest)
0.6085557341575623,0.6486847996711731,Q2
0.6148294806480408,0.6348614692687988,Q2
0.5274390578269958,0.810046374797821,Q3
0.527729332447052,0.8182598352432251,Q3
0.6507008671760559,0.573104739189148,Q2
0.7204962968826294,0.397011399269104,Q1 (lowest)
0.744457483291626,0.32079601287841797,Q1 (lowest)
0.7282333970069885,0.3825313448905945,Q1 (lowest)
0.7242506146430969,0.40279829502105713,Q1 (lowest)
0.764448881149292,0.3010839521884918,Q1 (lowest)
0.735620379447937,0.40411150455474854,Q1 (lowest)
0.6672139167785645,0.5770248174667358,Q2
0.5572468042373657,0.78666090965271,Q3
0.5331911444664001,0.8221619725227356,Q3
0.6299607753753662,0.6168993711471558,Q2
0.7122697830200195,0.4481205940246582,Q1 (lowest)
0.7450109720230103,0.329976350069046,Q1 (lowest)
0.7293393015861511,0.376135915517807,Q1 (lowest)
0.6714419722557068,0.5128943920135498,Q1 (lowest)
0.6222605109214783,0.6328514814376831,Q2
0.6262452006340027,0.6117478609085083,Q2
0.6621777415275574,0.5770248174667358,Q2
0.5396319031715393,0.7968922853469849,Q3
0.46874186396598816,0.934070885181427,Q4 (highest)
0.5394789576530457,0.7868671417236328,Q3
0.48322030901908875,0.9135674834251404,Q4 (highest)
0.607456624507904,0.6555886268615723,Q2
0.7108778953552246,0.4543944001197815,Q1 (lowest)
0.7476126551628113,0.31425467133522034,Q1 (lowest)
0.7834751009941101,0.21720391511917114,Q1 (lowest)
0.7899032831192017,0.1500874161720276,Q1 (lowest)
0.7956022620201111,0.1414145976305008,Q1 (lowest)
0.7940441966056824,0.1691216379404068,Q1 (lowest)
0.7920882105827332,0.18965411186218262,Q1 (lowest)
0.7913386225700378,0.19672128558158875,Q1 (lowest)
0.7805454134941101,0.22157666087150574,Q1 (lowest)
0.7701407670974731,0.29242512583732605,Q1 (lowest)
0.7518807053565979,0.3630901873111725,Q1 (lowest)
0.7316983342170715,0.4054901599884033,Q1 (lowest)
0.7357656359672546,0.3932398855686188,Q1 (lowest)
0.7476544380187988,0.3345637023448944,Q1 (lowest)
0.7716664671897888,0.2843780517578125,Q1 (lowest)
0.7412455677986145,0.4095135033130646,Q1 (lowest)
0.6527972221374512,0.5853725075721741,Q2
0.544501006603241,0.7991153001785278,Q3
0.5599859952926636,0.7437736392021179,Q3
0.6249133348464966,0.6342476010322571,Q2
0.6709694862365723,0.5303199291229248,Q1 (lowest)
0.7447211146354675,0.4118340015411377,Q1 (lowest)
0.7566750049591064,0.3492785394191742,Q1 (lowest)
0.7679196000099182,0.27151456475257874,Q1 (lowest)
0.769543468952179,0.23540307581424713,Q1 (lowest)
0.7731592059135437,0.24342338740825653,Q1 (lowest)
0.7664498090744019,0.28228792548179626,Q1 (lowest)
0.7364102602005005,0.3909496068954468,Q1 (lowest)
0.6496310234069824,0.5958768129348755,Q2
0.6605398058891296,0.5435047745704651,Q2
0.7306376099586487,0.42079195380210876,Q1 (lowest)
0.7612687945365906,0.36372214555740356,Q1 (lowest)
0.6971210241317749,0.5259003639221191,Q1 (lowest)
0.5547618865966797,0.757764995098114,Q3
0.5104714632034302,0.8516849279403687,Q4 (highest)
0.525105893611908,0.8162235021591187,Q3
0.5117011070251465,0.8423848748207092,Q3
0.4590439796447754,0.9603790640830994,Q4 (highest)
0.5000967979431152,0.8821795582771301,Q4 (highest)
0.5281400084495544,0.8390346169471741,Q3
0.6102234721183777,0.721157431602478,Q2
0.6742540597915649,0.560553789138794,Q2
0.7513483166694641,0.4005560874938965,Q1 (lowest)
0.7474223375320435,0.37363800406455994,Q1 (lowest)
0.7178448438644409,0.4420720338821411,Q1 (lowest)
0.6980671286582947,0.5008909702301025,Q1 (lowest)
0.7222837209701538,0.4795072078704834,Q1 (lowest)
0.703326940536499,0.48310673236846924,Q1 (lowest)
0.6598017811775208,0.6443060040473938,Q2
0.6263062357902527,0.6963242888450623,Q2
0.5057740211486816,0.8770081996917725,Q4 (highest)
0.4997377097606659,0.8835157752037048,Q4 (highest)
0.6699226498603821,0.6104997396469116,Q2
0.7332193851470947,0.45912104845046997,Q1 (lowest)
0.6824126243591309,0.5482663512229919,Q2
0.6954973340034485,0.539564311504364,Q1 (lowest)
0.6047124862670898,0.7143551111221313,Q2
0.5683976411819458,0.7280863523483276,Q2
0.6377804279327393,0.6425631642341614,Q2
0.5758945345878601,0.7114419341087341,Q2
0.6166115403175354,0.6698641777038574,Q2
0.6339079737663269,0.6350372433662415,Q2
0.6470170021057129,0.6243410706520081,Q2
0.6682427525520325,0.5531992316246033,Q2
0.7143142819404602,0.4597150683403015,Q1 (lowest)
0.6216930747032166,0.6171404123306274,Q2
0.49209967255592346,0.8919497728347778,Q4 (highest)
0.5513221621513367,0.7719305753707886,Q3
0.6644083857536316,0.5334978103637695,Q1 (lowest)
0.648276150226593,0.614584743976593,Q2
0.5675056576728821,0.7386395931243896,Q3
0.7026097178459167,0.47750765085220337,Q1 (lowest)
0.5892199873924255,0.6842671632766724,Q2
0.5624125003814697,0.7740060687065125,Q3
0.6519471406936646,0.5760377049446106,Q2
0.6513662338256836,0.6298313140869141,Q2
0.5016798377037048,0.8737016320228577,Q4 (highest)
0.5310990214347839,0.8093230724334717,Q3
0.5215076208114624,0.8331627249717712,Q3
0.5013127326965332,0.877429187297821,Q4 (highest)
0.46688032150268555,0.9454799890518188,Q4 (highest)
0.604465901851654,0.6940407156944275,Q2
0.4895133972167969,0.8919497728347778,Q4 (highest)
0.5772175192832947,0.7222703099250793,Q2
0.6008896827697754,0.6603310108184814,Q2
0.7188200950622559,0.4561401903629303,Q1 (lowest)
0.7555730938911438,0.3150758445262909,Q1 (lowest)
0.7328795194625854,0.360984742641449,Q1 (lowest)
0.6913325190544128,0.49786221981048584,Q1 (lowest)
0.6104416251182556,0.6725096702575684,Q2
0.5636891722679138,0.7555475234985352,Q3
0.6366856694221497,0.5927181243896484,Q2
0.7277072072029114,0.42247992753982544,Q1 (lowest)
0.6920749545097351,0.48571136593818665,Q1 (lowest)
0.6675021052360535,0.5218761563301086,Q1 (lowest)
0.6911575198173523,0.47320854663848877,Q1 (lowest)
0.6773747205734253,0.5294283628463745,Q1 (lowest)
0.6997393369674683,0.4410534203052521,Q1 (lowest)
0.7295439839363098,0.37423545122146606,Q1 (lowest)
0.7531313300132751,0.2917090952396393,Q1 (lowest)
0.7750974893569946,0.21635720133781433,Q1 (lowest)
0.7579253911972046,0.2977595329284668,Q1 (lowest)
0.7090827226638794,0.42887082695961,Q1 (lowest)
0.6328298449516296,0.612925112247467,Q2
0.5161670446395874,0.8399393558502197,Q3
0.5005233883857727,0.868930459022522,Q4 (highest)
0.5536179542541504,0.7581087946891785,Q3
0.66905277967453,0.5396742820739746,Q1 (lowest)
0.7531258463859558,0.382431298494339,Q1 (lowest)
0.7655899524688721,0.2672543227672577,Q1 (lowest)
0.7677515745162964,0.26814812421798706,Q1 (lowest)
0.7669909000396729,0.2783122658729553,Q1 (lowest)
0.7738243937492371,0.2608358561992645,Q1 (lowest)
0.7748391032218933,0.2231384962797165,Q1 (lowest)
0.7742168307304382,0.28123924136161804,Q1 (lowest)
0.7237870097160339,0.4050389230251312,Q1 (lowest)
0.5507545471191406,0.7936190962791443,Q3
0.5281259417533875,0.8221619725227356,Q3
0.6292808055877686,0.6168993711471558,Q2
0.7192102670669556,0.432599812746048,Q1 (lowest)
0.7329143285751343,0.38515201210975647,Q1 (lowest)
0.7156141400337219,0.4180610179901123,Q1 (lowest)
0.643549382686615,0.6010796427726746,Q2
0.5037053227424622,0.8603366017341614,Q4 (highest)
0.5423957705497742,0.7912638187408447,Q3
0.5649058222770691,0.7624684572219849,Q3
0.541489839553833,0.7971130013465881,Q3
0.6263979077339172,0.6311200261116028,Q2
0.6163317561149597,0.6371583938598633,Q2
0.6800985932350159,0.5428335070610046,Q1 (lowest)
0.7261483669281006,0.4049544334411621,Q1 (lowest)
0.7607378959655762,0.2896975576877594,Q1 (lowest)
0.7736162543296814,0.20403000712394714,Q1 (lowest)
0.7867176532745361,0.14266353845596313,Q1 (lowest)
0.7982664108276367,0.10300973057746887,Q1 (lowest)
0.7974674105644226,0.11992223560810089,Q1 (lowest)
0.7967908978462219,0.1318795084953308,Q1 (lowest)
0.796542763710022,0.1358843594789505,Q1 (lowest)
0.7877768278121948,0.1733170747756958,Q1 (lowest)
0.7821163535118103,0.2185611128807068,Q1 (lowest)
0.7695069313049316,0.25880011916160583,Q1 (lowest)
0.7686922550201416,0.2805439829826355,Q1 (lowest)
0.7803642153739929,0.27444857358932495,Q1 (lowest)
0.7853988409042358,0.2431529015302658,Q1 (lowest)
0.7786742448806763,0.2839096188545227,Q1 (lowest)
0.7482687830924988,0.40856432914733887,Q1 (lowest)
0.6720302700996399,0.5831174254417419,Q2
0.5569542646408081,0.7919024229049683,Q3
0.45972320437431335,0.9535431861877441,Q4 (highest)
0.4864853024482727,0.8949404954910278,Q4 (highest)
0.6490164995193481,0.6342476010322571,Q2
0.6403040289878845,0.5818302631378174,Q2
0.7161448001861572,0.4571288824081421,Q1 (lowest)
0.7448965907096863,0.340025931596756,Q1 (lowest)
0.7361950278282166,0.34080037474632263,Q1 (lowest)
0.7413696646690369,0.3523946702480316,Q1 (lowest)
0.7533613443374634,0.3281896114349365,Q1 (lowest)
0.7259702086448669,0.4168894290924072,Q1 (lowest)
0.6800424456596375,0.5550875067710876,Q2
0.6624011397361755,0.6384958624839783,Q2
0.6500968337059021,0.5669844150543213,Q2
0.7080772519111633,0.4689597487449646,Q1 (lowest)
0.7114821672439575,0.5102556943893433,Q1 (lowest)
0.6956416368484497,0.560553789138794,Q2
0.5412471294403076,0.7860439419746399,Q3
0.518373429775238,0.8320200443267822,Q3
0.46926766633987427,0.9315419793128967,Q4 (highest)
0.5531825423240662,0.7575933337211609,Q3
0.5099851489067078,0.8526896834373474,Q4 (highest)
0.5340191721916199,0.7979995608329773,Q3
0.6365863084793091,0.6086419224739075,Q2
0.7205907106399536,0.48331552743911743,Q1 (lowest)
0.6902173757553101,0.49894198775291443,Q1 (lowest)
0.661302387714386,0.6240081191062927,Q2
0.6437113285064697,0.6486847996711731,Q2
0.7077506184577942,0.5298998951911926,Q1 (lowest)
0.7544304132461548,0.3895678222179413,Q1 (lowest)
0.7214762568473816,0.4930286705493927,Q1 (lowest)
0.6337103247642517,0.6830241680145264,Q2
0.5887824892997742,0.7063902020454407,Q2
0.6852030158042908,0.5360758900642395,Q1 (lowest)
0.6820722818374634,0.5820329785346985,Q2
0.5751301646232605,0.7724938988685608,Q3
0.5767802000045776,0.7456796169281006,Q3
0.5409321188926697,0.8110164999961853,Q3
0.5044593214988708,0.8737016320228577,Q4 (highest)
0.5473576784133911,0.8071752190589905,Q3
0.6515065431594849,0.5832533240318298,Q2
0.5734726786613464,0.7674940228462219,Q3
0.5238617658615112,0.8261805176734924,Q3
0.4535861909389496,0.9669219255447388,Q4 (highest)
0.5387629866600037,0.8139680027961731,Q3
0.6203915476799011,0.6604310870170593,Q2
0.6192734837532043,0.6327645778656006,Q2
0.6980361938476562,0.4860075116157532,Q1 (lowest)
0.6602938771247864,0.5569333434104919,Q2
0.569775402545929,0.7755327820777893,Q3
0.5484704375267029,0.7819930911064148,Q3
0.6379687786102295,0.6252596378326416,Q2
0.5677794814109802,0.7279422283172607,Q2
0.556526780128479,0.7581087946891785,Q3
0.647055447101593,0.5672358274459839,Q2
0.6950711607933044,0.4665220379829407,Q1 (lowest)
0.6900591254234314,0.464913010597229,Q1 (lowest)
0.6104904413223267,0.6510543823242188,Q2
0.5473379492759705,0.789994478225708,Q3
0.6199197173118591,0.6388540267944336,Q2
0.5614956617355347,0.7589714527130127,Q3
0.591094434261322,0.7072865962982178,Q2
0.5164729952812195,0.8610580563545227,Q4 (highest)
0.44988390803337097,0.9778246283531189,Q4 (highest)
0.5137472152709961,0.8516849279403687,Q4 (highest)
0.6059685945510864,0.6767112612724304,Q2
0.6152417063713074,0.6368033289909363,Q2
0.5283388495445251,0.8149659633636475,Q3
0.5642814636230469,0.7423580884933472,Q3
0.6119207739830017,0.6812307834625244,Q2
0.6686569452285767,0.5692582130432129,Q2
0.7087969183921814,0.4178802967071533,Q1 (lowest)
0.7247859835624695,0.40551847219467163,Q1 (lowest)
0.6548643708229065,0.5698306560516357,Q2
0.5215269327163696,0.8221619725227356,Q3
0.4797190725803375,0.9092445373535156,Q4 (highest)
0.6160440444946289,0.6424718499183655,Q2
0.6940641403198242,0.47750765085220337,Q1 (lowest)
0.6057599186897278,0.6564690470695496,Q2
0.5599676966667175,0.7555475234985352,Q3
0.6212453246116638,0.6286360025405884,Q2
0.5581257939338684,0.7581087946891785,Q3
0.5675790905952454,0.7317296862602234,Q3
0.6406421065330505,0.6206265687942505,Q2
0.6790301203727722,0.4911528527736664,Q1 (lowest)
0.7511202692985535,0.29623714089393616,Q1 (lowest)
0.7197852730751038,0.42574334144592285,Q1 (lowest)
0.6328707337379456,0.6052796840667725,Q2
0.5335044264793396,0.8018283843994141,Q3
0.46279793977737427,0.9454799890518188,Q4 (highest)
0.5697342157363892,0.738792896270752,Q3
0.691041111946106,0.510303258895874,Q1 (lowest)
0.7575129270553589,0.3553279638290405,Q1 (lowest)
0.7732662558555603,0.2834707796573639,Q1 (lowest)
0.7862094044685364,0.2195950746536255,Q1 (lowest)
0.7723105549812317,0.22076578438282013,Q1 (lowest)
0.7828770279884338,0.2034745067358017,Q1 (lowest)
0.7903102040290833,0.17975950241088867,Q1 (lowest)
0.7643038630485535,0.2539227306842804,Q1 (lowest)
0.735779881477356,0.3526283800601959,Q1 (lowest)
0.7137871980667114,0.47067999839782715,Q1 (lowest)
0.6517086029052734,0.5664198994636536,Q2
0.6419644355773926,0.5740777254104614,Q2
0.6955599188804626,0.49202316999435425,Q1 (lowest)
0.6683109402656555,0.5158611536026001,Q1 (lowest)
0.6707231998443604,0.5572326183319092,Q2
0.6320927739143372,0.6013768315315247,Q2
0.6453555822372437,0.5978397130966187,Q2
0.5780260562896729,0.7253672480583191,Q2
0.5579127073287964,0.7513649463653564,Q3
0.4935438334941864,0.8949404954910278,Q4 (highest)
0.49312758445739746,0.8919497728347778,Q4 (highest)
0.5899285674095154,0.7167742252349854,Q2
0.664675235748291,0.5254892706871033,Q1 (lowest)
0.7143926024436951,0.4405460059642792,Q1 (lowest)
0.7243772149085999,0.3994583487510681,Q1 (lowest)
0.7628878951072693,0.32173866033554077,Q1 (lowest)
0.7753657102584839,0.2427966445684433,Q1 (lowest)
0.7782055735588074,0.17716239392757416,Q1 (lowest)
0.7934907674789429,0.1269279569387436,Q1 (lowest)
0.7987633347511292,0.08996923267841339,Q1 (lowest)
0.7989459037780762,0.08439276367425919,Q1 (lowest)
0.797566831111908,0.09151659905910492,Q1 (lowest)
0.7980581521987915,0.10271406173706055,Q1 (lowest)
0.794755756855011,0.13051924109458923,Q1 (lowest)
0.7923120856285095,0.15875586867332458,Q1 (lowest)
0.7912890315055847,0.18206077814102173,Q1 (lowest)
0.7916368246078491,0.19395434856414795,Q1 (lowest)
0.791982889175415,0.19066952168941498,Q1 (lowest)
0.7929507493972778,0.18101747334003448,Q1 (lowest)
0.7835336923599243,0.2553737759590149,Q1 (lowest)
0.7637230157852173,0.35386601090431213,Q1 (lowest)
0.7210835814476013,0.47036615014076233,Q1 (lowest)
0.6260766386985779,0.6214460730552673,Q2
0.5739549398422241,0.7292439937591553,Q3
0.582481861114502,0.747445821762085,Q3
0.5165603756904602,0.8533643484115601,Q4 (highest)
0.5595561265945435,0.7626451849937439,Q3
0.6850960850715637,0.5735582113265991,Q2
0.704159677028656,0.4481205940246582,Q1 (lowest)
0.6830714344978333,0.4933795928955078,Q1 (lowest)
0.680482029914856,0.5101126432418823,Q1 (lowest)
0.7054823040962219,0.4594920575618744,Q1 (lowest)
0.6888977289199829,0.5184245705604553,Q1 (lowest)
0.5994083285331726,0.6906083822250366,Q2
0.4885501563549042,0.9237772822380066,Q4 (highest)
0.5834465026855469,0.7002353072166443,Q2
0.6190468668937683,0.6432034969329834,Q2
0.5861534476280212,0.7386395931243896,Q3
0.5791348218917847,0.7253672480583191,Q2
0.515614926815033,0.8343155384063721,Q3
0.4646839201450348,0.9414055943489075,Q4 (highest)
0.48644334077835083,0.9017894268035889,Q4 (highest)
0.522686779499054,0.8346053957939148,Q3
0.4995722770690918,0.868930459022522,Q4 (highest)
0.5185865759849548,0.8464655876159668,Q4 (highest)
0.5178098678588867,0.8399393558502197,Q3
0.49062052369117737,0.8862445950508118,Q4 (highest)
0.548872172832489,0.8132243156433105,Q3
0.6296347379684448,0.6793437004089355,Q2
0.6053149104118347,0.7222703099250793,Q2
0.5631878972053528,0.7955742478370667,Q3
0.4935935437679291,0.8909742832183838,Q4 (highest)
0.6655840277671814,0.6223514676094055,Q2
0.7424306273460388,0.43050163984298706,Q1 (lowest)
0.7092851996421814,0.5259003639221191,Q1 (lowest)
0.5863363742828369,0.757764995098114,Q3
0.4943285584449768,0.8857843279838562,Q4 (highest)
0.6208989024162292,0.6443060040473938,Q2
0.6657900810241699,0.5590375065803528,Q2
0.5524213910102844,0.7696968913078308,Q3
0.5412471294403076,0.7860439419746399,Q3
0.5291903614997864,0.8132243156433105,Q3
0.4806208610534668,0.924513578414917,Q4 (highest)
0.6468214988708496,0.6651924848556519,Q2
0.7219376564025879,0.4557022750377655,Q1 (lowest)
0.6729806065559387,0.5698306560516357,Q2
0.630918562412262,0.6064957976341248,Q2
0.5164713859558105,0.8603366017341614,Q4 (highest)
0.49479588866233826,0.8876386284828186,Q4 (highest)
0.5548513531684875,0.7893638014793396,Q3
0.6623750925064087,0.5455885529518127,Q2
0.5916695594787598,0.72185218334198,Q2
0.5107006430625916,0.8554120063781738,Q4 (highest)
0.5656531453132629,0.7633544206619263,Q3
0.6736469864845276,0.5569333434104919,Q2
0.5468289256095886,0.7772682905197144,Q3
0.5225480198860168,0.8200668096542358,Q3
0.6452404260635376,0.6105775237083435,Q2
0.6731187701225281,0.5397292971611023,Q1 (lowest)
0.7114542126655579,0.4109025001525879,Q1 (lowest)
0.6862086057662964,0.49470075964927673,Q1 (lowest)
0.6329067349433899,0.5948663949966431,Q2
0.5971164107322693,0.6829115748405457,Q2
0.4469612240791321,0.9842681884765625,Q4 (highest)
0.5365273356437683,0.8169835805892944,Q3
0.5247127413749695,0.8198072910308838,Q3
0.5081233382225037,0.8603366017341614,Q4 (highest)
0.48590007424354553,0.8939325213432312,Q4 (highest)
0.5306656360626221,0.7979995608329773,Q3
0.5507583022117615,0.7581087946891785,Q3
0.606965959072113,0.6595325469970703,Q2
0.6094161868095398,0.6515318155288696,Q2
0.7018635272979736,0.4505212903022766,Q1 (lowest)
0.7151117324829102,0.4128873944282532,Q1 (lowest)
0.6554152369499207,0.5515028834342957,Q2
0.6284187436103821,0.6449520587921143,Q2
0.6568540930747986,0.5759721398353577,Q2
0.5427365303039551,0.7991153001785278,Q3
0.5549620985984802,0.755378246307373,Q3
0.6188886165618896,0.6230124235153198,Q2
0.5439136624336243,0.7936190962791443,Q3
0.4956014156341553,0.8799922466278076,Q4 (highest)
0.4864984452724457,0.8990909457206726,Q4 (highest)
0.6464456915855408,0.568560779094696,Q2
0.7206470370292664,0.3933458626270294,Q1 (lowest)
0.7565183043479919,0.27678772807121277,Q1 (lowest)
0.754183292388916,0.2913077175617218,Q1 (lowest)
0.7384042739868164,0.3650607764720917,Q1 (lowest)
0.7072822451591492,0.4801233112812042,Q1 (lowest)
0.6602736115455627,0.5645492672920227,Q2
0.5851349830627441,0.6993726491928101,Q2
0.6359738111495972,0.5903103947639465,Q2
0.6959167718887329,0.47836217284202576,Q1 (lowest)
0.7322983145713806,0.35675832629203796,Q1 (lowest)
0.761148989200592,0.31653979420661926,Q1 (lowest)
0.7436152100563049,0.3187685012817383,Q1 (lowest)
0.7599135041236877,0.2867701053619385,Q1 (lowest)
0.7754819989204407,0.2358231395483017,Q1 (lowest)
0.771761417388916,0.21089422702789307,Q1 (lowest)
0.7730420231819153,0.27895641326904297,Q1 (lowest)
0.7365667819976807,0.3484663665294647,Q1 (lowest)
0.7203401923179626,0.3941957354545593,Q1 (lowest)
0.7160884737968445,0.4242136478424072,Q1 (lowest)
0.6450755000114441,0.5746637582778931,Q2
0.5784403681755066,0.7179962396621704,Q2
0.5402782559394836,0.8043607473373413,Q3
0.5128862261772156,0.8399393558502197,Q3
0.5293626189231873,0.8306058049201965,Q3
0.502379834651947,0.8704970479011536,Q4 (highest)
0.4634455740451813,0.9454799890518188,Q4 (highest)
0.5261930227279663,0.8264527916908264,Q3
0.5651783347129822,0.7394076585769653,Q3
0.6701385974884033,0.5747290253639221,Q2
0.6613214612007141,0.534997820854187,Q1 (lowest)
0.7028098106384277,0.4481205940246582,Q1 (lowest)
0.7411472797393799,0.3388410806655884,Q1 (lowest)
0.776936948299408,0.24555091559886932,Q1 (lowest)
0.7863234281539917,0.19066952168941498,Q1 (lowest)
0.7906584143638611,0.14466014504432678,Q1 (lowest)
0.7981029748916626,0.10679944604635239,Q1 (lowest)
0.7989224195480347,0.07747292518615723,Q1 (lowest)
0.7967702746391296,0.059107568114995956,Q1 (lowest)
0.7968234419822693,0.06464114040136337,Q1 (lowest)
0.7975899577140808,0.07769804447889328,Q1 (lowest)
0.7976135611534119,0.09593769162893295,Q1 (lowest)
0.7895537614822388,0.11348417401313782,Q1 (lowest)
0.7891442179679871,0.12725712358951569,Q1 (lowest)
0.7949854731559753,0.13404589891433716,Q1 (lowest)
0.7967721819877625,0.13218697905540466,Q1 (lowest)
0.7951950430870056,0.1551126092672348,Q1 (lowest)
0.7896546721458435,0.2113892287015915,Q1 (lowest)
0.775357186794281,0.2788465619087219,Q1 (lowest)
0.6861642003059387,0.5041965246200562,Q1 (lowest)
0.6686468124389648,0.5788136720657349,Q2
0.5450155138969421,0.7741960287094116,Q3
0.4627498686313629,0.9561408758163452,Q4 (highest)
0.567071259021759,0.7503765225410461,Q3
0.6417233347892761,0.6014511585235596,Q2
0.595393180847168,0.714221715927124,Q2
0.5657824873924255,0.73818039894104,Q3
0.6210436224937439,0.6510543823242188,Q2
0.5798323750495911,0.7122317552566528,Q2
0.5324569344520569,0.7997888326644897,Q3
0.4666225016117096,0.9414055943489075,Q4 (highest)
0.5136348605155945,0.8547254204750061,Q4 (highest)
0.5297779440879822,0.8162235021591187,Q3
0.4654233157634735,0.9561408758163452,Q4 (highest)
0.6123684644699097,0.7179962396621704,Q2
0.4725489318370819,0.924513578414917,Q4 (highest)
0.5131790041923523,0.8393353819847107,Q3
0.48857131600379944,0.8919497728347778,Q4 (highest)
0.4675825238227844,0.9385421276092529,Q4 (highest)
0.5601595044136047,0.7719305753707886,Q3
0.4661843478679657,0.9454799890518188,Q4 (highest)
0.5895572900772095,0.7471233010292053,Q3
0.5864740610122681,0.7394076585769653,Q3
0.690754234790802,0.5725231170654297,Q2
0.7386845946311951,0.43455666303634644,Q1 (lowest)
0.7160261273384094,0.5079801082611084,Q1 (lowest)
0.6100929379463196,0.7314354181289673,Q3
0.47990819811820984,0.9161525368690491,Q4 (highest)
0.5494469404220581,0.7724938988685608,Q3
0.670029878616333,0.5610413551330566,Q2
0.5526203513145447,0.7759168744087219,Q3
0.5093771815299988,0.8724883794784546,Q4 (highest)
0.6284701228141785,0.6604310870170593,Q2
0.627533495426178,0.6454147696495056,Q2
0.5951854586601257,0.7060073614120483,Q2
0.7543372511863708,0.3441554605960846,Q1 (lowest)
0.7289006114006042,0.4010244905948639,Q1 (lowest)
0.6795889735221863,0.5137168765068054,Q1 (lowest)
0.6141304969787598,0.6628477573394775,Q2
0.476743221282959,0.9223278760910034,Q4 (highest)
0.4906235337257385,0.8876386284828186,Q4 (highest)
0.5314903855323792,0.8343155384063721,Q3
0.5920054912567139,0.6965662837028503,Q2
0.575556218624115,0.7256515622138977,Q2
0.6665329337120056,0.5740777254104614,Q2
0.6000955700874329,0.6802293658256531,Q2
0.5283470153808594,0.8264527916908264,Q3
0.49370160698890686,0.8839653134346008,Q4 (highest)
0.608794629573822,0.6770382523536682,Q2
0.7160741090774536,0.4722566306591034,Q1 (lowest)
0.6349489688873291,0.5996742248535156,Q2
0.44533488154411316,0.9687837958335876,Q4 (highest)
0.5031453967094421,0.8599777817726135,Q4 (highest)
0.495411217212677,0.854383647441864,Q4 (highest)
0.5206349492073059,0.8331627249717712,Q3
0.5796909332275391,0.7110482454299927,Q2
0.4675128161907196,0.936711847782135,Q4 (highest)
0.5962974429130554,0.675950288772583,Q2
0.6452757716178894,0.6233437657356262,Q2
0.6388761401176453,0.6206265687942505,Q2
0.6819080710411072,0.4911528527736664,Q1 (lowest)
0.5960976481437683,0.6701797246932983,Q2
0.4740239083766937,0.9275433421134949,Q4 (highest)
0.5869817733764648,0.7156950831413269,Q2
0.560217559337616,0.7550399899482727,Q3
0.47084417939186096,0.9315419793128967,Q4 (highest)
0.5976329445838928,0.677584707736969,Q2
0.5395808219909668,0.7991153001785278,Q3
0.5836173295974731,0.756908655166626,Q3
0.6548596024513245,0.5598245859146118,Q2
0.6317674517631531,0.6348614692687988,Q2
0.5856243968009949,0.703349769115448,Q2
0.5825676321983337,0.6992497444152832,Q2
0.6793646812438965,0.5288013815879822,Q1 (lowest)
0.7380318641662598,0.3758218288421631,Q1 (lowest)
0.7220801115036011,0.39260533452033997,Q1 (lowest)
0.7185447216033936,0.4217416048049927,Q1 (lowest)
0.7303516864776611,0.3908972442150116,Q1 (lowest)
0.7472761869430542,0.3506194055080414,Q1 (lowest)
0.694088876247406,0.4550836384296417,Q1 (lowest)
0.6131646633148193,0.6391230821609497,Q2
0.502899169921875,0.8639907836914062,Q4 (highest)
0.5388966798782349,0.8071752190589905,Q3
0.638346791267395,0.5832533240318298,Q2
0.7193729877471924,0.40673673152923584,Q1 (lowest)
0.7009028792381287,0.45912104845046997,Q1 (lowest)
0.7281731963157654,0.39579957723617554,Q1 (lowest)
0.7569072842597961,0.3084844648838043,Q1 (lowest)
0.7779172658920288,0.22878161072731018,Q1 (lowest)
0.7653351426124573,0.2379010021686554,Q1 (lowest)
0.7534725069999695,0.31481876969337463,Q1 (lowest)
0.7012580633163452,0.4372294247150421,Q1 (lowest)
0.6499879956245422,0.5746637582778931,Q2
0.6113128066062927,0.6749762892723083,Q2
0.4735487997531891,0.9237772822380066,Q4 (highest)
0.4787074029445648,0.9181523323059082,Q4 (highest)
0.5127930045127869,0.8506886959075928,Q4 (highest)
0.569807767868042,0.7395617365837097,Q3
0.6148371696472168,0.6314651370048523,Q2
0.6662843227386475,0.5542592406272888,Q2
0.569442868232727,0.7279422283172607,Q2
0.6477856636047363,0.5614690184593201,Q2
0.7340361475944519,0.39558497071266174,Q1 (lowest)
0.7635676264762878,0.27562716603279114,Q1 (lowest)
0.7844495177268982,0.1913076490163803,Q1 (lowest)
0.7886504530906677,0.13254906237125397,Q1 (lowest)
0.7982422709465027,0.091750368475914,Q1 (lowest)
0.7937509417533875,0.06931503862142563,Q1 (lowest)
0.7973056435585022,0.08197075128555298,Q1 (lowest)
0.7986723780632019,0.09256431460380554,Q1 (lowest)
0.7972578406333923,0.09908661991357803,Q1 (lowest)
0.7929660677909851,0.10007158666849136,Q1 (lowest)
0.7946490049362183,0.09528227895498276,Q1 (lowest)
0.7988086938858032,0.08863315731287003,Q1 (lowest)
0.79867023229599,0.0926254615187645,Q1 (lowest)
0.7986489534378052,0.0932154655456543,Q1 (lowest)
0.7911017537117004,0.1257685124874115,Q1 (lowest)
0.79369056224823,0.16526727378368378,Q1 (lowest)
0.7707810997962952,0.21821828186511993,Q1 (lowest)
0.7584344744682312,0.2759636640548706,Q1 (lowest)
0.7478698492050171,0.3237658739089966,Q1 (lowest)
0.7583936452865601,0.3483625054359436,Q1 (lowest)
0.6967958807945251,0.46192100644111633,Q1 (lowest)
0.6292895078659058,0.646157443523407,Q2
0.5260726809501648,0.8162235021591187,Q3
0.5621656179428101,0.7991153001785278,Q3
0.5627543330192566,0.7626451849937439,Q3
0.46926766633987427,0.9315419793128967,Q4 (highest)
0.5150814056396484,0.8732956051826477,Q4 (highest)
0.6162887811660767,0.6595325469970703,Q2
0.5206742286682129,0.868930459022522,Q4 (highest)
0.4717676341533661,0.9454799890518188,Q4 (highest)
0.594655454158783,0.7548712491989136,Q3
0.5986982583999634,0.7437736392021179,Q3
0.6048337817192078,0.6727228760719299,Q2
0.45529577136039734,0.9651642441749573,Q4 (highest)
0.5318478345870972,0.819031298160553,Q3
0.48016220331192017,0.911685049533844,Q4 (highest)
0.5079699158668518,0.8610580563545227,Q4 (highest)
0.5077746510505676,0.8610580563545227,Q4 (highest)
0.522674560546875,0.8198072910308838,Q3
0.5212600231170654,0.8439382910728455,Q3
0.5601474642753601,0.798222005367279,Q3
0.5446042418479919,0.7817933559417725,Q3
0.5636803507804871,0.7782409191131592,Q3
0.660586953163147,0.6399324536323547,Q2
0.7059067487716675,0.5302148461341858,Q1 (lowest)
0.6441081762313843,0.5694488883018494,Q2
0.6252362132072449,0.7136889100074768,Q2
0.6524859666824341,0.6603310108184814,Q2
0.4820388853549957,0.9223278760910034,Q4 (highest)
0.5655986666679382,0.7696968913078308,Q3
0.7066086530685425,0.5328583121299744,Q1 (lowest)
0.658153235912323,0.5610413551330566,Q2
0.5924920439720154,0.7094823122024536,Q2
0.5171432495117188,0.8311696648597717,Q3
0.6367669105529785,0.6363603472709656,Q2
0.5496413111686707,0.7796127796173096,Q3
0.5142470598220825,0.8643630146980286,Q4 (highest)
0.609176754951477,0.703349769115448,Q2
0.582507312297821,0.6993726491928101,Q2
0.5800426006317139,0.740179181098938,Q3
0.6625710129737854,0.5695124268531799,Q2
0.6061534285545349,0.6749762892723083,Q2
0.5394789576530457,0.7868671417236328,Q3
0.6102400422096252,0.6410167217254639,Q2
0.6416746973991394,0.578880250453949,Q2
0.5537481904029846,0.7665850520133972,Q3
0.5828733444213867,0.7110482454299927,Q2
0.5588902831077576,0.73818039894104,Q3
0.4494660794734955,0.9315419793128967,Q4 (highest)
0.4474306106567383,0.9223278760910034,Q4 (highest)
0.501654326915741,0.810046374797821,Q3
0.5037166476249695,0.8639907836914062,Q4 (highest)
0.4814837574958801,0.911685049533844,Q4 (highest)
0.5247349143028259,0.8169835805892944,Q3
0.5566007494926453,0.7540296912193298,Q3
0.6183657646179199,0.6509591341018677,Q2
0.5767759680747986,0.7110482454299927,Q2
0.5001187324523926,0.8737016320228577,Q4 (highest)
0.6544420123100281,0.5725876688957214,Q2
0.6720125079154968,0.554732084274292,Q2
0.715800404548645,0.4488236904144287,Q1 (lowest)
0.7222201824188232,0.442412793636322,Q1 (lowest)
0.6887718439102173,0.49844637513160706,Q1 (lowest)
0.6866618394851685,0.496966689825058,Q1 (lowest)
0.6621264815330505,0.5433367490768433,Q1 (lowest)
0.6268001198768616,0.6105775237083435,Q2
0.6756437420845032,0.5397292971611023,Q1 (lowest)
0.7160555124282837,0.4121260941028595,Q1 (lowest)
0.7235350012779236,0.3962295651435852,Q1 (lowest)
0.6483285427093506,0.5670472383499146,Q2
0.5463723540306091,0.7819930911064148,Q3
0.5324200987815857,0.8137197494506836,Q3
0.4822542369365692,0.9080520272254944,Q4 (highest)
0.6102030873298645,0.6484023928642273,Q2
0.6848427057266235,0.4998009204864502,Q1 (lowest)
0.6189319491386414,0.6432034969329834,Q2
0.6299967169761658,0.6552960276603699,Q2
0.6877960562705994,0.5194689035415649,Q1 (lowest)
0.7576192617416382,0.3777875602245331,Q1 (lowest)
0.7628572583198547,0.2673816978931427,Q1 (lowest)
0.7536923885345459,0.2896975576877594,Q1 (lowest)
0.7206829190254211,0.3994583487510681,Q1 (lowest)
0.6685799956321716,0.5240567922592163,Q1 (lowest)
0.5856999754905701,0.7138218879699707,Q2
0.6074075102806091,0.6678778529167175,Q2
0.607975423336029,0.6907256841659546,Q2
0.6676543951034546,0.5990853905677795,Q2
0.5929654240608215,0.6833624243736267,Q2
0.5976306200027466,0.6833624243736267,Q2
0.5495910048484802,0.7817933559417725,Q3
0.6544499397277832,0.5820329785346985,Q2
0.7296856045722961,0.40436404943466187,Q1 (lowest)
0.7554346323013306,0.27998995780944824,Q1 (lowest)
0.7811442613601685,0.19365735352039337,Q1 (lowest)
0.7980012893676758,0.09252763539552689,Q1 (lowest)
0.7979351282119751,0.09461306035518646,Q1 (lowest)
0.7977383732795715,0.11460013687610626,Q1 (lowest)
0.7945289015769958,0.13202697038650513,Q1 (lowest)
0.7840011119842529,0.1430928111076355,Q1 (lowest)
0.7931382656097412,0.1447872519493103,Q1 (lowest)
0.796163022518158,0.13660617172718048,Q1 (lowest)
0.7960501909255981,0.12087677419185638,Q1 (lowest)
0.7973730564117432,0.10134566575288773,Q1 (lowest)
0.7990327477455139,0.08142942935228348,Q1 (lowest)
0.7965877056121826,0.09808091819286346,Q1 (lowest)
0.7958734035491943,0.12931081652641296,Q1 (lowest)
0.7886326313018799,0.16480661928653717,Q1 (lowest)
0.7819234728813171,0.1999501734972,Q1 (lowest)
0.7875861525535583,0.22761662304401398,Q1 (lowest)
0.7534416317939758,0.32281211018562317,Q1 (lowest)
0.7015345096588135,0.46521854400634766,Q1 (lowest)
0.6462565660476685,0.6648849844932556,Q2
0.4950190484523773,0.8939325213432312,Q4 (highest)
0.4590786099433899,0.9535431861877441,Q4 (highest)
0.5075662732124329,0.8732956051826477,Q4 (highest)
0.584385871887207,0.716503918170929,Q2
0.5174848437309265,0.8610580563545227,Q4 (highest)
0.6011006236076355,0.7207419276237488,Q2
0.5923966765403748,0.7394076585769653,Q3
0.49518877267837524,0.8949404954910278,Q4 (highest)
0.608070433139801,0.7094823122024536,Q2
0.6717169880867004,0.6173816919326782,Q2
0.680000364780426,0.5702769160270691,Q2
0.5395264029502869,0.7988914847373962,Q3
0.5045274496078491,0.8639907836914062,Q4 (highest)
0.5901133418083191,0.7094823122024536,Q2
0.6399627923965454,0.5963838696479797,Q2
0.5799126625061035,0.714221715927124,Q2
0.5838064551353455,0.7058799266815186,Q2
0.5109091997146606,0.8557568192481995,Q4 (highest)
0.530904233455658,0.8043607473373413,Q3
0.4664627015590668,0.9510926604270935,Q4 (highest)
0.6291863322257996,0.6600311994552612,Q2
0.6070572733879089,0.6577479243278503,Q2
0.5804721713066101,0.7495572566986084,Q3
0.48857006430625916,0.8939325213432312,Q4 (highest)
0.6313416361808777,0.64366215467453,Q2
0.5575749278068542,0.7893638014793396,Q3
0.48961105942726135,0.9086459875106812,Q4 (highest)
0.5579099655151367,0.7991153001785278,Q3
0.6514106392860413,0.6628477573394775,Q2
0.6724850535392761,0.6156190037727356,Q2
0.7291533350944519,0.4711517095565796,Q1 (lowest)
0.712348461151123,0.5178301930427551,Q1 (lowest)
0.5862436294555664,0.732319712638855,Q3
0.5354978442192078,0.8430038690567017,Q3
0.6633527874946594,0.6363603472709656,Q2
0.7371894121170044,0.44703570008277893,Q1 (lowest)
0.645035445690155,0.6230952143669128,Q2
0.5266073942184448,0.8117485642433167,Q3
0.49192148447036743,0.8835157752037048,Q4 (highest)
0.474404901266098,0.934070885181427,Q4 (highest)
0.5956701040267944,0.674437403678894,Q2
0.6055915355682373,0.6579453945159912,Q2
0.5338757038116455,0.7968922853469849,Q3
0.6896407604217529,0.4871539771556854,Q1 (lowest)
0.6675021052360535,0.5218761563301086,Q1 (lowest)
0.6053890585899353,0.6510543823242188,Q2
0.6216558814048767,0.6335483193397522,Q2
0.43390795588493347,0.9548220038414001,Q4 (highest)
0.4852369427680969,0.8876386284828186,Q4 (highest)
0.48415765166282654,0.8732956051826477,Q4 (highest)
0.4871845245361328,0.819031298160553,Q3
0.5192632079124451,0.7610606551170349,Q3
0.4520440101623535,0.9444308280944824,Q4 (highest)
0.5335031747817993,0.8071752190589905,Q3
0.47084417939186096,0.9315419793128967,Q4 (highest)
0.5344536304473877,0.7971130013465881,Q3
0.6923345327377319,0.5315852165222168,Q1 (lowest)
0.7028359174728394,0.4651421308517456,Q1 (lowest)
0.6685832142829895,0.5214226245880127,Q1 (lowest)
0.6835362315177917,0.49536463618278503,Q1 (lowest)
0.6081169843673706,0.6589357852935791,Q2
0.47357186675071716,0.9223278760910034,Q4 (highest)
0.6202524900436401,0.6311200261116028,Q2
0.7033751606941223,0.4360370635986328,Q1 (lowest)
0.738628089427948,0.33665046095848083,Q1 (lowest)
0.7539964914321899,0.309626042842865,Q1 (lowest)
0.7354945540428162,0.34712082147598267,Q1 (lowest)
0.7466624975204468,0.3309707045555115,Q1 (lowest)
0.6873989105224609,0.47750765085220337,Q1 (lowest)
0.5927915573120117,0.6842671632766724,Q2
0.49237504601478577,0.8839653134346008,Q4 (highest)
0.6013835072517395,0.6816775798797607,Q2
0.7012702822685242,0.4765758216381073,Q1 (lowest)
0.7502356171607971,0.3459492325782776,Q1 (lowest)
0.7015163898468018,0.46343037486076355,Q1 (lowest)
0.6524346470832825,0.5670472383499146,Q2
0.5311207175254822,0.8182598352432251,Q3
0.5324520468711853,0.8221619725227356,Q3
0.6605305671691895,0.5740777254104614,Q2
0.549489438533783,0.8162235021591187,Q3
0.5092074275016785,0.8610580563545227,Q4 (highest)
0.6349689364433289,0.5963838696479797,Q2
0.7204346060752869,0.4121260941028595,Q1 (lowest)
0.7727217674255371,0.2847196161746979,Q1 (lowest)
0.7434099912643433,0.3479476869106293,Q1 (lowest)
0.7190698981285095,0.4759300947189331,Q1 (lowest)
0.6196373105049133,0.6621397733688354,Q2
0.49882036447525024,0.8704970479011536,Q4 (highest)
0.5440146327018738,0.7796127796173096,Q3
0.6488713026046753,0.6500082612037659,Q2
0.6973497867584229,0.5289579033851624,Q1 (lowest)
0.6000338792800903,0.7079295516014099,Q2
0.5777642130851746,0.721157431602478,Q2
0.6673523783683777,0.5450797080993652,Q2
0.6330282092094421,0.6328514814376831,Q2
0.5516602396965027,0.7640668153762817,Q3
0.6587262153625488,0.5842759609222412,Q2
0.6403222680091858,0.5958768129348755,Q2
0.6928772330284119,0.48583823442459106,Q1 (lowest)
0.753473699092865,0.3592558801174164,Q1 (lowest)
0.768268883228302,0.25674429535865784,Q1 (lowest)
0.7913181781768799,0.18091097474098206,Q1 (lowest)
0.7916541695594788,0.12659232318401337,Q1 (lowest)
0.7955101728439331,0.10059000551700592,Q1 (lowest)
0.7891309261322021,0.1266501098871231,Q1 (lowest)
0.7912387251853943,0.1580856740474701,Q1 (lowest)
0.791549563407898,0.18710048496723175,Q1 (lowest)
0.7875436544418335,0.20942068099975586,Q1 (lowest)
0.7915248274803162,0.1949995756149292,Q1 (lowest)
0.7810737490653992,0.16835270822048187,Q1 (lowest)
0.7900062799453735,0.13703425228595734,Q1 (lowest)
0.7952965497970581,0.1140797808766365,Q1 (lowest)
0.7935214042663574,0.11984407901763916,Q1 (lowest)
0.7933263778686523,0.11857567727565765,Q1 (lowest)
0.7880421280860901,0.1210675835609436,Q1 (lowest)
0.7934380769729614,0.1449427753686905,Q1 (lowest)
0.7874842882156372,0.2064002901315689,Q1 (lowest)
0.7538796663284302,0.2910703718662262,Q1 (lowest)
0.7445281147956848,0.40202024579048157,Q1 (lowest)
0.6796714067459106,0.5302148461341858,Q1 (lowest)
0.6128644943237305,0.6465297937393188,Q2
0.5816750526428223,0.7253672480583191,Q2
0.47113296389579773,0.9275433421134949,Q4 (highest)
0.6131319403648376,0.6897892355918884,Q2
0.6673762202262878,0.5281242728233337,Q1 (lowest)
0.673968493938446,0.5963838696479797,Q2
0.6620514988899231,0.5435047745704651,Q2
0.6174802184104919,0.6621397733688354,Q2
0.5738825798034668,0.7394076585769653,Q3
0.6792401671409607,0.5857163667678833,Q2
0.7382274270057678,0.4438158869743347,Q1 (lowest)
0.6262711882591248,0.6210359334945679,Q2
0.5428449511528015,0.7819930911064148,Q3
0.4932205379009247,0.9017894268035889,Q4 (highest)
0.5961863398551941,0.7256515622138977,Q2
0.5369410514831543,0.8016003370285034,Q3
0.67510986328125,0.5954431295394897,Q2
0.6998569369316101,0.5261061787605286,Q1 (lowest)
0.5948185324668884,0.7371137142181396,Q3
0.5461894869804382,0.8043607473373413,Q3
0.5890693068504333,0.6859754323959351,Q2
0.6074479818344116,0.7043576240539551,Q2
0.666273832321167,0.5820329785346985,Q2
0.6864274740219116,0.524465024471283,Q1 (lowest)
0.6259087920188904,0.666117787361145,Q2
0.5687004327774048,0.7680419087409973,Q3
0.6729388236999512,0.6077194213867188,Q2
0.5386017560958862,0.8117485642433167,Q3
0.5290303230285645,0.8354789614677429,Q3
0.6383673548698425,0.6561751961708069,Q2
0.7174205780029297,0.5041965246200562,Q1 (lowest)
0.756051242351532,0.38363558053970337,Q1 (lowest)
0.6825129389762878,0.49470075964927673,Q1 (lowest)
0.6022247672080994,0.681454062461853,Q2
0.48521852493286133,0.9017894268035889,Q4 (highest)
0.5713023543357849,0.7464801669120789,Q3
0.6201000809669495,0.6353011131286621,Q2
0.6684472560882568,0.551736056804657,Q2
0.6221501231193542,0.675950288772583,Q2
0.5479068756103516,0.7724938988685608,Q3
0.6215996146202087,0.6428372859954834,Q2
0.6975851058959961,0.486346572637558,Q1 (lowest)
0.621309757232666,0.6314651370048523,Q2
0.5018402338027954,0.8799922466278076,Q4 (highest)
0.4839024543762207,0.9017894268035889,Q4 (highest)
0.5055367350578308,0.8439382910728455,Q3
0.4634743630886078,0.9275433421134949,Q4 (highest)
0.43125125765800476,0.9669219255447388,Q4 (highest)
0.44884777069091797,0.9454799890518188,Q4 (highest)
0.475448340177536,0.9040120840072632,Q4 (highest)
0.5101937651634216,0.8198072910308838,Q3
0.4926789700984955,0.8516849279403687,Q4 (highest)
0.54236900806427,0.7740060687065125,Q3
0.607984721660614,0.6398423314094543,Q2
0.5895540118217468,0.7018482089042664,Q2
0.6088967323303223,0.6674622893333435,Q2
0.6773687601089478,0.5051707029342651,Q1 (lowest)
0.6744529604911804,0.5051707029342651,Q1 (lowest)
0.6567590832710266,0.5519110560417175,Q2
0.683731734752655,0.49359914660453796,Q1 (lowest)
0.654521644115448,0.5672358274459839,Q2
0.5536753535270691,0.7796127796173096,Q3
0.48509320616722107,0.9142053723335266,Q4 (highest)
0.56805419921875,0.7445651888847351,Q3
0.5905776023864746,0.6983917355537415,Q2
0.732274055480957,0.40673673152923584,Q1 (lowest)
0.7484127879142761,0.3102080523967743,Q1 (lowest)
0.7460483908653259,0.31075870990753174,Q1 (lowest)
0.757342517375946,0.27833959460258484,Q1 (lowest)
0.7731204628944397,0.2403699904680252,Q1 (lowest)
0.7431011199951172,0.3257991373538971,Q1 (lowest)
0.6229796409606934,0.6550039052963257,Q2
0.5416149497032166,0.7991153001785278,Q3
0.6086584329605103,0.6510543823242188,Q2
0.7168004512786865,0.464913010597229,Q1 (lowest)
0.7462394833564758,0.32505202293395996,Q1 (lowest)
0.7493555545806885,0.3459492325782776,Q1 (lowest)
0.7226375937461853,0.3962295651435852,Q1 (lowest)
0.6653673648834229,0.5510374307632446,Q2
0.5433351993560791,0.7817933559417725,Q3
0.5179774165153503,0.8451953530311584,Q3
0.5538861155509949,0.7724938988685608,Q3
0.5671736598014832,0.7548712491989136,Q3
0.5578506588935852,0.7548712491989136,Q3
0.6367079019546509,0.6398423314094543,Q2
0.7100473046302795,0.4628252387046814,Q1 (lowest)
0.746471643447876,0.33181947469711304,Q1 (lowest)
0.7040691375732422,0.4539603590965271,Q1 (lowest)
0.6505137085914612,0.5760377049446106,Q2
0.5487622022628784,0.7936190962791443,Q3
0.6131629943847656,0.6728296279907227,Q2
0.7120704650878906,0.48566901683807373,Q1 (lowest)
0.5404130220413208,0.8018283843994141,Q3
0.5376818776130676,0.8264527916908264,Q3
0.6640950441360474,0.5794801712036133,Q2
0.6922572255134583,0.4778327941894531,Q1 (lowest)
0.6735434532165527,0.5277606248855591,Q1 (lowest)
0.7104601860046387,0.4778327941894531,Q1 (lowest)
0.7226197123527527,0.4109605848789215,Q1 (lowest)
0.7135796546936035,0.415814071893692,Q1 (lowest)
0.7376070618629456,0.3636769652366638,Q1 (lowest)
0.7684013247489929,0.28794336318969727,Q1 (lowest)
0.779423713684082,0.21584290266036987,Q1 (lowest)
0.7865768074989319,0.17679618299007416,Q1 (lowest)
0.7947799563407898,0.1603735387325287,Q1 (lowest)
0.7886365056037903,0.14138735830783844,Q1 (lowest)
0.7724894881248474,0.21337099373340607,Q1 (lowest)
0.7592964768409729,0.26211017370224,Q1 (lowest)
0.7615413069725037,0.297050416469574,Q1 (lowest)
0.7750776410102844,0.3027319312095642,Q1 (lowest)
0.7750970721244812,0.27613893151283264,Q1 (lowest)
0.7749423980712891,0.23015351593494415,Q1 (lowest)
0.7874740958213806,0.18035365641117096,Q1 (lowest)
0.783133327960968,0.16341948509216309,Q1 (lowest)
0.793661892414093,0.17341656982898712,Q1 (lowest)
0.7864212393760681,0.171199232339859,Q1 (lowest)
0.785927951335907,0.1570831835269928,Q1 (lowest)
0.7966009974479675,0.13496044278144836,Q1 (lowest)
0.7842738628387451,0.17648877203464508,Q1 (lowest)
0.7745906710624695,0.23956677317619324,Q1 (lowest)
0.7712821364402771,0.3142205476760864,Q1 (lowest)
0.7216656804084778,0.3933458626270294,Q1 (lowest)
0.697437584400177,0.45098358392715454,Q1 (lowest)
0.6437567472457886,0.5837299823760986,Q2
0.6248351335525513,0.6449520587921143,Q2
0.6551524996757507,0.5515028834342957,Q2
0.7331658601760864,0.4159631133079529,Q1 (lowest)
0.738444447517395,0.438262015581131,Q1 (lowest)
0.6946024894714355,0.551736056804657,Q2
0.6166633367538452,0.6515318155288696,Q2
0.6508978009223938,0.5850977897644043,Q2
0.7363337278366089,0.4496707320213318,Q1 (lowest)
0.7181167006492615,0.5019869208335876,Q1 (lowest)
0.5972265601158142,0.6888575553894043,Q2
0.5208218693733215,0.8399393558502197,Q3
0.5471052527427673,0.8093230724334717,Q3
0.6633438467979431,0.5978397130966187,Q2
0.7215080261230469,0.43782833218574524,Q1 (lowest)
0.6936132311820984,0.547579288482666,Q2
0.6857280135154724,0.5694488883018494,Q2
0.7135671377182007,0.4808237850666046,Q1 (lowest)
0.6893131732940674,0.48723918199539185,Q1 (lowest)
0.635539710521698,0.5892571210861206,Q2
0.5597672462463379,0.7530254125595093,Q3
0.5699309706687927,0.7445651888847351,Q3
0.4838978350162506,0.9045772552490234,Q4 (highest)
0.6367608904838562,0.6541300415992737,Q2
0.6776764988899231,0.5757097601890564,Q2
0.6405035853385925,0.5772228240966797,Q2
0.7076539397239685,0.5123639106750488,Q1 (lowest)
0.6774467825889587,0.5417194962501526,Q1 (lowest)
0.5622528195381165,0.7530254125595093,Q3
0.5150376558303833,0.8464655876159668,Q4 (highest)
0.5788024663925171,0.72185218334198,Q2
0.6445406079292297,0.6272785663604736,Q2
0.6106633543968201,0.6908431053161621,Q2
0.6144987344741821,0.6908431053161621,Q2
0.6051427721977234,0.6859754323959351,Q2
0.591878354549408,0.6897892355918884,Q2
0.5417248606681824,0.7988914847373962,Q3
0.4597301483154297,0.9454799890518188,Q4 (highest)
0.5184794664382935,0.8493732810020447,Q4 (highest)
0.5015634894371033,0.8585532903671265,Q4 (highest)
0.4906737506389618,0.8949404954910278,Q4 (highest)
0.4655848443508148,0.9349380135536194,Q4 (highest)
0.5922353863716125,0.6865482926368713,Q2
0.6714329719543457,0.5332310795783997,Q1 (lowest)
0.6489931344985962,0.5827100872993469,Q2
0.7076020240783691,0.5068517327308655,Q1 (lowest)
0.6956353783607483,0.4765758216381073,Q1 (lowest)
0.6119104623794556,0.6674622893333435,Q2
0.537867546081543,0.7988914847373962,Q3
0.6160002946853638,0.6425631642341614,Q2
0.6384384036064148,0.6154595613479614,Q2
0.4945550858974457,0.8821795582771301,Q4 (highest)
0.5156113505363464,0.8448798656463623,Q3
0.46279793977737427,0.9454799890518188,Q4 (highest)
0.5545223951339722,0.7548712491989136,Q3
0.6684724688529968,0.5216744542121887,Q1 (lowest)
0.7275144457817078,0.4410534203052521,Q1 (lowest)
0.6983677744865417,0.4458872079849243,Q1 (lowest)
0.6990196108818054,0.44703570008277893,Q1 (lowest)
0.7261883616447449,0.3867574632167816,Q1 (lowest)
0.7462167739868164,0.3388804495334625,Q1 (lowest)
0.7559869289398193,0.30007797479629517,Q1 (lowest)
0.725084662437439,0.3904792070388794,Q1 (lowest)
0.6911934018135071,0.49948403239250183,Q1 (lowest)
0.6658654808998108,0.5552061200141907,Q2
0.634479284286499,0.6010796427726746,Q2
0.6740357279777527,0.5128943920135498,Q1 (lowest)
0.7255998849868774,0.3859657049179077,Q1 (lowest)
0.7579520344734192,0.2777933180332184,Q1 (lowest)
0.7312683463096619,0.37363800406455994,Q1 (lowest)
0.6793568730354309,0.5309516191482544,Q1 (lowest)
0.5825037956237793,0.72185218334198,Q2
0.45972320437431335,0.9535431861877441,Q4 (highest)
0.58395916223526,0.6983917355537415,Q2
0.6884188055992126,0.4852045774459839,Q1 (lowest)
0.7286946773529053,0.3699531555175781,Q1 (lowest)
0.6624906063079834,0.5331777334213257,Q1 (lowest)
0.5608247518539429,0.7589714527130127,Q3
0.5185860991477966,0.8399393558502197,Q3
0.5633835196495056,0.7548712491989136,Q3
0.6600801348686218,0.5788136720657349,Q2
0.7406722903251648,0.41192156076431274,Q1 (lowest)
0.6472228169441223,0.5958768129348755,Q2
0.5105812549591064,0.8585532903671265,Q4 (highest)
0.5140039920806885,0.8390346169471741,Q3
0.6611563563346863,0.5869590044021606,Q2
0.7215120196342468,0.4075056314468384,Q1 (lowest)
0.7426576018333435,0.3645377457141876,Q1 (lowest)
0.7572770118713379,0.2861075699329376,Q1 (lowest)
0.7624353766441345,0.26152071356773376,Q1 (lowest)
0.7660350203514099,0.2655452489852905,Q1 (lowest)
0.765380322933197,0.27151456475257874,Q1 (lowest)
0.7810637354850769,0.25170382857322693,Q1 (lowest)
0.7846443057060242,0.2287718802690506,Q1 (lowest)
0.786212146282196,0.1961749792098999,Q1 (lowest)
0.7827515602111816,0.20505084097385406,Q1 (lowest)
0.774382472038269,0.2774800956249237,Q1 (lowest)
0.7369958758354187,0.35885924100875854,Q1 (lowest)
0.7264482975006104,0.4253363311290741,Q1 (lowest)
0.7191535830497742,0.43703025579452515,Q1 (lowest)
0.7301811575889587,0.3845439553260803,Q1 (lowest)
0.7487830519676208,0.3043162226676941,Q1 (lowest)
0.7813109159469604,0.22757796943187714,Q1 (lowest)
0.7784098982810974,0.2328587919473648,Q1 (lowest)
0.7842361330986023,0.2508689761161804,Q1 (lowest)
0.7664245963096619,0.2468205690383911,Q1 (lowest)
0.776158332824707,0.2217523455619812,Q1 (lowest)
0.789488673210144,0.1846562623977661,Q1 (lowest)
0.7841333746910095,0.1456197202205658,Q1 (lowest)
0.7892235517501831,0.18620572984218597,Q1 (lowest)
0.773681104183197,0.2354951947927475,Q1 (lowest)
0.7544531226158142,0.2835697531700134,Q1 (lowest)
0.7474910616874695,0.34712082147598267,Q1 (lowest)
0.7201106548309326,0.4205476939678192,Q1 (lowest)
0.7246946692466736,0.4457484781742096,Q1 (lowest)
0.6886703968048096,0.5061497092247009,Q1 (lowest)
0.6734654903411865,0.51082843542099,Q1 (lowest)
0.6706002950668335,0.5810887217521667,Q2
0.6127507090568542,0.7110482454299927,Q2
0.49059534072875977,0.9307215809822083,Q4 (highest)
0.6252545714378357,0.7189524173736572,Q2
0.7005904912948608,0.49786221981048584,Q1 (lowest)
0.6836032271385193,0.5351591110229492,Q1 (lowest)
0.4751149117946625,0.9080520272254944,Q4 (highest)
0.5279278755187988,0.8132243156433105,Q3
0.61346834897995,0.6965662837028503,Q2
0.7086268067359924,0.4890791177749634,Q1 (lowest)
0.7406956553459167,0.3627975881099701,Q1 (lowest)
0.7359447479248047,0.3859911859035492,Q1 (lowest)
0.7274535298347473,0.3954777419567108,Q1 (lowest)
0.7392728924751282,0.3522460162639618,Q1 (lowest)
0.6967732906341553,0.4632789194583893,Q1 (lowest)
0.6324567198753357,0.646996259689331,Q2
0.581372857093811,0.752858579158783,Q3
0.6765993237495422,0.6061149835586548,Q2
0.7369366884231567,0.43455666303634644,Q1 (lowest)
0.7351655960083008,0.39872100949287415,Q1 (lowest)
0.6129608154296875,0.6834751963615417,Q2
0.567867636680603,0.7555475234985352,Q3
0.5001103281974792,0.8876386284828186,Q4 (highest)
0.5899046659469604,0.6842671632766724,Q2
0.5732747316360474,0.7339527606964111,Q3
0.49332037568092346,0.8839653134346008,Q4 (highest)
0.512363851070404,0.8451953530311584,Q3
0.4578566253185272,0.9603790640830994,Q4 (highest)
0.4831162095069885,0.9034509062767029,Q4 (highest)
0.4966011047363281,0.8737016320228577,Q4 (highest)
0.5132389664649963,0.8354789614677429,Q3
0.5491961240768433,0.757764995098114,Q3
0.5822567343711853,0.7052440643310547,Q2
0.5160776972770691,0.837540864944458,Q3
0.5353807806968689,0.7979995608329773,Q3
0.5931691527366638,0.677584707736969,Q2
0.5956660509109497,0.6965662837028503,Q2
0.5170143246650696,0.8402424454689026,Q3
0.6146696209907532,0.6391230821609497,Q2
0.5854816436767578,0.696082592010498,Q2
0.5011163353919983,0.8704970479011536,Q4 (highest)
0.5279922485351562,0.8162235021591187,Q3
0.5700926780700684,0.7487420439720154,Q3
0.5000810027122498,0.8799922466278076,Q4 (highest)
0.5191942453384399,0.8426939845085144,Q3
0.5995588302612305,0.6860898733139038,Q2
0.6537889838218689,0.6058868765830994,Q2
0.6274859309196472,0.633461058139801,Q2
0.6181176900863647,0.6363603472709656,Q2
0.6740115284919739,0.5176324248313904,Q1 (lowest)
0.6853597164154053,0.486346572637558,Q1 (lowest)
0.7120227217674255,0.40939822793006897,Q1 (lowest)
0.7371994853019714,0.3494456112384796,Q1 (lowest)
0.6897470951080322,0.5035495758056641,Q1 (lowest)
0.5858549475669861,0.7179962396621704,Q2
0.5037053227424622,0.8603366017341614,Q4 (highest)
0.6192319393157959,0.6328514814376831,Q2
0.7196645736694336,0.4411211609840393,Q1 (lowest)
0.7500990033149719,0.3057534992694855,Q1 (lowest)
0.7446280717849731,0.32136455178260803,Q1 (lowest)
0.7101035118103027,0.42798125743865967,Q1 (lowest)
0.6886496543884277,0.5261576771736145,Q1 (lowest)
0.6313473582267761,0.6240081191062927,Q2
0.6166336536407471,0.6596322059631348,Q2
0.5839918851852417,0.7253672480583191,Q2
0.49549850821495056,0.877429187297821,Q4 (highest)
0.6456037759780884,0.6417429447174072,Q2
0.7021714448928833,0.4542134702205658,Q1 (lowest)
0.7368997931480408,0.3616540729999542,Q1 (lowest)
0.6932545900344849,0.5146887898445129,Q1 (lowest)
0.5808651447296143,0.705498218536377,Q2
0.5694442987442017,0.7589714527130127,Q3
0.6753827929496765,0.5760377049446106,Q2
0.7030946016311646,0.45309507846832275,Q1 (lowest)
0.7267038226127625,0.3892304599285126,Q1 (lowest)
0.6813679933547974,0.5435047745704651,Q2
0.5753798484802246,0.7282307147979736,Q2
0.566319465637207,0.7653210759162903,Q3
0.6536645293235779,0.5698306560516357,Q2
0.7156781554222107,0.4010244905948639,Q1 (lowest)
0.7556374073028564,0.27924516797065735,Q1 (lowest)
0.7754439115524292,0.23980937898159027,Q1 (lowest)
0.7747238874435425,0.20905913412570953,Q1 (lowest)
0.7620502710342407,0.25550320744514465,Q1 (lowest)
0.7225571274757385,0.38071349263191223,Q1 (lowest)
0.7473592162132263,0.39260533452033997,Q1 (lowest)
0.7616816759109497,0.355069100856781,Q1 (lowest)
0.745043933391571,0.3232433497905731,Q1 (lowest)
0.763646125793457,0.2661127746105194,Q1 (lowest)
0.7855481505393982,0.23956677317619324,Q1 (lowest)
0.7674267888069153,0.33829084038734436,Q1 (lowest)
0.7265604138374329,0.46648353338241577,Q1 (lowest)
0.6610709428787231,0.5993795990943909,Q2
0.6342640519142151,0.6280410289764404,Q2
0.6767468452453613,0.5133777856826782,Q1 (lowest)
0.737949013710022,0.3779827952384949,Q1 (lowest)
0.7659581899642944,0.27584248781204224,Q1 (lowest)
0.74649977684021,0.3283748924732208,Q1 (lowest)
0.7469679713249207,0.36270764470100403,Q1 (lowest)
0.7329573035240173,0.354789137840271,Q1 (lowest)
0.7622079253196716,0.30825379490852356,Q1 (lowest)
0.7772009968757629,0.24572689831256866,Q1 (lowest)
0.7843232154846191,0.18602482974529266,Q1 (lowest)
0.7900888323783875,0.1405506283044815,Q1 (lowest)
0.7814404368400574,0.17240706086158752,Q1 (lowest)
0.7740297317504883,0.20594067871570587,Q1 (lowest)
0.7343156933784485,0.3743072748184204,Q1 (lowest)
0.673644483089447,0.5289579033851624,Q1 (lowest)
0.5829996466636658,0.7079295516014099,Q2
0.5727802515029907,0.721157431602478,Q2
0.6386796832084656,0.6522021293640137,Q2
0.479606956243515,0.936711847782135,Q4 (highest)
0.5730429887771606,0.7919024229049683,Q3
0.6633527874946594,0.6363603472709656,Q2
0.7090297341346741,0.4663682281970978,Q1 (lowest)
0.6313424706459045,0.6177843809127808,Q2
0.49648866057395935,0.8643630146980286,Q4 (highest)
0.45498666167259216,0.9444308280944824,Q4 (highest)
0.4672327935695648,0.9017894268035889,Q4 (highest)
0.4732040464878082,0.924513578414917,Q4 (highest)
0.4806617200374603,0.9086459875106812,Q4 (highest)
0.4529467523097992,0.9669219255447388,Q4 (highest)
0.5985835790634155,0.7002353072166443,Q2
0.6518893837928772,0.5642391443252563,Q2
0.7045101523399353,0.49452412128448486,Q1 (lowest)
0.7226770520210266,0.47641420364379883,Q1 (lowest)
0.7124939560890198,0.46072158217430115,Q1 (lowest)
0.7273921370506287,0.42887082695961,Q1 (lowest)
0.6937160491943359,0.47836217284202576,Q1 (lowest)
0.5880479216575623,0.6866630911827087,Q2
0.49913954734802246,0.8939325213432312,Q4 (highest)
0.5881417989730835,0.7101330757141113,Q2
0.6645681262016296,0.5784148573875427,Q2
0.7321315407752991,0.46237263083457947,Q1 (lowest)
0.7486120462417603,0.36085113883018494,Q1 (lowest)
0.7668473720550537,0.2855767011642456,Q1 (lowest)
0.6857175827026367,0.4998461604118347,Q1 (lowest)
0.6173383593559265,0.6669440865516663,Q2
0.4981740117073059,0.8839653134346008,Q4 (highest)
0.48772478103637695,0.8990909457206726,Q4 (highest)
0.5452768206596375,0.789994478225708,Q3
0.5135641694068909,0.8533643484115601,Q4 (highest)
0.4809420704841614,0.9080520272254944,Q4 (highest)
0.511294960975647,0.8533643484115601,Q4 (highest)
0.5570025444030762,0.7633544206619263,Q3
0.5431168079376221,0.7868671417236328,Q3
0.4721406102180481,0.9223278760910034,Q4 (highest)
0.5126429796218872,0.8464655876159668,Q4 (highest)
0.4657115042209625,0.9086459875106812,Q4 (highest)
0.5047245025634766,0.8464655876159668,Q4 (highest)
0.5214720964431763,0.8264527916908264,Q3
0.49842768907546997,0.8732956051826477,Q4 (highest)
0.46874186396598816,0.934070885181427,Q4 (highest)
0.549583375453949,0.7854294180870056,Q3
0.5392510294914246,0.7968922853469849,Q3
0.5238850712776184,0.8557568192481995,Q4 (highest)
0.5154142379760742,0.8464655876159668,Q4 (highest)
0.5872346758842468,0.6988815665245056,Q2
0.634880542755127,0.6236756443977356,Q2
0.6082423329353333,0.6552960276603699,Q2
0.5912919044494629,0.6969299912452698,Q2
0.6882402896881104,0.5557405948638916,Q2
0.5811367034912109,0.7146223187446594,Q2
0.4925895631313324,0.8835157752037048,Q4 (highest)
0.45849037170410156,0.9548220038414001,Q4 (highest)
0.5852591395378113,0.7222703099250793,Q2
0.5341001749038696,0.8343155384063721,Q3
0.5030244588851929,0.8720870614051819,Q4 (highest)
0.6000763177871704,0.6897892355918884,Q2
0.6768718957901001,0.5230395793914795,Q1 (lowest)
0.7252392768859863,0.3731377124786377,Q1 (lowest)
0.6869984269142151,0.490286260843277,Q1 (lowest)
0.6124470829963684,0.681454062461853,Q2
0.5438270568847656,0.7827948331832886,Q3
0.652356743812561,0.6085648536682129,Q2
0.7217075228691101,0.43130597472190857,Q1 (lowest)
0.7597290873527527,0.30100515484809875,Q1 (lowest)
0.7696391940116882,0.25364354252815247,Q1 (lowest)
0.7434589266777039,0.317876935005188,Q1 (lowest)
0.6993711590766907,0.4583069682121277,Q1 (lowest)
0.6525300145149231,0.5659193992614746,Q2
0.634964644908905,0.614584743976593,Q2
0.6717315316200256,0.5215737223625183,Q1 (lowest)
0.7350816130638123,0.3919728696346283,Q1 (lowest)
0.7633563280105591,0.31237098574638367,Q1 (lowest)
0.7100195288658142,0.4180610179901123,Q1 (lowest)
0.6736131906509399,0.5146887898445129,Q1 (lowest)
0.6999943256378174,0.5331777334213257,Q1 (lowest)
0.7066833972930908,0.4539603590965271,Q1 (lowest)
0.7462192177772522,0.3461132049560547,Q1 (lowest)
0.7450733184814453,0.3243262767791748,Q1 (lowest)
0.7116808891296387,0.43153178691864014,Q1 (lowest)
0.6834476590156555,0.5298475027084351,Q1 (lowest)
0.6659984588623047,0.5423313975334167,Q1 (lowest)
0.7125717997550964,0.4552654027938843,Q1 (lowest)
0.7616727352142334,0.3441554605960846,Q1 (lowest)
0.7707709670066833,0.24924729764461517,Q1 (lowest)
0.7782163023948669,0.17710447311401367,Q1 (lowest)
0.7727140784263611,0.2280135303735733,Q1 (lowest)
0.7638846635818481,0.31834831833839417,Q1 (lowest)
0.732764482498169,0.43095162510871887,Q1 (lowest)
0.6610608100891113,0.5395093560218811,Q1 (lowest)
0.6729930639266968,0.5667961239814758,Q2
0.6889592409133911,0.5129426717758179,Q1 (lowest)
0.7199817895889282,0.44682636857032776,Q1 (lowest)
0.735844612121582,0.3460516929626465,Q1 (lowest)
0.7638618350028992,0.3278566300868988,Q1 (lowest)
0.7424272298812866,0.38071349263191223,Q1 (lowest)
0.7040199637413025,0.5395093560218811,Q1 (lowest)
0.5667865872383118,0.7719305753707886,Q3
0.506553590297699,0.8639907836914062,Q4 (highest)
0.6465277075767517,0.6068010330200195,Q2
0.7031356692314148,0.46437957882881165,Q1 (lowest)
0.7453800439834595,0.34776127338409424,Q1 (lowest)
0.6969923973083496,0.45209020376205444,Q1 (lowest)
0.6676255464553833,0.5235984325408936,Q1 (lowest)
0.7407013773918152,0.41462627053260803,Q1 (lowest)
0.7572636008262634,0.3115461766719818,Q1 (lowest)
0.7792600393295288,0.22546836733818054,Q1 (lowest)
0.7819039225578308,0.16030193865299225,Q1 (lowest)
0.7829126715660095,0.15877756476402283,Q1 (lowest)
0.7752385139465332,0.215648353099823,Q1 (lowest)
0.7711905837059021,0.2829064428806305,Q1 (lowest)
0.7213553786277771,0.38824763894081116,Q1 (lowest)
0.6543771028518677,0.560553789138794,Q2
0.5467163920402527,0.8018283843994141,Q3
0.5251583456993103,0.8264527916908264,Q3
0.6527800559997559,0.6595325469970703,Q2
0.47530698776245117,0.9454799890518188,Q4 (highest)
0.536856472492218,0.8464655876159668,Q4 (highest)
0.6541435122489929,0.5886277556419373,Q2
0.6999467015266418,0.4795072078704834,Q1 (lowest)
0.5986757278442383,0.6648849844932556,Q2
0.4383983612060547,0.9161525368690491,Q4 (highest)
0.5196412801742554,0.7696968913078308,Q3
0.5252912640571594,0.8261805176734924,Q3
0.5302703380584717,0.8110164999961853,Q3
0.4590786099433899,0.9535431861877441,Q4 (highest)
0.5290914177894592,0.810046374797821,Q3
0.48784923553466797,0.8954487442970276,Q4 (highest)
0.542362630367279,0.8110164999961853,Q3
0.5837480425834656,0.7089632749557495,Q2
0.6088589429855347,0.6753004193305969,Q2
0.6368645429611206,0.6662208437919617,Q2
0.6271713376045227,0.612925112247467,Q2
0.6511992812156677,0.5581932663917542,Q2
0.6704689860343933,0.5482663512229919,Q2
0.657463014125824,0.6174620985984802,Q2
0.6795908808708191,0.5590375065803528,Q2
0.7119789123535156,0.4589357376098633,Q1 (lowest)
0.715235710144043,0.5101126432418823,Q1 (lowest)
0.7282825708389282,0.4736860692501068,Q1 (lowest)
0.7535784840583801,0.3800703287124634,Q1 (lowest)
0.7210877537727356,0.39537060260772705,Q1 (lowest)
0.6711841225624084,0.5397292971611023,Q1 (lowest)
0.615872323513031,0.6816775798797607,Q2
0.48894959688186646,0.8939325213432312,Q4 (highest)
0.5147659182548523,0.8402424454689026,Q3
0.5088853240013123,0.854383647441864,Q4 (highest)
0.49099475145339966,0.9017894268035889,Q4 (highest)
0.562808632850647,0.7414208650588989,Q3
0.4675825238227844,0.9385421276092529,Q4 (highest)
0.6197003722190857,0.6384958624839783,Q2
0.47447648644447327,0.9237772822380066,Q4 (highest)
0.5496843457221985,0.755378246307373,Q3
0.43363437056541443,0.9444308280944824,Q4 (highest)
0.4846740663051605,0.8821795582771301,Q4 (highest)
0.4653330445289612,0.9414055943489075,Q4 (highest)
0.48061490058898926,0.9161525368690491,Q4 (highest)
0.4970882833003998,0.8741092085838318,Q4 (highest)
0.49806642532348633,0.877429187297821,Q4 (highest)
0.5194806456565857,0.8426939845085144,Q3
0.4776834547519684,0.9135674834251404,Q4 (highest)
0.4821639955043793,0.9142053723335266,Q4 (highest)
0.4864984452724457,0.8990909457206726,Q4 (highest)
0.5705533027648926,0.7476072907447815,Q3
0.6615303754806519,0.5900992751121521,Q2
0.7044699788093567,0.5383585095405579,Q1 (lowest)
0.7279473543167114,0.42839372158050537,Q1 (lowest)
0.5726420283317566,0.7253672480583191,Q2
0.4565790295600891,0.9651642441749573,Q4 (highest)
0.5525035858154297,0.7724938988685608,Q3
0.5150500535964966,0.8354789614677429,Q3
0.5361509919166565,0.8221619725227356,Q3
0.647301971912384,0.5698306560516357,Q2
0.7014220356941223,0.4435756206512451,Q1 (lowest)
0.6894515752792358,0.4769399166107178,Q1 (lowest)
0.6780914664268494,0.5081687569618225,Q1 (lowest)
0.6909884810447693,0.5437850952148438,Q2
0.701703667640686,0.47384557127952576,Q1 (lowest)
0.7401465773582458,0.3645377457141876,Q1 (lowest)
0.7640867233276367,0.2661001682281494,Q1 (lowest)
0.7810152769088745,0.22963252663612366,Q1 (lowest)
0.76813805103302,0.23007477819919586,Q1 (lowest)
0.758253276348114,0.272855669260025,Q1 (lowest)
0.7547709345817566,0.309626042842865,Q1 (lowest)
0.7385590672492981,0.3376641571521759,Q1 (lowest)
0.716045081615448,0.4048137068748474,Q1 (lowest)
0.7128869891166687,0.4253675937652588,Q1 (lowest)
0.7253665328025818,0.38373634219169617,Q1 (lowest)
0.7548937797546387,0.30917835235595703,Q1 (lowest)
0.7777881026268005,0.24773277342319489,Q1 (lowest)
0.7641593813896179,0.31237098574638367,Q1 (lowest)
0.7338933348655701,0.3616540729999542,Q1 (lowest)
0.7513975501060486,0.3699531555175781,Q1 (lowest)
0.7572402358055115,0.33181947469711304,Q1 (lowest)
0.7577167749404907,0.26952460408210754,Q1 (lowest)
0.7756297588348389,0.2557152211666107,Q1 (lowest)
0.746362566947937,0.3221672773361206,Q1 (lowest)
0.745062530040741,0.3715739846229553,Q1 (lowest)
0.7301826477050781,0.3771056830883026,Q1 (lowest)
0.7657793760299683,0.2699905037879944,Q1 (lowest)
0.7741612195968628,0.205295130610466,Q1 (lowest)
0.7900803089141846,0.17405928671360016,Q1 (lowest)
0.7698535323143005,0.25129151344299316,Q1 (lowest)
0.7351282835006714,0.3620568513870239,Q1 (lowest)
0.6734954714775085,0.5188218355178833,Q1 (lowest)
0.5746791958808899,0.7256515622138977,Q2
0.5473966598510742,0.810046374797821,Q3
0.5722528696060181,0.7371137142181396,Q3
0.6586297154426575,0.5802158713340759,Q2
0.7140645384788513,0.4912831783294678,Q1 (lowest)
0.7243714332580566,0.4657159745693207,Q1 (lowest)
0.7332656383514404,0.39165741205215454,Q1 (lowest)
0.6735846996307373,0.5645492672920227,Q2
0.5348815321922302,0.8016003370285034,Q3
0.6796810626983643,0.5412755608558655,Q1 (lowest)
0.7271812558174133,0.41501152515411377,Q1 (lowest)
0.6612270474433899,0.5813580751419067,Q2
0.5912681818008423,0.6993726491928101,Q2
0.7107312679290771,0.5155185461044312,Q1 (lowest)
0.7429727911949158,0.3635188043117523,Q1 (lowest)
0.771815299987793,0.264992356300354,Q1 (lowest)
0.7790353894233704,0.19650094211101532,Q1 (lowest)
0.7765070199966431,0.18615005910396576,Q1 (lowest)
0.7701234221458435,0.2620609402656555,Q1 (lowest)
0.7472680807113647,0.36169877648353577,Q1 (lowest)
0.6965727806091309,0.4767375886440277,Q1 (lowest)
0.6788411736488342,0.5595215559005737,Q2
0.6686166524887085,0.6052796840667725,Q2
0.6702415943145752,0.612925112247467,Q2
0.6157664656639099,0.7305554747581482,Q3
0.4602106213569641,0.9842681884765625,Q4 (highest)
0.5110706686973572,0.8741092085838318,Q4 (highest)
0.6051619052886963,0.6603310108184814,Q2
0.654110312461853,0.5820329785346985,Q2
0.5726437568664551,0.7214349508285522,Q2
0.48998138308525085,0.8354789614677429,Q3
0.4755292534828186,0.9181523323059082,Q4 (highest)
0.47922879457473755,0.911685049533844,Q4 (highest)
0.44979602098464966,0.9752398133277893,Q4 (highest)
0.46566057205200195,0.9454799890518188,Q4 (highest)
0.5666053295135498,0.7633544206619263,Q3
0.6851927638053894,0.5491858720779419,Q2
0.7436665296554565,0.4264969527721405,Q1 (lowest)
0.7277835011482239,0.4402759373188019,Q1 (lowest)
0.6401001811027527,0.6091820597648621,Q2
0.586378276348114,0.73818039894104,Q3
0.6481367349624634,0.6412887573242188,Q2
0.6971590518951416,0.46849316358566284,Q1 (lowest)
0.7163883447647095,0.41344568133354187,Q1 (lowest)
0.6708113551139832,0.5445722341537476,Q2
0.623146653175354,0.6298313140869141,Q2
0.5216590762138367,0.8286513686180115,Q3
0.5328112244606018,0.80046546459198,Q3
0.5150500535964966,0.8354789614677429,Q3
0.5338757038116455,0.7968922853469849,Q3
0.589827835559845,0.6830241680145264,Q2
0.5561203360557556,0.7530254125595093,Q3
0.596480667591095,0.6832495331764221,Q2
0.5869013667106628,0.6820132732391357,Q2
0.5810002088546753,0.6934443712234497,Q2
0.44674989581108093,0.934070885181427,Q4 (highest)
0.4760158658027649,0.8835157752037048,Q4 (highest)
0.5785605311393738,0.7074150443077087,Q2
0.563804566860199,0.7374178767204285,Q3
0.472807377576828,0.9307215809822083,Q4 (highest)
0.6189692616462708,0.6515318155288696,Q2
0.6060978770256042,0.7052440643310547,Q2
0.4559393525123596,0.9603790640830994,Q4 (highest)
0.6105740666389465,0.7079295516014099,Q2
0.5338757038116455,0.7968922853469849,Q3
0.4874570965766907,0.9034509062767029,Q4 (highest)
0.6667071580886841,0.6243410706520081,Q2
0.7421908378601074,0.4312737286090851,Q1 (lowest)
0.7294856905937195,0.3980679214000702,Q1 (lowest)
0.6480832099914551,0.5756441950798035,Q2
0.5277764201164246,0.8286513686180115,Q3
0.5016589760780334,0.8704970479011536,Q4 (highest)
0.5936667323112488,0.7038528919219971,Q2
0.5644318461418152,0.7464801669120789,Q3
0.5109759569168091,0.8526896834373474,Q4 (highest)
0.5726437568664551,0.7214349508285522,Q2
0.613059401512146,0.6486847996711731,Q2
0.6226176023483276,0.6240081191062927,Q2
0.5952139496803284,0.6902568936347961,Q2
0.6543156504631042,0.5878612399101257,Q2
0.7263975143432617,0.43703025579452515,Q1 (lowest)
0.7540099024772644,0.3433460295200348,Q1 (lowest)
0.7531535625457764,0.3284490406513214,Q1 (lowest)
0.7557926774024963,0.3485495150089264,Q1 (lowest)
0.757621705532074,0.32724785804748535,Q1 (lowest)
0.7675564289093018,0.2758693993091583,Q1 (lowest)
0.778476893901825,0.21638384461402893,Q1 (lowest)
0.7747513651847839,0.2153482735157013,Q1 (lowest)
0.7744249701499939,0.2478109449148178,Q1 (lowest)
0.7598336935043335,0.2839096188545227,Q1 (lowest)
0.7527714967727661,0.2967890799045563,Q1 (lowest)
0.752628743648529,0.32730311155319214,Q1 (lowest)
0.7632976770401001,0.3207428455352783,Q1 (lowest)
0.7621402144432068,0.28087735176086426,Q1 (lowest)
0.7877406477928162,0.22646154463291168,Q1 (lowest)
0.7840859293937683,0.25184154510498047,Q1 (lowest)
0.770489513874054,0.25606927275657654,Q1 (lowest)
0.7864214777946472,0.23606963455677032,Q1 (lowest)
0.7831963300704956,0.2002629041671753,Q1 (lowest)
0.77781742811203,0.1927708238363266,Q1 (lowest)
0.7691258192062378,0.23208749294281006,Q1 (lowest)
0.7653254866600037,0.2584635019302368,Q1 (lowest)
0.7665942907333374,0.26126351952552795,Q1 (lowest)
0.7727596163749695,0.23918789625167847,Q1 (lowest)
0.7801417112350464,0.201585054397583,Q1 (lowest)
0.7932373285293579,0.16004358232021332,Q1 (lowest)
0.7805092930793762,0.1744605302810669,Q1 (lowest)
0.7645754218101501,0.2520253360271454,Q1 (lowest)
0.7408795952796936,0.36349624395370483,Q1 (lowest)
0.6683171987533569,0.5220275521278381,Q1 (lowest)
0.5695013999938965,0.73499995470047,Q3
0.5296825766563416,0.8264527916908264,Q3
0.48894959688186646,0.8939325213432312,Q4 (highest)
0.6179372668266296,0.6283807754516602,Q2
0.6115304231643677,0.7079295516014099,Q2
0.653757631778717,0.6407451033592224,Q2
0.7043346762657166,0.5240567922592163,Q1 (lowest)
0.7093436121940613,0.47738587856292725,Q1 (lowest)
0.6495141386985779,0.5954431295394897,Q2
0.5634199380874634,0.740179181098938,Q3
0.5920985341072083,0.6993726491928101,Q2
0.6773667931556702,0.5494163632392883,Q2
0.7203838229179382,0.43498316407203674,Q1 (lowest)
0.624116837978363,0.6283807754516602,Q2
0.5487431883811951,0.784613847732544,Q3
0.6873448491096497,0.5807525515556335,Q2
0.7139348387718201,0.446026086807251,Q1 (lowest)
0.7553285956382751,0.32521575689315796,Q1 (lowest)
0.7692833542823792,0.23178820312023163,Q1 (lowest)
0.7808973789215088,0.203153595328331,Q1 (lowest)
0.7508568167686462,0.29297927021980286,Q1 (lowest)
0.7088475227355957,0.42112845182418823,Q1 (lowest)
0.6413397789001465,0.5990853905677795,Q2
0.5349895358085632,0.7979995608329773,Q3
0.5808601379394531,0.72185218334198,Q2
0.7112380862236023,0.5207692980766296,Q1 (lowest)
0.6258981823921204,0.6926127672195435,Q2
0.5403261184692383,0.8331627249717712,Q3
0.6234586834907532,0.6830241680145264,Q2
0.477358341217041,0.9548220038414001,Q4 (highest)
0.5613872408866882,0.7581087946891785,Q3
0.5876591801643372,0.6888575553894043,Q2
0.45727595686912537,0.934070885181427,Q4 (highest)
0.5798472762107849,0.7143551111221313,Q2
0.553832471370697,0.7772682905197144,Q3
0.5747333765029907,0.7476072907447815,Q3
0.5122297406196594,0.8426939845085144,Q3
0.5761134028434753,0.7719305753707886,Q3
0.5522677302360535,0.7893638014793396,Q3
0.5757402181625366,0.7575933337211609,Q3
0.6720225214958191,0.5472936630249023,Q2
0.7416049838066101,0.3825313448905945,Q1 (lowest)
0.7148186564445496,0.4651421308517456,Q1 (lowest)
0.6235467791557312,0.6715531349182129,Q2
0.4726801812648773,0.9315419793128967,Q4 (highest)
0.5830184817314148,0.7174521684646606,Q2
0.7033962607383728,0.4973691701889038,Q1 (lowest)
0.5474998354911804,0.7691433429718018,Q3
0.5624045729637146,0.7450419664382935,Q3
0.6551519632339478,0.5467237234115601,Q2
0.6733090281486511,0.5044280886650085,Q1 (lowest)
0.5785192251205444,0.7299713492393494,Q3
0.45374950766563416,0.9651642441749573,Q4 (highest)
0.5972696542739868,0.6677738428115845,Q2
0.5456761717796326,0.7796127796173096,Q3
0.49657106399536133,0.8895301222801208,Q4 (highest)
0.5654780268669128,0.7637102603912354,Q3
0.5275378823280334,0.8132243156433105,Q3
0.5069966912269592,0.8402424454689026,Q3
0.5118474364280701,0.8516849279403687,Q4 (highest)
0.5933532118797302,0.6915489435195923,Q2
0.6308051347732544,0.6363603472709656,Q2
0.5779708027839661,0.7189524173736572,Q2
0.6496914029121399,0.5850977897644043,Q2
0.6149612069129944,0.6522021293640137,Q2
0.5778857469558716,0.7304093241691589,Q3
0.5809449553489685,0.7256515622138977,Q2
0.6504812240600586,0.6311200261116028,Q2
0.6170796751976013,0.6741147637367249,Q2
0.6569215655326843,0.5455885529518127,Q2
0.7465271353721619,0.3972006142139435,Q1 (lowest)
0.7229129076004028,0.41703924536705017,Q1 (lowest)
0.6300206184387207,0.6037696599960327,Q2
0.5006427764892578,0.8741092085838318,Q4 (highest)
0.5515009760856628,0.7988914847373962,Q3
0.6856380105018616,0.5644872188568115,Q2
0.6423341035842896,0.6311200261116028,Q2
0.6579752564430237,0.5463825464248657,Q2
0.6192770600318909,0.6283807754516602,Q2
0.5699073672294617,0.7680419087409973,Q3
0.4970303475856781,0.8770081996917725,Q4 (highest)
0.5351436734199524,0.810046374797821,Q3
0.45135536789894104,0.9842681884765625,Q4 (highest)
0.5927565097808838,0.6980251669883728,Q2
0.6921001672744751,0.48231521248817444,Q1 (lowest)
0.7320282459259033,0.36820751428604126,Q1 (lowest)
0.7257058620452881,0.46192100644111633,Q1 (lowest)
0.7069501876831055,0.50461345911026,Q1 (lowest)
0.6977728009223938,0.4594920575618744,Q1 (lowest)
0.7303667664527893,0.3650607764720917,Q1 (lowest)
0.7621400356292725,0.27148836851119995,Q1 (lowest)
0.7841923832893372,0.19584229588508606,Q1 (lowest)
0.7713767886161804,0.23907233774662018,Q1 (lowest)
0.7505198121070862,0.3213823437690735,Q1 (lowest)
0.7127295136451721,0.4109025001525879,Q1 (lowest)
0.6900448203086853,0.4722566306591034,Q1 (lowest)
0.697027862071991,0.45838087797164917,Q1 (lowest)
0.7474494576454163,0.38163265585899353,Q1 (lowest)
0.7772979140281677,0.2913077175617218,Q1 (lowest)
0.7860517501831055,0.21322345733642578,Q1 (lowest)
0.7801234126091003,0.17708514630794525,Q1 (lowest)
0.7875547409057617,0.16599109768867493,Q1 (lowest)
0.7867998480796814,0.14507022500038147,Q1 (lowest)
0.7860503792762756,0.14111515879631042,Q1 (lowest)
0.7817281484603882,0.16448532044887543,Q1 (lowest)
0.7808505892753601,0.17924706637859344,Q1 (lowest)
0.7806357741355896,0.18077141046524048,Q1 (lowest)
0.7906616926193237,0.16853104531764984,Q1 (lowest)
0.7920968532562256,0.146497905254364,Q1 (lowest)
0.7916848063468933,0.12039273977279663,Q1 (lowest)
0.787620484828949,0.16212880611419678,Q1 (lowest)
0.7755700945854187,0.2299271672964096,Q1 (lowest)
0.7640178799629211,0.3218100070953369,Q1 (lowest)
0.7179639935493469,0.4373623728752136,Q1 (lowest)
0.6685084700584412,0.55057293176651,Q2
0.6480423212051392,0.5948663949966431,Q2
0.6107628345489502,0.6399324536323547,Q2
0.6345308423042297,0.6377814412117004,Q2
0.4787074029445648,0.9181523323059082,Q4 (highest)
0.5048114061355591,0.8704970479011536,Q4 (highest)
0.5803571939468384,0.7124958634376526,Q2
0.6689783334732056,0.6199734210968018,Q2
0.6629011631011963,0.5629417896270752,Q2
0.6008812785148621,0.6888575553894043,Q2
0.5989508628845215,0.6915489435195923,Q2
0.6900990009307861,0.48281481862068176,Q1 (lowest)
0.6302327513694763,0.6079496145248413,Q2
0.5120189785957336,0.8526896834373474,Q4 (highest)
0.573659360408783,0.7437736392021179,Q3
0.6814395785331726,0.5248740911483765,Q1 (lowest)
0.7376689314842224,0.3647650182247162,Q1 (lowest)
0.7633944153785706,0.2526704668998718,Q1 (lowest)
0.7829205393791199,0.20440176129341125,Q1 (lowest)
0.7603585124015808,0.29532137513160706,Q1 (lowest)
0.707307755947113,0.425931453704834,Q1 (lowest)
0.6253712773323059,0.6108110547065735,Q2
0.5239173173904419,0.837540864944458,Q3
0.5842491984367371,0.7464801669120789,Q3
0.708012580871582,0.5292191505432129,Q1 (lowest)
0.7092655897140503,0.5259517431259155,Q1 (lowest)
0.689030647277832,0.5766952633857727,Q2
0.6710824370384216,0.6188353896141052,Q2
0.5687623023986816,0.7589714527130127,Q3
0.503203809261322,0.8599777817726135,Q4 (highest)
0.6759281158447266,0.539070188999176,Q1 (lowest)
0.6844972968101501,0.549704909324646,Q2
0.6915979385375977,0.5261576771736145,Q1 (lowest)
0.7068440318107605,0.5114029049873352,Q1 (lowest)
0.6726259589195251,0.6024949550628662,Q2
0.6691163778305054,0.6173816919326782,Q2
0.6569949388504028,0.6271095275878906,Q2
0.560419499874115,0.763888418674469,Q3
0.6396125555038452,0.6619380116462708,Q2
0.6976591348648071,0.5510955452919006,Q2
0.7365635633468628,0.44896459579467773,Q1 (lowest)
0.756537139415741,0.33417996764183044,Q1 (lowest)
0.7201418876647949,0.4152192771434784,Q1 (lowest)
0.6662561297416687,0.5556811094284058,Q2
0.6593040823936462,0.6454147696495056,Q2
0.6823345422744751,0.5798811316490173,Q2
0.5176717638969421,0.8439382910728455,Q3
0.5033401250839233,0.867003858089447,Q4 (highest)
0.5166918039321899,0.8354789614677429,Q3
0.5878733396530151,0.703349769115448,Q2
0.6208454966545105,0.6230952143669128,Q2
0.6990482211112976,0.47320854663848877,Q1 (lowest)
0.6923556923866272,0.4666374623775482,Q1 (lowest)
0.6149615049362183,0.6312062740325928,Q2
0.5841028094291687,0.7110482454299927,Q2
0.5894458889961243,0.6926127672195435,Q2
0.4735487997531891,0.9237772822380066,Q4 (highest)
0.5929654240608215,0.6833624243736267,Q2
0.605343759059906,0.6812307834625244,Q2
0.6008411049842834,0.6604310870170593,Q2
0.5001187324523926,0.8737016320228577,Q4 (highest)
0.5072780847549438,0.8603366017341614,Q4 (highest)
0.45374950766563416,0.9651642441749573,Q4 (highest)
0.5558112263679504,0.7610606551170349,Q3
0.4784020483493805,0.9237772822380066,Q4 (highest)
0.5065382122993469,0.8862445950508118,Q4 (highest)
0.5154741406440735,0.8346053957939148,Q3
0.5065023303031921,0.8770081996917725,Q4 (highest)
0.6449538469314575,0.6093366146087646,Q2
0.6486450433731079,0.5850977897644043,Q2
0.577734649181366,0.7345503568649292,Q3
0.4697387218475342,0.936711847782135,Q4 (highest)
0.5294510126113892,0.8264527916908264,Q3
0.5291613936424255,0.8182598352432251,Q3
0.6772881150245667,0.573104739189148,Q2
0.7046111226081848,0.4686097204685211,Q1 (lowest)
0.7036973237991333,0.48432087898254395,Q1 (lowest)
0.6628829836845398,0.5342999696731567,Q1 (lowest)
0.6658806204795837,0.5348901748657227,Q1 (lowest)
0.6005530953407288,0.6745450496673584,Q2
0.61485356092453,0.6449520587921143,Q2
0.6985349059104919,0.49359914660453796,Q1 (lowest)
0.7172577977180481,0.4360370635986328,Q1 (lowest)
0.6973479390144348,0.4769399166107178,Q1 (lowest)
0.6180846095085144,0.6902568936347961,Q2
0.5540863275527954,0.7674940228462219,Q3
0.5789647698402405,0.7653210759162903,Q3
0.5154069662094116,0.8677703142166138,Q4 (highest)
0.6254017949104309,0.6465297937393188,Q2
0.7213858962059021,0.4519112706184387,Q1 (lowest)
0.717261791229248,0.45482948422431946,Q1 (lowest)
0.6351308226585388,0.6212819218635559,Q2
0.596282958984375,0.7305554747581482,Q3
0.6240653991699219,0.6155392527580261,Q2
0.7230719923973083,0.44759491086006165,Q1 (lowest)
0.7681414484977722,0.3155050575733185,Q1 (lowest)
0.7822104692459106,0.22025233507156372,Q1 (lowest)
0.7705851793289185,0.2800038158893585,Q1 (lowest)
0.7172577977180481,0.3953437805175781,Q1 (lowest)
0.6586648225784302,0.5417194962501526,Q1 (lowest)
0.6042643189430237,0.6770382523536682,Q2
0.7120723128318787,0.4871539771556854,Q1 (lowest)
0.7595421671867371,0.3486119210720062,Q1 (lowest)
0.7768622636795044,0.2450571209192276,Q1 (lowest)
0.7800667881965637,0.17102862894535065,Q1 (lowest)
0.7911630272865295,0.1189400851726532,Q1 (lowest)
0.7913590669631958,0.10356743633747101,Q1 (lowest)
0.7905182838439941,0.10152120888233185,Q1 (lowest)
0.7896987795829773,0.11558394134044647,Q1 (lowest)
0.791281521320343,0.12413332611322403,Q1 (lowest)
0.7866706252098083,0.1250017285346985,Q1 (lowest)
0.7881878018379211,0.1179523766040802,Q1 (lowest)
0.7901996970176697,0.10481852293014526,Q1 (lowest)
0.7905421853065491,0.10073332488536835,Q1 (lowest)
0.7891377210617065,0.14072638750076294,Q1 (lowest)
0.7780768871307373,0.19359807670116425,Q1 (lowest)
0.7610632181167603,0.2594151794910431,Q1 (lowest)
0.7442888021469116,0.331498384475708,Q1 (lowest)
0.7293646931648254,0.3890231251716614,Q1 (lowest)
0.7438889145851135,0.42546147108078003,Q1 (lowest)
0.727739691734314,0.44385018944740295,Q1 (lowest)
0.6973045468330383,0.5469515323638916,Q2
0.6160619854927063,0.7110482454299927,Q2
0.4919169545173645,0.9017894268035889,Q4 (highest)
0.562900722026825,0.7633544206619263,Q3
0.5618330836296082,0.7819930911064148,Q3
0.560806393623352,0.7772682905197144,Q3
0.5088669657707214,0.8599777817726135,Q4 (highest)
0.6171068549156189,0.6571566462516785,Q2
0.6923512816429138,0.4698962867259979,Q1 (lowest)
0.6862930655479431,0.5079329609870911,Q1 (lowest)
0.5956258773803711,0.72185218334198,Q2
0.5263545513153076,0.8474270105361938,Q4 (highest)
0.5799347162246704,0.7105247974395752,Q2
0.6992362141609192,0.5133777856826782,Q1 (lowest)
0.7454425096511841,0.3595871031284332,Q1 (lowest)
0.7687985301017761,0.25002750754356384,Q1 (lowest)
0.7827227711677551,0.18957525491714478,Q1 (lowest)
0.7737862467765808,0.26814812421798706,Q1 (lowest)
0.7374817132949829,0.3728761374950409,Q1 (lowest)
0.6890775561332703,0.4973691701889038,Q1 (lowest)
0.6408840417861938,0.591227650642395,Q2
0.6893252730369568,0.5589167475700378,Q2
0.7379618883132935,0.44433170557022095,Q1 (lowest)
0.7584879994392395,0.3744988739490509,Q1 (lowest)
0.7505865693092346,0.4032164514064789,Q1 (lowest)
0.6796899437904358,0.5837299823760986,Q2
0.5244380235671997,0.8448798656463623,Q3
0.5754880309104919,0.7224099636077881,Q2
0.5565237402915955,0.8083644509315491,Q3
0.5852591395378113,0.7222703099250793,Q2
0.6390309929847717,0.6058868765830994,Q2
0.7391113638877869,0.4410534203052521,Q1 (lowest)
0.7608592510223389,0.36533430218696594,Q1 (lowest)
0.7615196704864502,0.36273014545440674,Q1 (lowest)
0.7442511916160583,0.4245871901512146,Q1 (lowest)
0.7423807978630066,0.4306621849536896,Q1 (lowest)
0.6845148205757141,0.5875137448310852,Q2
0.6034533381462097,0.7333571314811707,Q3
0.6275332570075989,0.6517231464385986,Q2
0.685110867023468,0.47819918394088745,Q1 (lowest)
0.7588623762130737,0.33762502670288086,Q1 (lowest)
0.781798779964447,0.2660495936870575,Q1 (lowest)
0.7694412469863892,0.3294159770011902,Q1 (lowest)
0.7493376135826111,0.4075341820716858,Q1 (lowest)
0.7375494241714478,0.445921927690506,Q1 (lowest)
0.5255657434463501,0.8240222930908203,Q3
0.49781885743141174,0.8799922466278076,Q4 (highest)
0.6006670594215393,0.6641695499420166,Q2
0.5834298133850098,0.709612250328064,Q2
0.680945098400116,0.5014839172363281,Q1 (lowest)
0.7135142683982849,0.4127408266067505,Q1 (lowest)
0.6567167639732361,0.5770248174667358,Q2
0.5413662791252136,0.8009184002876282,Q3
0.47553059458732605,0.9223278760910034,Q4 (highest)
0.5319778323173523,0.819031298160553,Q3
0.6083404421806335,0.6449520587921143,Q2
0.5877016186714172,0.6915489435195923,Q2
0.4883693754673004,0.8909742832183838,Q4 (highest)
0.5902917981147766,0.6834751963615417,Q2
0.469650000333786,0.9307215809822083,Q4 (highest)
0.5328896641731262,0.8022855520248413,Q3
0.6337443590164185,0.6161782145500183,Q2
0.566565215587616,0.7304093241691589,Q3
0.5732390284538269,0.7256515622138977,Q2
0.5820860266685486,0.72185218334198,Q2
0.5178263783454895,0.8297645449638367,Q3
0.5018061995506287,0.8628818988800049,Q4 (highest)
0.6068677306175232,0.6718714237213135,Q2
0.6315875053405762,0.6142675280570984,Q2
0.6942999362945557,0.48852112889289856,Q1 (lowest)
0.7058796286582947,0.4268433451652527,Q1 (lowest)
0.6422151923179626,0.6079496145248413,Q2
0.5281233191490173,0.810046374797821,Q3
0.5885474681854248,0.7124958634376526,Q2
0.5888196229934692,0.703349769115448,Q2
0.5841891169548035,0.703349769115448,Q2
0.6662601828575134,0.5340322256088257,Q1 (lowest)
0.7243865132331848,0.3843669891357422,Q1 (lowest)
0.7468474507331848,0.3080891966819763,Q1 (lowest)
0.7030331492424011,0.43272966146469116,Q1 (lowest)
0.6418567299842834,0.5831174254417419,Q2
0.6132750511169434,0.6754085421562195,Q2
0.6758274435997009,0.5831174254417419,Q2
0.6828879714012146,0.5467237234115601,Q2
0.5934110283851624,0.7436158061027527,Q3
0.5384340882301331,0.8320200443267822,Q3
0.6650828719139099,0.604296863079071,Q2
0.7393090128898621,0.4212508499622345,Q1 (lowest)
0.7064254879951477,0.48723918199539185,Q1 (lowest)
0.5851306915283203,0.7043576240539551,Q2
0.45374950766563416,0.9651642441749573,Q4 (highest)
0.6286834478378296,0.6888575553894043,Q2
0.7273256182670593,0.47645455598831177,Q1 (lowest)
0.7505386471748352,0.3292482793331146,Q1 (lowest)
0.7804883718490601,0.22747167944908142,Q1 (lowest)
0.7506574988365173,0.2978522777557373,Q1 (lowest)
0.7118149995803833,0.431177020072937,Q1 (lowest)
0.61837238073349,0.6240913271903992,Q2
0.4832398593425751,0.9017894268035889,Q4 (highest)
0.5431391000747681,0.7813946008682251,Q3
0.665720522403717,0.5397292971611023,Q1 (lowest)
0.737918496131897,0.3728048801422119,Q1 (lowest)
0.7650141716003418,0.2575059235095978,Q1 (lowest)
0.7805048823356628,0.17786595225334167,Q1 (lowest)
0.7881519198417664,0.12285657227039337,Q1 (lowest)
0.7916152477264404,0.08486019819974899,Q1 (lowest)
0.7938799262046814,0.0722479596734047,Q1 (lowest)
0.7957228422164917,0.08082036674022675,Q1 (lowest)
0.79150390625,0.08589838445186615,Q1 (lowest)
0.791599452495575,0.08640866726636887,Q1 (lowest)
0.794502854347229,0.08223708719015121,Q1 (lowest)
0.7936975955963135,0.0742829367518425,Q1 (lowest)
0.7966511845588684,0.08499008417129517,Q1 (lowest)
0.7887443900108337,0.11562773585319519,Q1 (lowest)
0.7828420996665955,0.15378722548484802,Q1 (lowest)
0.7786849141120911,0.19757609069347382,Q1 (lowest)
0.7803582549095154,0.24072019755840302,Q1 (lowest)
0.7662634253501892,0.27144911885261536,Q1 (lowest)
0.7737863659858704,0.2981307804584503,Q1 (lowest)
0.7705848217010498,0.32423579692840576,Q1 (lowest)
0.7439839243888855,0.42546147108078003,Q1 (lowest)
0.6771768927574158,0.5445722341537476,Q2
0.6297199130058289,0.6353892087936401,Q2
0.5137688517570496,0.8448798656463623,Q3
0.5308112502098083,0.8286513686180115,Q3
0.548797070980072,0.8009184002876282,Q3
0.4793502390384674,0.9142053723335266,Q4 (highest)
0.5288267135620117,0.8139680027961731,Q3
0.563816249370575,0.7665850520133972,Q3
0.6463854908943176,0.5996742248535156,Q2
0.6785122156143188,0.5392347574234009,Q1 (lowest)
0.6674554944038391,0.552964448928833,Q2
0.6378366351127625,0.5935031771659851,Q2
0.6903356313705444,0.5231919288635254,Q1 (lowest)
0.7140238881111145,0.4212508499622345,Q1 (lowest)
0.758561372756958,0.3130304515361786,Q1 (lowest)
0.7828091979026794,0.22505034506320953,Q1 (lowest)
0.7899860739707947,0.16329482197761536,Q1 (lowest)
0.7725291848182678,0.22305433452129364,Q1 (lowest)
0.7355297207832336,0.36670777201652527,Q1 (lowest)
0.7357684373855591,0.4100331664085388,Q1 (lowest)
0.7348184585571289,0.3962295651435852,Q1 (lowest)
0.7407552599906921,0.33670875430107117,Q1 (lowest)
0.7565916180610657,0.38163265585899353,Q1 (lowest)
0.733465850353241,0.45838087797164917,Q1 (lowest)
0.6726576685905457,0.5397292971611023,Q1 (lowest)
0.4848403036594391,0.9017894268035889,Q4 (highest)
0.6453618407249451,0.6495345234870911,Q2
0.6664642095565796,0.6152205467224121,Q2
0.5270007252693176,0.8346053957939148,Q3
0.6112150549888611,0.6825742125511169,Q2
0.7287448644638062,0.4716245234012604,Q1 (lowest)
0.7702422142028809,0.3257991373538971,Q1 (lowest)
0.7822312116622925,0.2634449899196625,Q1 (lowest)
0.7741138339042664,0.3075144290924072,Q1 (lowest)
0.7379063963890076,0.4448143541812897,Q1 (lowest)
0.6317411661148071,0.6424718499183655,Q2
0.4803793132305145,0.9092445373535156,Q4 (highest)
0.5949608087539673,0.7333571314811707,Q3
0.7074934840202332,0.5085939168930054,Q1 (lowest)
0.7630523443222046,0.3517162799835205,Q1 (lowest)
0.4646839201450348,0.9414055943489075,Q4 (highest)
0.5409054756164551,0.7988914847373962,Q3
0.6381325721740723,0.6530673503875732,Q2
0.5318078398704529,0.8052927851676941,Q3
0.5107006430625916,0.8554120063781738,Q4 (highest)
0.6340428590774536,0.5952267050743103,Q2
0.5508137941360474,0.7665850520133972,Q3
0.512363851070404,0.8451953530311584,Q3
0.6576659083366394,0.5708521008491516,Q2
0.6178597807884216,0.646157443523407,Q2
0.5250784754753113,0.8182598352432251,Q3
0.5515604019165039,0.7696968913078308,Q3
0.49781885743141174,0.8799922466278076,Q4 (highest)
0.49551287293434143,0.8821795582771301,Q4 (highest)
0.5245763063430786,0.8297645449638367,Q3
0.5097256898880005,0.8464655876159668,Q4 (highest)
0.5845698118209839,0.7072865962982178,Q2
0.6392847895622253,0.5978397130966187,Q2
0.5174104571342468,0.8320200443267822,Q3
0.6094698309898376,0.6564690470695496,Q2
0.6585022807121277,0.5617749691009521,Q2
0.5809899568557739,0.7052440643310547,Q2
0.5494402050971985,0.7740060687065125,Q3
0.5099945068359375,0.868930459022522,Q4 (highest)
0.5654383897781372,0.7698817849159241,Q3
0.6046772003173828,0.6930875778198242,Q2
0.6589779853820801,0.5402250289916992,Q1 (lowest)
0.7204748392105103,0.43153178691864014,Q1 (lowest)
0.7494969964027405,0.3707970678806305,Q1 (lowest)
0.7090080380439758,0.42788612842559814,Q1 (lowest)
0.6290282607078552,0.6104997396469116,Q2
0.5234292149543762,0.8182598352432251,Q3
0.578190267086029,0.7169095873832703,Q2
0.5249803066253662,0.825637698173523,Q3
0.5204011797904968,0.8286513686180115,Q3
0.6476389765739441,0.5756441950798035,Q2
0.724335253238678,0.3980679214000702,Q1 (lowest)
0.7578145861625671,0.2783122658729553,Q1 (lowest)
0.7390150427818298,0.3455808162689209,Q1 (lowest)
0.7321721911430359,0.4284891188144684,Q1 (lowest)
0.6967460513114929,0.4665220379829407,Q1 (lowest)
0.6862831115722656,0.5133777856826782,Q1 (lowest)
0.6189480423927307,0.7105247974395752,Q2
0.5800417065620422,0.7782409191131592,Q3
0.6372495889663696,0.5875831842422485,Q2
0.7415019869804382,0.41430091857910156,Q1 (lowest)
0.7020866870880127,0.43653300404548645,Q1 (lowest)
0.6524426341056824,0.5827100872993469,Q2
0.6225201487541199,0.6677738428115845,Q2
0.6901668906211853,0.5739477276802063,Q2
0.74113929271698,0.4281080961227417,Q1 (lowest)
0.7514469623565674,0.3057372570037842,Q1 (lowest)
0.77339106798172,0.2186424732208252,Q1 (lowest)
0.758729875087738,0.28456297516822815,Q1 (lowest)
0.713955819606781,0.40425175428390503,Q1 (lowest)
0.5814363360404968,0.7089632749557495,Q2
0.6117095351219177,0.6603310108184814,Q2
0.699767529964447,0.49536463618278503,Q1 (lowest)
0.7617016434669495,0.25609290599823,Q1 (lowest)
0.7792748808860779,0.18010900914669037,Q1 (lowest)
0.7870185375213623,0.125875324010849,Q1 (lowest)
0.7945520877838135,0.08766354620456696,Q1 (lowest)
0.7978901863098145,0.06092039495706558,Q1 (lowest)
0.7952881455421448,0.05633753910660744,Q1 (lowest)
0.7954028248786926,0.05941208079457283,Q1 (lowest)
0.7970831990242004,0.05971871688961983,Q1 (lowest)
0.7950143814086914,0.05231652036309242,Q1 (lowest)
0.7984022498130798,0.06884869933128357,Q1 (lowest)
0.7913877367973328,0.09115196019411087,Q1 (lowest)
0.7918111085891724,0.11742682754993439,Q1 (lowest)
0.7897056341171265,0.14561499655246735,Q1 (lowest)
0.7858409285545349,0.17139452695846558,Q1 (lowest)
0.7807600498199463,0.18856914341449738,Q1 (lowest)
0.790115475654602,0.20752349495887756,Q1 (lowest)
0.78395015001297,0.25271666049957275,Q1 (lowest)
0.7576416730880737,0.3258722126483917,Q1 (lowest)
0.715007483959198,0.41495221853256226,Q1 (lowest)
0.641191840171814,0.5845495462417603,Q2
0.5646814703941345,0.7581087946891785,Q3
0.5958960652351379,0.6888575553894043,Q2
0.5412842035293579,0.7997888326644897,Q3
0.4559393525123596,0.9603790640830994,Q4 (highest)
0.5850690007209778,0.7516957521438599,Q3
0.5440146327018738,0.7796127796173096,Q3
0.644493818283081,0.6230952143669128,Q2
0.7002480626106262,0.443953275680542,Q1 (lowest)
0.7593547105789185,0.3705153167247772,Q1 (lowest)
0.7650322318077087,0.31641873717308044,Q1 (lowest)
0.7755827903747559,0.24965381622314453,Q1 (lowest)
0.7923022508621216,0.18756450712680817,Q1 (lowest)
0.7964694499969482,0.13703425228595734,Q1 (lowest)
0.7910386919975281,0.17472465336322784,Q1 (lowest)
0.7836799621582031,0.22060967981815338,Q1 (lowest)
0.7721754908561707,0.2615329623222351,Q1 (lowest)
0.7641992568969727,0.28369712829589844,Q1 (lowest)
0.7642447352409363,0.2768419086933136,Q1 (lowest)
0.7541160583496094,0.3486119210720062,Q1 (lowest)
0.7235730290412903,0.4871539771556854,Q1 (lowest)
0.6450939774513245,0.6410167217254639,Q2
0.5710487365722656,0.7395617365837097,Q3
0.5345215797424316,0.7955742478370667,Q3
0.4666225016117096,0.9414055943489075,Q4 (highest)
0.4699203670024872,0.9315419793128967,Q4 (highest)
0.5299301147460938,0.8426939845085144,Q3
0.5607972741127014,0.7633544206619263,Q3
0.6249241232872009,0.6191599369049072,Q2
0.6129841804504395,0.6770382523536682,Q2
0.7126699686050415,0.4930286705493927,Q1 (lowest)
0.7649763822555542,0.3486950695514679,Q1 (lowest)
0.785225510597229,0.24432508647441864,Q1 (lowest)
0.7785075902938843,0.2848193645477295,Q1 (lowest)
0.7517152428627014,0.39926689863204956,Q1 (lowest)
0.6849612593650818,0.5387961864471436,Q1 (lowest)
0.6331530809402466,0.6424718499183655,Q2
0.6845148205757141,0.5875137448310852,Q2
0.7367922067642212,0.44826099276542664,Q1 (lowest)
0.7708988785743713,0.3227941393852234,Q1 (lowest)
0.4796508848667145,0.9135674834251404,Q4 (highest)
0.47357186675071716,0.9223278760910034,Q4 (highest)
0.5328963994979858,0.7988914847373962,Q3
0.6587380170822144,0.5583738684654236,Q2
0.6249985098838806,0.6374251842498779,Q2
0.6693825721740723,0.5222295522689819,Q1 (lowest)
0.5790404677391052,0.7167742252349854,Q2
0.5415762066841125,0.7811956405639648,Q3
0.4755292534828186,0.9181523323059082,Q4 (highest)
0.506575882434845,0.854383647441864,Q4 (highest)
0.5288425087928772,0.8071752190589905,Q3
0.505044162273407,0.8603366017341614,Q4 (highest)
0.57735675573349,0.7253672480583191,Q2
0.5883843302726746,0.6859754323959351,Q2
0.5290662050247192,0.8320200443267822,Q3
0.5650562644004822,0.7436158061027527,Q3
0.5142225623130798,0.8628818988800049,Q4 (highest)
0.607068657875061,0.674437403678894,Q2
0.6196718215942383,0.6825742125511169,Q2
0.556574821472168,0.7719305753707886,Q3
0.644797146320343,0.5993795990943909,Q2
0.7241459488868713,0.4253363311290741,Q1 (lowest)
0.748367190361023,0.32207784056663513,Q1 (lowest)
0.7531310319900513,0.3777143359184265,Q1 (lowest)
0.711627721786499,0.4239650070667267,Q1 (lowest)
0.645541787147522,0.573104739189148,Q2
0.6671723127365112,0.5396742820739746,Q1 (lowest)
0.620464026927948,0.6270250678062439,Q2
0.6269091367721558,0.6298313140869141,Q2
0.6941726803779602,0.49894198775291443,Q1 (lowest)
0.727176308631897,0.38111045956611633,Q1 (lowest)
0.7228907942771912,0.40279829502105713,Q1 (lowest)
0.7319502830505371,0.36843928694725037,Q1 (lowest)
0.7573803067207336,0.3038024604320526,Q1 (lowest)
0.7577088475227356,0.3222387731075287,Q1 (lowest)
0.7605423331260681,0.3130304515361786,Q1 (lowest)
0.728905975818634,0.4212508499622345,Q1 (lowest)
0.6916952133178711,0.5231919288635254,Q1 (lowest)
0.7013819217681885,0.5462121367454529,Q2
0.6992829442024231,0.46521854400634766,Q1 (lowest)
0.7372622489929199,0.35384464263916016,Q1 (lowest)
0.7478351593017578,0.3454582095146179,Q1 (lowest)
0.7008487582206726,0.4612829089164734,Q1 (lowest)
0.726320207118988,0.422110378742218,Q1 (lowest)
0.7613213062286377,0.3401448130607605,Q1 (lowest)
0.765835702419281,0.2567918002605438,Q1 (lowest)
0.6998581886291504,0.4769399166107178,Q1 (lowest)
0.6683727502822876,0.569004237651825,Q2
0.5506011843681335,0.7979995608329773,Q3
0.5329031348228455,0.8218982219696045,Q3
0.6415511965751648,0.5783483982086182,Q2
0.7205975651741028,0.4009968936443329,Q1 (lowest)
0.7619492411613464,0.2774256467819214,Q1 (lowest)
0.7774440050125122,0.19179584085941315,Q1 (lowest)
0.7925272583961487,0.13255320489406586,Q1 (lowest)
0.7910341620445251,0.09159361571073532,Q1 (lowest)
0.7962744235992432,0.06328415125608444,Q1 (lowest)
0.7987265586853027,0.0,Q1 (lowest)
0.7990169525146484,0.0,Q1 (lowest)
0.7989644408226013,0.0,Q1 (lowest)
0.7984863519668579,0.0,Q1 (lowest)
0.7986723780632019,0.05402257293462753,Q1 (lowest)
0.7951772212982178,0.06970999389886856,Q1 (lowest)
0.7963381409645081,0.0873226672410965,Q1 (lowest)
0.7974690794944763,0.10524331778287888,Q1 (lowest)
0.7885908484458923,0.12079408764839172,Q1 (lowest)
0.7940431237220764,0.13204337656497955,Q1 (lowest)
0.7955854535102844,0.1499134749174118,Q1 (lowest)
0.7868707180023193,0.2049613744020462,Q1 (lowest)
0.7613063454627991,0.29637497663497925,Q1 (lowest)
0.7431709170341492,0.4281080961227417,Q1 (lowest)
0.6491850018501282,0.6162582635879517,Q2
0.503203809261322,0.8599777817726135,Q4 (highest)
0.5761419534683228,0.7471233010292053,Q3
0.6692050099372864,0.5226341485977173,Q1 (lowest)
0.6696333885192871,0.6004867553710938,Q2
0.6220760345458984,0.6674622893333435,Q2
0.5385799407958984,0.8221619725227356,Q3
0.5191789865493774,0.837540864944458,Q3
0.49656006693840027,0.8799922466278076,Q4 (highest)
0.6197198629379272,0.6556862592697144,Q2
0.7123169898986816,0.45683544874191284,Q1 (lowest)
0.7564566731452942,0.31653979420661926,Q1 (lowest)
0.7799863219261169,0.22885966300964355,Q1 (lowest)
0.792158842086792,0.18896770477294922,Q1 (lowest)
0.7957280278205872,0.1479470580816269,Q1 (lowest)
0.7978737354278564,0.1117980107665062,Q1 (lowest)
0.796801745891571,0.13169966638088226,Q1 (lowest)
0.7947821617126465,0.16034600138664246,Q1 (lowest)
0.7883716225624084,0.18403266370296478,Q1 (lowest)
0.7748175263404846,0.19613711535930634,Q1 (lowest)
0.7616477012634277,0.27415531873703003,Q1 (lowest)
0.7473589181900024,0.37440305948257446,Q1 (lowest)
0.6973497271537781,0.5397292971611023,Q1 (lowest)
0.5578009486198425,0.7813946008682251,Q3
0.4643622934818268,0.9454799890518188,Q4 (highest)
0.45539355278015137,0.9561408758163452,Q4 (highest)
0.5678139925003052,0.7653210759162903,Q3
0.4808266758918762,0.9142053723335266,Q4 (highest)
0.6883338093757629,0.5491858720779419,Q2
0.5854350924491882,0.7414208650588989,Q3
0.5432875752449036,0.785021185874939,Q3
0.6570963859558105,0.5444032549858093,Q2
0.7300535440444946,0.3764021098613739,Q1 (lowest)
0.77362459897995,0.26010560989379883,Q1 (lowest)
0.7858731150627136,0.23990440368652344,Q1 (lowest)
0.7716571688652039,0.31927749514579773,Q1 (lowest)
0.7517152428627014,0.39926689863204956,Q1 (lowest)
0.7372774481773376,0.4448143541812897,Q1 (lowest)
0.7449676990509033,0.4222334921360016,Q1 (lowest)
0.7647506594657898,0.34963372349739075,Q1 (lowest)
0.7796470522880554,0.27851757407188416,Q1 (lowest)
0.5379860997200012,0.8306058049201965,Q3
0.5304481387138367,0.8052927851676941,Q3
0.4938572943210602,0.8808614015579224,Q4 (highest)
0.5075320601463318,0.854383647441864,Q4 (highest)
0.5037053227424622,0.8603366017341614,Q4 (highest)
0.6293177604675293,0.6010796427726746,Q2
0.7007030248641968,0.4386296570301056,Q1 (lowest)
0.6986589431762695,0.44515979290008545,Q1 (lowest)
0.6561256647109985,0.5445722341537476,Q2
0.5949261784553528,0.6793437004089355,Q2
0.6103670001029968,0.6524901390075684,Q2
0.4834539592266083,0.9086459875106812,Q4 (highest)
0.5175992250442505,0.837540864944458,Q3
0.4773833751678467,0.9142053723335266,Q4 (highest)
0.5352157950401306,0.8009184002876282,Q3
0.6046006083488464,0.6526823043823242,Q2
0.5396319031715393,0.7968922853469849,Q3
0.5705084204673767,0.7333571314811707,Q3
0.5602262020111084,0.7581087946891785,Q3
0.5820614695549011,0.6988815665245056,Q2
0.49360352754592896,0.8799922466278076,Q4 (highest)
0.4668620228767395,0.936711847782135,Q4 (highest)
0.49170705676078796,0.8839653134346008,Q4 (highest)
0.5222609043121338,0.8354789614677429,Q3
0.5915829539299011,0.7105247974395752,Q2
0.6149000525474548,0.646157443523407,Q2
0.6283195614814758,0.6621397733688354,Q2
0.671091616153717,0.5230395793914795,Q1 (lowest)
0.5940974354743958,0.728664219379425,Q2
0.6321782469749451,0.6280410289764404,Q2
0.7208825349807739,0.43703025579452515,Q1 (lowest)
0.7289566993713379,0.3793308436870575,Q1 (lowest)
0.7063089609146118,0.5096843838691711,Q1 (lowest)
0.6245951056480408,0.6110448241233826,Q2
0.6241409778594971,0.6161782145500183,Q2
0.5852447748184204,0.6965662837028503,Q2
0.6495893597602844,0.5778179168701172,Q2
0.7076861262321472,0.4410534203052521,Q1 (lowest)
0.6998505592346191,0.44217419624328613,Q1 (lowest)
0.7216605544090271,0.41513022780418396,Q1 (lowest)
0.6666142344474792,0.5332310795783997,Q1 (lowest)
0.6426638960838318,0.5827100872993469,Q2
0.7212730050086975,0.3904792070388794,Q1 (lowest)
0.7490515112876892,0.3093606233596802,Q1 (lowest)
0.7706824541091919,0.24965381622314453,Q1 (lowest)
0.7584642767906189,0.31641873717308044,Q1 (lowest)
0.7335344552993774,0.3787904977798462,Q1 (lowest)
0.7374727129936218,0.34024396538734436,Q1 (lowest)
0.7661117911338806,0.25764918327331543,Q1 (lowest)
0.760444700717926,0.30160510540008545,Q1 (lowest)
0.7493759989738464,0.31862831115722656,Q1 (lowest)
0.7616289258003235,0.29953038692474365,Q1 (lowest)
0.7813112735748291,0.25452950596809387,Q1 (lowest)
0.7839314341545105,0.21273869276046753,Q1 (lowest)
0.7647450566291809,0.30433228611946106,Q1 (lowest)
0.7063485383987427,0.43597105145454407,Q1 (lowest)
0.5417494773864746,0.785021185874939,Q3
0.47967177629470825,0.9181523323059082,Q4 (highest)
0.5560855865478516,0.7516957521438599,Q3
0.6558927893638611,0.5478652715682983,Q2
0.7264960408210754,0.3878096640110016,Q1 (lowest)
0.7578941583633423,0.27083534002304077,Q1 (lowest)
0.7904476523399353,0.13053536415100098,Q1 (lowest)
0.7911648154258728,0.09041225165128708,Q1 (lowest)
0.7949684858322144,0.06257617473602295,Q1 (lowest)
0.7979732751846313,0.051182933151721954,Q1 (lowest)
0.798827588558197,0.0,Q1 (lowest)
0.799109697341919,0.0,Q1 (lowest)
0.7943307757377625,0.05789892002940178,Q1 (lowest)
0.7950137257575989,0.06447675079107285,Q1 (lowest)
0.7990681529045105,0.06849413365125656,Q1 (lowest)
0.7992157340049744,0.06918787211179733,Q1 (lowest)
0.7994204759597778,0.06641848385334015,Q1 (lowest)
0.7992112040519714,0.07514288276433945,Q1 (lowest)
0.7968654632568359,0.08463357388973236,Q1 (lowest)
0.7968949675559998,0.09343065321445465,Q1 (lowest)
0.7948259711265564,0.13403330743312836,Q1 (lowest)
0.7911351919174194,0.19150413572788239,Q1 (lowest)
0.7737166881561279,0.2716062664985657,Q1 (lowest)
0.750990092754364,0.3793308436870575,Q1 (lowest)
0.682080090045929,0.5096843838691711,Q1 (lowest)
0.6675326228141785,0.6110448241233826,Q2
0.683610737323761,0.5757097601890564,Q2
0.7291902899742126,0.44907036423683167,Q1 (lowest)
0.7425897121429443,0.4299885630607605,Q1 (lowest)
0.7197320461273193,0.49786221981048584,Q1 (lowest)
0.6646414399147034,0.633461058139801,Q2
0.5234589576721191,0.854383647441864,Q4 (highest)
0.5388938784599304,0.8078875541687012,Q3
0.6746526956558228,0.558133065700531,Q2
0.7330673336982727,0.3994857370853424,Q1 (lowest)
0.7547870874404907,0.28778350353240967,Q1 (lowest)
0.776630699634552,0.20350663363933563,Q1 (lowest)
0.7938055396080017,0.14371944963932037,Q1 (lowest)
0.7963181138038635,0.13936501741409302,Q1 (lowest)
0.7967215776443481,0.13301624357700348,Q1 (lowest)
0.7944828867912292,0.1639881283044815,Q1 (lowest)
0.7886272072792053,0.1915624588727951,Q1 (lowest)
0.7761470675468445,0.2082889974117279,Q1 (lowest)
0.773895263671875,0.2403699904680252,Q1 (lowest)
0.7663125395774841,0.3120843470096588,Q1 (lowest)
0.7155144810676575,0.4454365670681,Q1 (lowest)
0.6517365574836731,0.6266875863075256,Q2
0.538079559803009,0.7883185148239136,Q3
0.5003137588500977,0.8732956051826477,Q4 (highest)
0.4734766483306885,0.8996238112449646,Q4 (highest)
0.49392563104629517,0.8603366017341614,Q4 (highest)
0.5658690333366394,0.7456796169281006,Q3
0.6862832903862,0.539564311504364,Q1 (lowest)
0.5789441466331482,0.7190894484519958,Q2
0.48903533816337585,0.8909742832183838,Q4 (highest)
0.6160776615142822,0.681454062461853,Q2
0.7059086561203003,0.5081687569618225,Q1 (lowest)
0.7557124495506287,0.3600960373878479,Q1 (lowest)
0.7743574976921082,0.2517956495285034,Q1 (lowest)
0.7921354174613953,0.18919605016708374,Q1 (lowest)
0.7858731150627136,0.23990440368652344,Q1 (lowest)
0.7730000019073486,0.2848193645477295,Q1 (lowest)
0.752557635307312,0.3075144290924072,Q1 (lowest)
0.773173987865448,0.3120843470096588,Q1 (lowest)
0.757928729057312,0.37662020325660706,Q1 (lowest)
0.7505865693092346,0.4032164514064789,Q1 (lowest)
0.75876384973526,0.3734472393989563,Q1 (lowest)
0.7740771174430847,0.3076948821544647,Q1 (lowest)
0.5889060497283936,0.7079295516014099,Q2
0.5448175072669983,0.8018283843994141,Q3
0.5561203360557556,0.7530254125595093,Q3
0.49325472116470337,0.8895301222801208,Q4 (highest)
0.4646839201450348,0.9414055943489075,Q4 (highest)
0.5933532118797302,0.6915489435195923,Q2
0.6148362755775452,0.638227641582489,Q2
0.6548503637313843,0.5669844150543213,Q2
0.7027103900909424,0.4377284049987793,Q1 (lowest)
0.6990897059440613,0.4532390236854553,Q1 (lowest)
0.7096440196037292,0.4156652092933655,Q1 (lowest)
0.6872480511665344,0.4730892479419708,Q1 (lowest)
0.6050663590431213,0.6674622893333435,Q2
0.5511460304260254,0.7968922853469849,Q3
0.5449219942092896,0.7743863463401794,Q3
0.5055144429206848,0.8639907836914062,Q4 (highest)
0.5325894355773926,0.8009184002876282,Q3
0.4646839201450348,0.9414055943489075,Q4 (highest)
0.496446430683136,0.877429187297821,Q4 (highest)
0.4824540615081787,0.9034509062767029,Q4 (highest)
0.5886890292167664,0.6941602230072021,Q2
0.5914525389671326,0.6902568936347961,Q2
0.6779059767723083,0.5387961864471436,Q1 (lowest)
0.6364309787750244,0.6424718499183655,Q2
0.6549103260040283,0.591227650642395,Q2
0.7095726132392883,0.47150617837905884,Q1 (lowest)
0.6582319140434265,0.5638057589530945,Q2
0.6452887654304504,0.6068010330200195,Q2
0.6829391717910767,0.5133777856826782,Q1 (lowest)
0.7237940430641174,0.3845439553260803,Q1 (lowest)
0.7064663767814636,0.4281080961227417,Q1 (lowest)
0.6340863108634949,0.6162582635879517,Q2
0.503203809261322,0.8599777817726135,Q4 (highest)
0.5814661979675293,0.7548712491989136,Q3
0.4619414508342743,0.9561408758163452,Q4 (highest)
0.613822340965271,0.6604310870170593,Q2
0.71476149559021,0.4561766982078552,Q1 (lowest)
0.7459715008735657,0.34264081716537476,Q1 (lowest)
0.6825723648071289,0.49163109064102173,Q1 (lowest)
0.589039146900177,0.6934443712234497,Q2
0.6168741583824158,0.6550039052963257,Q2
0.6699791550636292,0.5188218355178833,Q1 (lowest)
0.7224845290184021,0.40143874287605286,Q1 (lowest)
0.7568175196647644,0.2927244007587433,Q1 (lowest)
0.772845447063446,0.22885966300964355,Q1 (lowest)
0.7746904492378235,0.25692248344421387,Q1 (lowest)
0.7611738443374634,0.26211017370224,Q1 (lowest)
0.7732591032981873,0.24202243983745575,Q1 (lowest)
0.7822409868240356,0.2053195983171463,Q1 (lowest)
0.7795004844665527,0.18637299537658691,Q1 (lowest)
0.7801051735877991,0.2110561728477478,Q1 (lowest)
0.769448459148407,0.2200876921415329,Q1 (lowest)
0.7833223342895508,0.21239350736141205,Q1 (lowest)
0.7803241014480591,0.20710112154483795,Q1 (lowest)
0.7698158621788025,0.2653062045574188,Q1 (lowest)
0.7354876399040222,0.3587052524089813,Q1 (lowest)
0.7069361805915833,0.4632789194583893,Q1 (lowest)
0.6366532444953918,0.6396622061729431,Q2
0.5097745060920715,0.8643630146980286,Q4 (highest)
0.5224459171295166,0.8439382910728455,Q3
0.5849205255508423,0.7003588676452637,Q2
0.6927375197410583,0.4944358468055725,Q1 (lowest)
0.7806691527366638,0.17070643603801727,Q1 (lowest)
0.7902910113334656,0.12038915604352951,Q1 (lowest)
0.7928604483604431,0.08439059555530548,Q1 (lowest)
0.7928913831710815,0.0790955126285553,Q1 (lowest)
0.793212890625,0.07315271347761154,Q1 (lowest)
0.7987873554229736,0.06447675079107285,Q1 (lowest)
0.7961403727531433,0.06891990453004837,Q1 (lowest)
0.7948517799377441,0.08160724490880966,Q1 (lowest)
0.7934169769287109,0.09229349344968796,Q1 (lowest)
0.7944954633712769,0.09896547347307205,Q1 (lowest)
0.7983848452568054,0.10012901574373245,Q1 (lowest)
0.7983896136283875,0.09550429880619049,Q1 (lowest)
0.7946751117706299,0.08616955578327179,Q1 (lowest)
0.7969483733177185,0.074030302464962,Q1 (lowest)
0.795651376247406,0.08437559008598328,Q1 (lowest)
0.7880558371543884,0.1189611628651619,Q1 (lowest)
0.7850735187530518,0.16596205532550812,Q1 (lowest)
0.772251307964325,0.22747167944908142,Q1 (lowest)
0.7748276591300964,0.3020327389240265,Q1 (lowest)
0.757638692855835,0.3777143359184265,Q1 (lowest)
0.7444410920143127,0.4239650070667267,Q1 (lowest)
0.7328729033470154,0.4091678261756897,Q1 (lowest)
0.7457799911499023,0.34466323256492615,Q1 (lowest)
0.7733891010284424,0.3013996183872223,Q1 (lowest)
0.7342413663864136,0.38116008043289185,Q1 (lowest)
0.6707374453544617,0.5285928249359131,Q1 (lowest)
0.597576916217804,0.675950288772583,Q2
0.6333466172218323,0.6588365435600281,Q2
0.6923791766166687,0.5042891502380371,Q1 (lowest)
0.7362396717071533,0.3611852824687958,Q1 (lowest)
0.7675670385360718,0.25388777256011963,Q1 (lowest)
0.7843665480613708,0.19828274846076965,Q1 (lowest)
0.7744974493980408,0.20806387066841125,Q1 (lowest)
0.7879526615142822,0.2003333866596222,Q1 (lowest)
0.7924689054489136,0.18591362237930298,Q1 (lowest)
0.7881213426589966,0.22357873618602753,Q1 (lowest)
0.7807992100715637,0.2699905037879944,Q1 (lowest)
0.775501549243927,0.3005959391593933,Q1 (lowest)
0.7745528817176819,0.3053484559059143,Q1 (lowest)
0.7503208518028259,0.40413954854011536,Q1 (lowest)
0.6857091188430786,0.5237001776695251,Q1 (lowest)
0.6118329167366028,0.6534531712532043,Q2
0.4394260346889496,0.9651642441749573,Q4 (highest)
0.44177332520484924,0.934070885181427,Q4 (highest)
0.5240579843521118,0.7991153001785278,Q3
0.6399247050285339,0.5983517169952393,Q2
0.63670414686203,0.602270781993866,Q2
0.6941202282905579,0.5044280886650085,Q1 (lowest)
0.6693832278251648,0.5678026080131531,Q2
0.6333892941474915,0.6223514676094055,Q2
0.7077506184577942,0.5298998951911926,Q1 (lowest)
0.7502156496047974,0.4045044481754303,Q1 (lowest)
0.77447110414505,0.3057534992694855,Q1 (lowest)
0.7883049249649048,0.22216945886611938,Q1 (lowest)
0.7936844229698181,0.17316798865795135,Q1 (lowest)
0.7935541868209839,0.174598827958107,Q1 (lowest)
0.7872106432914734,0.23039007186889648,Q1 (lowest)
0.7738077640533447,0.30901286005973816,Q1 (lowest)
0.7503208518028259,0.40413954854011536,Q1 (lowest)
0.7035504579544067,0.5237001776695251,Q1 (lowest)
0.6695787310600281,0.5837299823760986,Q2
0.7089653015136719,0.5170896649360657,Q1 (lowest)
0.7523919343948364,0.39687636494636536,Q1 (lowest)
0.7778619527816772,0.28830721974372864,Q1 (lowest)
0.5114964842796326,0.8533643484115601,Q4 (highest)
0.4864984452724457,0.8990909457206726,Q4 (highest)
0.5154741406440735,0.8346053957939148,Q3
0.5605058670043945,0.752858579158783,Q3
0.47357186675071716,0.9223278760910034,Q4 (highest)
0.4688056409358978,0.936711847782135,Q4 (highest)
0.480419784784317,0.9216144680976868,Q4 (highest)
0.6253871321678162,0.6135557293891907,Q2
0.6064371466636658,0.6530673503875732,Q2
0.703255832195282,0.486346572637558,Q1 (lowest)
0.6792545318603516,0.5313209295272827,Q1 (lowest)
0.6415811777114868,0.6217748522758484,Q2
0.5566472411155701,0.7622917890548706,Q3
0.5644440650939941,0.7456796169281006,Q3
0.5001906752586365,0.8662428259849548,Q4 (highest)
0.573140561580658,0.7394076585769653,Q3
0.6462289094924927,0.5831174254417419,Q2
0.5668999552726746,0.7398701906204224,Q3
0.4757166802883148,0.924513578414917,Q4 (highest)
0.5887129902839661,0.6926127672195435,Q2
0.6835737824440002,0.48045265674591064,Q1 (lowest)
0.6688036322593689,0.5392347574234009,Q1 (lowest)
0.6066725850105286,0.6484023928642273,Q2
0.4852675497531891,0.9092445373535156,Q4 (highest)
0.5780725479125977,0.7414208650588989,Q3
0.6024803519248962,0.6612332463264465,Q2
0.6220136284828186,0.6270250678062439,Q2
0.6959644556045532,0.49452412128448486,Q1 (lowest)
0.698266327381134,0.4481205940246582,Q1 (lowest)
0.6826618313789368,0.49894198775291443,Q1 (lowest)
0.6506935358047485,0.5756441950798035,Q2
0.6547919511795044,0.5845495462417603,Q2
0.5602262020111084,0.7581087946891785,Q3
0.5432368516921997,0.7811956405639648,Q3
0.6219632625579834,0.646996259689331,Q2
0.7378568053245544,0.3444802463054657,Q1 (lowest)
0.7025258541107178,0.4985814690589905,Q1 (lowest)
0.585804283618927,0.721157431602478,Q2
0.5186019539833069,0.8354789614677429,Q3
0.5970869064331055,0.6695492267608643,Q2
0.706485390663147,0.47209838032722473,Q1 (lowest)
0.7464057207107544,0.3284490406513214,Q1 (lowest)
0.77948397397995,0.22769400477409363,Q1 (lowest)
0.7779750227928162,0.17840465903282166,Q1 (lowest)
0.7812513113021851,0.18123067915439606,Q1 (lowest)
0.7855736017227173,0.17013131082057953,Q1 (lowest)
0.7889959216117859,0.16387413442134857,Q1 (lowest)
0.78227299451828,0.18769846856594086,Q1 (lowest)
0.7652204632759094,0.23838089406490326,Q1 (lowest)
0.7672839760780334,0.28369712829589844,Q1 (lowest)
0.758083701133728,0.30730149149894714,Q1 (lowest)
0.7544608116149902,0.2973429262638092,Q1 (lowest)
0.7656469941139221,0.3063383996486664,Q1 (lowest)
0.7302175760269165,0.43570709228515625,Q1 (lowest)
0.6620139479637146,0.6037696599960327,Q2
0.6568564772605896,0.583525538444519,Q2
0.6678110361099243,0.5362921953201294,Q1 (lowest)
0.7203335165977478,0.4188157916069031,Q1 (lowest)
0.7634150981903076,0.3062244951725006,Q1 (lowest)
0.7707830667495728,0.21820920705795288,Q1 (lowest)
0.7825406193733215,0.15366335213184357,Q1 (lowest)
0.7904992699623108,0.114221952855587,Q1 (lowest)
0.7899691462516785,0.11746474355459213,Q1 (lowest)
0.7885933518409729,0.11401376128196716,Q1 (lowest)
0.7907010316848755,0.10412077605724335,Q1 (lowest)
0.7910465598106384,0.09008204191923141,Q1 (lowest)
0.7939431071281433,0.09400296211242676,Q1 (lowest)
0.7934987545013428,0.11401376128196716,Q1 (lowest)
0.792681097984314,0.1315731555223465,Q1 (lowest)
0.7884445786476135,0.14288486540317535,Q1 (lowest)
0.7923368811607361,0.14488619565963745,Q1 (lowest)
0.7849341034889221,0.13698223233222961,Q1 (lowest)
0.7969052195549011,0.12142881006002426,Q1 (lowest)
0.7945712208747864,0.10195775330066681,Q1 (lowest)
0.7955955862998962,0.10470466315746307,Q1 (lowest)
0.7914989590644836,0.1199009045958519,Q1 (lowest)
0.7937911748886108,0.13556824624538422,Q1 (lowest)
0.7885398268699646,0.17897866666316986,Q1 (lowest)
0.7776836156845093,0.22683584690093994,Q1 (lowest)
0.7811509966850281,0.26988685131073,Q1 (lowest)
0.770588755607605,0.29336974024772644,Q1 (lowest)
0.7699989080429077,0.28609323501586914,Q1 (lowest)
0.7834968566894531,0.2517841160297394,Q1 (lowest)
0.7798857092857361,0.23184800148010254,Q1 (lowest)
0.746264636516571,0.31481876969337463,Q1 (lowest)
0.713517963886261,0.40682199597358704,Q1 (lowest)
0.6971055865287781,0.4744846820831299,Q1 (lowest)
0.7192255854606628,0.4679889380931854,Q1 (lowest)
0.7493023872375488,0.3932398855686188,Q1 (lowest)
0.754809558391571,0.30125752091407776,Q1 (lowest)
0.7635752558708191,0.3027319312095642,Q1 (lowest)
0.7788392305374146,0.283005028963089,Q1 (lowest)
0.7753800749778748,0.3012101352214813,Q1 (lowest)
0.77814781665802,0.2867701053619385,Q1 (lowest)
0.781282901763916,0.26911163330078125,Q1 (lowest)
0.7766568064689636,0.29466819763183594,Q1 (lowest)
0.7318448424339294,0.37421151995658875,Q1 (lowest)
0.7315337061882019,0.432599812746048,Q1 (lowest)
0.7421106100082397,0.43153178691864014,Q1 (lowest)
0.7025606632232666,0.5101126432418823,Q1 (lowest)
0.5341065526008606,0.7555475234985352,Q3
0.6112479567527771,0.6487790942192078,Q2
0.694123387336731,0.496565043926239,Q1 (lowest)
0.6944463849067688,0.46038544178009033,Q1 (lowest)
0.6495198607444763,0.6260142922401428,Q2
0.580795407295227,0.7299713492393494,Q3
0.6150502562522888,0.7138218879699707,Q2
0.6415749192237854,0.6214460730552673,Q2
0.719082772731781,0.45731252431869507,Q1 (lowest)
0.7610117197036743,0.3237658739089966,Q1 (lowest)
0.7779757380485535,0.28769639134407043,Q1 (lowest)
0.7734383940696716,0.2770453095436096,Q1 (lowest)
0.7855884432792664,0.24186170101165771,Q1 (lowest)
0.7913212180137634,0.19688113033771515,Q1 (lowest)
0.7809262871742249,0.2712007164955139,Q1 (lowest)
0.7565379738807678,0.38183197379112244,Q1 (lowest)
0.7111238837242126,0.5210705995559692,Q1 (lowest)
0.619513988494873,0.6728296279907227,Q2
0.5213541388511658,0.8448798656463623,Q3
0.6402179002761841,0.6592339277267456,Q2
0.7305989265441895,0.46308982372283936,Q1 (lowest)
0.7711121439933777,0.3218100070953369,Q1 (lowest)
0.5265598297119141,0.8253670334815979,Q3
0.46798810362815857,0.9444308280944824,Q4 (highest)
0.5030310153961182,0.8603366017341614,Q4 (highest)
0.48451730608940125,0.8990909457206726,Q4 (highest)
0.5703790783882141,0.7456796169281006,Q3
0.5461292862892151,0.7719305753707886,Q3
0.4948248863220215,0.8862445950508118,Q4 (highest)
0.558556854724884,0.7696968913078308,Q3
0.5881722569465637,0.6897892355918884,Q2
0.6191673874855042,0.6859754323959351,Q2
0.6687194108963013,0.5254892706871033,Q1 (lowest)
0.6336910128593445,0.6154595613479614,Q2
0.651558518409729,0.5725231170654297,Q2
0.6413101553916931,0.5903103947639465,Q2
0.5731048583984375,0.7610606551170349,Q3
0.5913698077201843,0.6832495331764221,Q2
0.5628249049186707,0.7394076585769653,Q3
0.6067298650741577,0.6621397733688354,Q2
0.4876287877559662,0.8939325213432312,Q4 (highest)
0.5349895358085632,0.7979995608329773,Q3
0.5704469680786133,0.7555475234985352,Q3
0.6283362507820129,0.6342476010322571,Q2
0.6703029274940491,0.5581932663917542,Q2
0.561011016368866,0.7555475234985352,Q3
0.5737971067428589,0.7508699297904968,Q3
0.5727569460868835,0.7660421133041382,Q3
0.5061788558959961,0.8643630146980286,Q4 (highest)
0.522933304309845,0.837540864944458,Q3
0.522674560546875,0.8198072910308838,Q3
0.6701375842094421,0.5692582130432129,Q2
0.6548685431480408,0.6115132570266724,Q2
0.584138810634613,0.6980251669883728,Q2
0.5233069658279419,0.8286513686180115,Q3
0.581527829170227,0.703349769115448,Q2
0.4821639955043793,0.9142053723335266,Q4 (highest)
0.4687756597995758,0.9414055943489075,Q4 (highest)
0.5757795572280884,0.7495572566986084,Q3
0.6781477332115173,0.5200681090354919,Q1 (lowest)
0.7410219311714172,0.3596755266189575,Q1 (lowest)
0.6840493083000183,0.4998461604118347,Q1 (lowest)
0.5822588801383972,0.7072865962982178,Q2
0.5162949562072754,0.8343155384063721,Q3
0.5272471308708191,0.8261805176734924,Q3
0.6306815147399902,0.666117787361145,Q2
0.7087820768356323,0.4707978367805481,Q1 (lowest)
0.7516006231307983,0.32783815264701843,Q1 (lowest)
0.7714290022850037,0.22737513482570648,Q1 (lowest)
0.7816836833953857,0.15744124352931976,Q1 (lowest)
0.7833113074302673,0.16800279915332794,Q1 (lowest)
0.7866755723953247,0.19541263580322266,Q1 (lowest)
0.7669765949249268,0.23233745992183685,Q1 (lowest)
0.7620150446891785,0.2548455595970154,Q1 (lowest)
0.7575796842575073,0.3167475163936615,Q1 (lowest)
0.7166041135787964,0.3971194624900818,Q1 (lowest)
0.7048706412315369,0.44436609745025635,Q1 (lowest)
0.7157695293426514,0.42387187480926514,Q1 (lowest)
0.7513130307197571,0.352139949798584,Q1 (lowest)
0.6929618716239929,0.4695836305618286,Q1 (lowest)
0.6108867526054382,0.6641695499420166,Q2
0.5814749002456665,0.7689592242240906,Q3
0.6618399024009705,0.5509793162345886,Q2
0.7172343134880066,0.43597105145454407,Q1 (lowest)
0.732665479183197,0.3678140342235565,Q1 (lowest)
0.7689599394798279,0.2839096188545227,Q1 (lowest)
0.7717753052711487,0.20942910015583038,Q1 (lowest)
0.7841581702232361,0.15088659524917603,Q1 (lowest)
0.7904292345046997,0.1644165962934494,Q1 (lowest)
0.786234974861145,0.17005887627601624,Q1 (lowest)
0.7864271998405457,0.16405655443668365,Q1 (lowest)
0.7887544631958008,0.1472487449645996,Q1 (lowest)
0.792243242263794,0.12571895122528076,Q1 (lowest)
0.7835837006568909,0.18632417917251587,Q1 (lowest)
0.7852003574371338,0.20603081583976746,Q1 (lowest)
0.786775529384613,0.2095976173877716,Q1 (lowest)
0.7911683917045593,0.19565363228321075,Q1 (lowest)
0.7878978252410889,0.16926530003547668,Q1 (lowest)
0.791727602481842,0.13798834383487701,Q1 (lowest)
0.793427586555481,0.14505605399608612,Q1 (lowest)
0.7829474210739136,0.17027632892131805,Q1 (lowest)
0.783589243888855,0.18680612742900848,Q1 (lowest)
0.7813427448272705,0.18937478959560394,Q1 (lowest)
0.7794535756111145,0.1770658791065216,Q1 (lowest)
0.7906798124313354,0.1900707483291626,Q1 (lowest)
0.7819308638572693,0.20283350348472595,Q1 (lowest)
0.7829330563545227,0.1989392638206482,Q1 (lowest)
0.7824830412864685,0.17984512448310852,Q1 (lowest)
0.7863306999206543,0.1869111955165863,Q1 (lowest)
0.7747214436531067,0.24208679795265198,Q1 (lowest)
0.7577916979789734,0.29562607407569885,Q1 (lowest)
0.7661397457122803,0.32956522703170776,Q1 (lowest)
0.7491948008537292,0.32651278376579285,Q1 (lowest)
0.7395258545875549,0.4253363311290741,Q1 (lowest)
0.7200004458427429,0.43703025579452515,Q1 (lowest)
0.7301924228668213,0.3993763029575348,Q1 (lowest)
0.7407006621360779,0.4360370635986328,Q1 (lowest)
0.7495694160461426,0.40673673152923584,Q1 (lowest)
0.7544518709182739,0.38948991894721985,Q1 (lowest)
0.7595216631889343,0.37053874135017395,Q1 (lowest)
0.693622350692749,0.49692201614379883,Q1 (lowest)
0.6440496444702148,0.6168993711471558,Q2
0.637287974357605,0.6230952143669128,Q2
0.6257092356681824,0.6154595613479614,Q2
0.49986717104911804,0.8599777817726135,Q4 (highest)
0.5133722424507141,0.837540864944458,Q3
0.6053310632705688,0.6780229210853577,Q2
0.7111233472824097,0.49763795733451843,Q1 (lowest)
0.7069512009620667,0.48723918199539185,Q1 (lowest)
0.62327641248703,0.7043576240539551,Q2
0.46085262298583984,0.9510926604270935,Q4 (highest)
0.4506964683532715,0.9752398133277893,Q4 (highest)
0.6077684760093689,0.7138218879699707,Q2
0.7000117897987366,0.4932478964328766,Q1 (lowest)
0.7254274487495422,0.4077626168727875,Q1 (lowest)
0.735119104385376,0.4162912964820862,Q1 (lowest)
0.7273536920547485,0.3948623836040497,Q1 (lowest)
0.7690806984901428,0.33102717995643616,Q1 (lowest)
0.7820498943328857,0.26454147696495056,Q1 (lowest)
0.7738415598869324,0.3088476061820984,Q1 (lowest)
0.7391868829727173,0.4408164620399475,Q1 (lowest)
0.6724850535392761,0.6156190037727356,Q2
0.5180270075798035,0.8732956051826477,Q4 (highest)
0.5425363779067993,0.8169835805892944,Q3
0.6574074029922485,0.6496291756629944,Q2
0.7076177000999451,0.4593806862831116,Q1 (lowest)
0.7333213090896606,0.4070780575275421,Q1 (lowest)
0.7552439570426941,0.3866038918495178,Q1 (lowest)
0.6473146677017212,0.6102665662765503,Q2
0.6031917333602905,0.6555886268615723,Q2
0.5382837653160095,0.7879023551940918,Q3
0.5224480032920837,0.8264527916908264,Q3
0.46328315138816833,0.9444308280944824,Q4 (highest)
0.5924093723297119,0.6865482926368713,Q2
0.6223683953285217,0.6314651370048523,Q2
0.47712621092796326,0.9161525368690491,Q4 (highest)
0.5610257983207703,0.7450419664382935,Q3
0.48696374893188477,0.8939325213432312,Q4 (highest)
0.5287624597549438,0.8221619725227356,Q3
0.617929995059967,0.6825742125511169,Q2
0.4941736161708832,0.8821795582771301,Q4 (highest)
0.5830768942832947,0.7394076585769653,Q3
0.6160411834716797,0.6621397733688354,Q2
0.6161912083625793,0.6556862592697144,Q2
0.6090757250785828,0.6603310108184814,Q2
0.5611443519592285,0.7414208650588989,Q3
0.4529467523097992,0.9669219255447388,Q4 (highest)
0.5019462704658508,0.8639907836914062,Q4 (highest)
0.49861571192741394,0.8737016320228577,Q4 (highest)
0.561209499835968,0.7530254125595093,Q3
0.6809779405593872,0.524465024471283,Q1 (lowest)
0.6584481596946716,0.5742078423500061,Q2
0.5492734313011169,0.8062308430671692,Q3
0.5125167369842529,0.8448798656463623,Q3
0.561325192451477,0.7759168744087219,Q3
0.6024835705757141,0.6718714237213135,Q2
0.5783946514129639,0.7169095873832703,Q2
0.587088406085968,0.7124958634376526,Q2
0.6839653253555298,0.5342999696731567,Q1 (lowest)
0.5798472762107849,0.7143551111221313,Q2
0.5327035188674927,0.8198072910308838,Q3
0.5778698325157166,0.7513649463653564,Q3
0.4884444773197174,0.8996238112449646,Q4 (highest)
0.556651771068573,0.7640668153762817,Q3
0.5517370104789734,0.7743863463401794,Q3
0.683122456073761,0.4903295040130615,Q1 (lowest)
0.7412781119346619,0.3587052524089813,Q1 (lowest)
0.6971033215522766,0.49540895223617554,Q1 (lowest)
0.6037508845329285,0.6949988007545471,Q2
0.5420631170272827,0.7802044153213501,Q3
0.6766691207885742,0.5467237234115601,Q2
0.7217466235160828,0.39872100949287415,Q1 (lowest)
0.7579150795936584,0.2912483811378479,Q1 (lowest)
0.7749513387680054,0.20758986473083496,Q1 (lowest)
0.7791847586631775,0.19629612565040588,Q1 (lowest)
0.7765824198722839,0.23688405752182007,Q1 (lowest)
0.7596205472946167,0.26424166560173035,Q1 (lowest)
0.7351885437965393,0.3675369322299957,Q1 (lowest)
0.7295816540718079,0.3980679214000702,Q1 (lowest)
0.6645489931106567,0.5345144867897034,Q1 (lowest)
0.6381197571754456,0.6412887573242188,Q2
0.6468780636787415,0.591227650642395,Q2
0.6942999958992004,0.49826642870903015,Q1 (lowest)
0.6933603882789612,0.4898974895477295,Q1 (lowest)
0.6125766634941101,0.7038528919219971,Q2
0.4848403036594391,0.9017894268035889,Q4 (highest)
0.5461625456809998,0.8022855520248413,Q3
0.57917320728302,0.716503918170929,Q2
0.6284818053245544,0.614584743976593,Q2
0.6989079117774963,0.4769399166107178,Q1 (lowest)
0.7413647770881653,0.3449074923992157,Q1 (lowest)
0.7687293291091919,0.24381376802921295,Q1 (lowest)
0.7731478214263916,0.20709288120269775,Q1 (lowest)
0.7801482081413269,0.23597712814807892,Q1 (lowest)
0.769819974899292,0.24620090425014496,Q1 (lowest)
0.7780750393867493,0.2353314906358719,Q1 (lowest)
0.7747507095336914,0.20603081583976746,Q1 (lowest)
0.7803739309310913,0.16847747564315796,Q1 (lowest)
0.7922157645225525,0.1636238545179367,Q1 (lowest)
0.7752544283866882,0.21184322237968445,Q1 (lowest)
0.7508568167686462,0.2963596284389496,Q1 (lowest)
0.7750108242034912,0.30306679010391235,Q1 (lowest)
0.7763977646827698,0.2773168683052063,Q1 (lowest)
0.7675897479057312,0.23166868090629578,Q1 (lowest)
0.7880218625068665,0.1839233636856079,Q1 (lowest)
0.790242612361908,0.19717848300933838,Q1 (lowest)
0.7795013189315796,0.23947195708751678,Q1 (lowest)
0.7737779021263123,0.2690601050853729,Q1 (lowest)
0.7653666138648987,0.2738094925880432,Q1 (lowest)
0.7620242238044739,0.2514288127422333,Q1 (lowest)
0.7747712135314941,0.21186892688274384,Q1 (lowest)
0.7881813645362854,0.16790811717510223,Q1 (lowest)
0.79117751121521,0.137992724776268,Q1 (lowest)
0.7966367602348328,0.12698981165885925,Q1 (lowest)
0.7960242629051208,0.1437334269285202,Q1 (lowest)
0.7931557893753052,0.17887407541275024,Q1 (lowest)
0.7825068831443787,0.21002835035324097,Q1 (lowest)
0.7823752760887146,0.2577447295188904,Q1 (lowest)
0.7662899494171143,0.33829084038734436,Q1 (lowest)
0.7177871465682983,0.46648353338241577,Q1 (lowest)
0.6640355587005615,0.5993795990943909,Q2
0.628627359867096,0.6280410289764404,Q2
0.6789201498031616,0.5463825464248657,Q2
0.6653386950492859,0.6311200261116028,Q2
0.6834138035774231,0.5619586706161499,Q2
0.694447934627533,0.5634967684745789,Q2
0.6879033446311951,0.5208194851875305,Q1 (lowest)
0.6405535936355591,0.58592289686203,Q2
0.4897180199623108,0.8954487442970276,Q4 (highest)
0.5736264586448669,0.7530254125595093,Q3
0.6164119839668274,0.6621397733688354,Q2
0.6479701995849609,0.646157443523407,Q2
0.6095380187034607,0.6424718499183655,Q2
0.611194908618927,0.6600311994552612,Q2
0.6025670766830444,0.6825742125511169,Q2
0.6350575089454651,0.64366215467453,Q2
0.6471814513206482,0.624424397945404,Q2
0.6617975831031799,0.5725231170654297,Q2
0.6480849385261536,0.6018978357315063,Q2
0.6789571046829224,0.552964448928833,Q2
0.7418991923332214,0.4322107434272766,Q1 (lowest)
0.762137234210968,0.36027345061302185,Q1 (lowest)
0.7720929384231567,0.3172331154346466,Q1 (lowest)
0.7334904074668884,0.4583069682121277,Q1 (lowest)
0.6400011777877808,0.6596322059631348,Q2
0.4911016523838043,0.8990909457206726,Q4 (highest)
0.6170346140861511,0.7038528919219971,Q2
0.7141818404197693,0.5129426717758179,Q1 (lowest)
0.7075346112251282,0.5077915787696838,Q1 (lowest)
0.6559277772903442,0.5886277556419373,Q2
0.7032405734062195,0.5414973497390747,Q1 (lowest)
0.7451261878013611,0.4217108190059662,Q1 (lowest)
0.5066685080528259,0.8720870614051819,Q4 (highest)
0.5742173790931702,0.7555475234985352,Q3
0.538287341594696,0.825637698173523,Q3
0.637751042842865,0.5948663949966431,Q2
0.4966481328010559,0.8770081996917725,Q4 (highest)
0.5368428230285645,0.8043607473373413,Q3
0.6369300484657288,0.6061149835586548,Q2
0.6493663191795349,0.5749247670173645,Q2
0.5280793309211731,0.825637698173523,Q3
0.46213498711586,0.9510926604270935,Q4 (highest)
0.5568159222602844,0.7502123713493347,Q3
0.5314087271690369,0.8182598352432251,Q3
0.44916000962257385,0.9752398133277893,Q4 (highest)
0.5501137971878052,0.7743863463401794,Q3
0.5917596220970154,0.6832495331764221,Q2
0.5091657638549805,0.854383647441864,Q4 (highest)
0.49781885743141174,0.8799922466278076,Q4 (highest)
0.587380051612854,0.7110482454299927,Q2
0.46484848856925964,0.9444308280944824,Q4 (highest)
0.589383602142334,0.7143551111221313,Q2
0.5261930227279663,0.8264527916908264,Q3
0.5054041147232056,0.8554120063781738,Q4 (highest)
0.5132289528846741,0.8493732810020447,Q4 (highest)
0.4675128161907196,0.936711847782135,Q4 (highest)
0.6954748630523682,0.45584815740585327,Q1 (lowest)
0.6775409579277039,0.5055897235870361,Q1 (lowest)
0.5737971067428589,0.7190894484519958,Q2
0.4935935437679291,0.8909742832183838,Q4 (highest)
0.5602189302444458,0.7883185148239136,Q3
0.6079225540161133,0.6802293658256531,Q2
0.6392757296562195,0.6188353896141052,Q2
0.692223072052002,0.5079801082611084,Q1 (lowest)
0.6865622401237488,0.5191699862480164,Q1 (lowest)
0.6378448605537415,0.6068010330200195,Q2
0.4825516641139984,0.9142053723335266,Q4 (highest)
0.533142626285553,0.7997888326644897,Q3
0.6499404311180115,0.5878612399101257,Q2
0.6708926558494568,0.5377582311630249,Q1 (lowest)
0.6905547380447388,0.5030887722969055,Q1 (lowest)
0.7136448621749878,0.41860416531562805,Q1 (lowest)
0.7138404250144958,0.4609833061695099,Q1 (lowest)
0.587784469127655,0.721157431602478,Q2
0.46004626154899597,0.9548220038414001,Q4 (highest)
0.5356257557868958,0.8169835805892944,Q3
0.7362003326416016,0.3898797929286957,Q1 (lowest)
0.7689228057861328,0.26930510997772217,Q1 (lowest)
0.7768550515174866,0.19529986381530762,Q1 (lowest)
0.7828299403190613,0.2597781717777252,Q1 (lowest)
0.7609265446662903,0.3283563554286957,Q1 (lowest)
0.7402635216712952,0.37977418303489685,Q1 (lowest)
0.7032098770141602,0.4410872459411621,Q1 (lowest)
0.6705281734466553,0.5277087092399597,Q1 (lowest)
0.6580791473388672,0.5450233221054077,Q2
0.6156951189041138,0.6506733894348145,Q2
0.48670369386672974,0.9017894268035889,Q4 (highest)
0.5649996995925903,0.747445821762085,Q3
0.6010213494300842,0.7201893925666809,Q2
0.6144928336143494,0.6363603472709656,Q2
0.6161699891090393,0.6300883889198303,Q2
0.48711395263671875,0.9045772552490234,Q4 (highest)
0.5396978259086609,0.785021185874939,Q3
0.6662514209747314,0.5444032549858093,Q2
0.7432477474212646,0.3764021098613739,Q1 (lowest)
0.7618812322616577,0.2839096188545227,Q1 (lowest)
0.7610441446304321,0.33670875430107117,Q1 (lowest)
0.7334532141685486,0.3564322888851166,Q1 (lowest)
0.7583052515983582,0.33548805117607117,Q1 (lowest)
0.7713308334350586,0.282793790102005,Q1 (lowest)
0.7720756530761719,0.2215396761894226,Q1 (lowest)
0.7754403948783875,0.20879070460796356,Q1 (lowest)
0.7610419392585754,0.27584248781204224,Q1 (lowest)
0.7343922257423401,0.3564322888851166,Q1 (lowest)
0.7230710387229919,0.4239339530467987,Q1 (lowest)
0.7068628668785095,0.4377284049987793,Q1 (lowest)
0.7292906641960144,0.3867574632167816,Q1 (lowest)
0.7552851438522339,0.3075800836086273,Q1 (lowest)
0.7694762945175171,0.24383550882339478,Q1 (lowest)
0.7629163861274719,0.2595844566822052,Q1 (lowest)
0.7428156733512878,0.33051973581314087,Q1 (lowest)
0.7505287528038025,0.3859911859035492,Q1 (lowest)
0.7306057810783386,0.3954777419567108,Q1 (lowest)
0.7465803623199463,0.3522460162639618,Q1 (lowest)
0.7627701163291931,0.2833012640476227,Q1 (lowest)
0.7791244387626648,0.21473264694213867,Q1 (lowest)
0.7879235744476318,0.15750549733638763,Q1 (lowest)
0.7873302698135376,0.12752529978752136,Q1 (lowest)
0.784202516078949,0.17030048370361328,Q1 (lowest)
0.787139356136322,0.21986854076385498,Q1 (lowest)
0.7748924493789673,0.2688026428222656,Q1 (lowest)
0.7647929787635803,0.32525214552879333,Q1 (lowest)
0.7101156115531921,0.4349503517150879,Q1 (lowest)
0.7049801349639893,0.5370510816574097,Q1 (lowest)
0.5527809262275696,0.7719305753707886,Q3
0.5146969556808472,0.8639907836914062,Q4 (highest)
0.4866924285888672,0.911685049533844,Q4 (highest)
0.532498836517334,0.8132243156433105,Q3
0.5871442556381226,0.6885094046592712,Q2
0.47145041823387146,0.9223278760910034,Q4 (highest)
0.5125913023948669,0.8506886959075928,Q4 (highest)
0.4974781572818756,0.8732956051826477,Q4 (highest)
0.5315178036689758,0.8078875541687012,Q3
0.4831707179546356,0.9092445373535156,Q4 (highest)
0.5700875520706177,0.7437736392021179,Q3
0.5535964369773865,0.7724938988685608,Q3
0.49919143319129944,0.8821795582771301,Q4 (highest)
0.48538896441459656,0.9040120840072632,Q4 (highest)
0.580490231513977,0.7394076585769653,Q3
0.5884643793106079,0.72185218334198,Q2
0.667243480682373,0.6041461229324341,Q2
0.7316226363182068,0.46388542652130127,Q1 (lowest)
0.7683162093162537,0.33441004157066345,Q1 (lowest)
0.7324970364570618,0.4612829089164734,Q1 (lowest)
0.6211149096488953,0.6677738428115845,Q2
0.4568451941013336,0.9651642441749573,Q4 (highest)
0.5502020120620728,0.8162235021591187,Q3
0.6923273801803589,0.5642391443252563,Q2
0.6623557209968567,0.6350372433662415,Q2
0.5280858278274536,0.8464655876159668,Q4 (highest)
0.6190943121910095,0.7039790153503418,Q2
0.639742910861969,0.5993795990943909,Q2
0.5598025321960449,0.7719305753707886,Q3
0.6154499650001526,0.6941602230072021,Q2
0.6867005228996277,0.49536463618278503,Q1 (lowest)
0.6103387475013733,0.6727228760719299,Q2
0.521520733833313,0.8451953530311584,Q3
0.5861801505088806,0.7279422283172607,Q2
0.752936065196991,0.3300699293613434,Q1 (lowest)
0.6870402693748474,0.4755677580833435,Q1 (lowest)
0.6042932868003845,0.6745450496673584,Q2
0.5349578261375427,0.8149659633636475,Q3
0.5995209217071533,0.7052440643310547,Q2
0.5935478806495667,0.6754085421562195,Q2
0.4924519658088684,0.8857843279838562,Q4 (highest)
0.46601200103759766,0.9385421276092529,Q4 (highest)
0.569242537021637,0.7317296862602234,Q3
0.48564907908439636,0.9040120840072632,Q4 (highest)
0.4699203670024872,0.9315419793128967,Q4 (highest)
0.5636137127876282,0.746962308883667,Q3
0.549675703048706,0.7782409191131592,Q3
0.576945960521698,0.73499995470047,Q3
0.491507351398468,0.8857843279838562,Q4 (highest)
0.5069280862808228,0.8639907836914062,Q4 (highest)
0.4712417721748352,0.934070885181427,Q4 (highest)
0.4634455740451813,0.9454799890518188,Q4 (highest)
0.5049050450325012,0.867003858089447,Q4 (highest)
0.6041761636734009,0.6652950644493103,Q2
0.5993029475212097,0.6677738428115845,Q2
0.6061939597129822,0.6595325469970703,Q2
0.572713315486908,0.7240937948226929,Q2
0.5498969554901123,0.7806000709533691,Q3
0.6269696950912476,0.6290620565414429,Q2
0.5778631567955017,0.7548712491989136,Q3
0.6032889485359192,0.7044839859008789,Q2
0.5653021335601807,0.7363558411598206,Q3
0.6612065434455872,0.5589167475700378,Q2
0.5999002456665039,0.6833624243736267,Q2
0.5870581865310669,0.7110482454299927,Q2
0.6702588200569153,0.5920069813728333,Q2
0.6097609400749207,0.6529709696769714,Q2
0.5886813998222351,0.6915489435195923,Q2
0.6550745368003845,0.5468945503234863,Q2
0.6794891357421875,0.5317968130111694,Q1 (lowest)
0.559754490852356,0.757764995098114,Q3
0.5251306891441345,0.8451953530311584,Q3
0.5994517803192139,0.7038528919219971,Q2
0.647171139717102,0.5669844150543213,Q2
0.7119615077972412,0.4109605848789215,Q1 (lowest)
0.7600281834602356,0.28987404704093933,Q1 (lowest)
0.7743903398513794,0.23418085277080536,Q1 (lowest)
0.7661614418029785,0.3259270191192627,Q1 (lowest)
0.6795530319213867,0.5410539507865906,Q1 (lowest)
0.6519541144371033,0.5557405948638916,Q2
0.5876833200454712,0.7418888807296753,Q3
0.5516659617424011,0.7741960287094116,Q3
0.5787745118141174,0.7279422283172607,Q2
0.5693853497505188,0.7696968913078308,Q3
0.5984184145927429,0.6727228760719299,Q2
0.573411226272583,0.7282307147979736,Q2
0.6747168302536011,0.5552654266357422,Q2
0.5338757038116455,0.7968922853469849,Q3
0.5233058929443359,0.8390346169471741,Q3
0.5971111059188843,0.6754085421562195,Q2
0.6791952252388,0.5055897235870361,Q1 (lowest)
0.7013434767723083,0.4615078866481781,Q1 (lowest)
0.7298353910446167,0.38709041476249695,Q1 (lowest)
0.7295562624931335,0.37700849771499634,Q1 (lowest)
0.7200153470039368,0.47364628314971924,Q1 (lowest)
0.6782448291778564,0.5160082578659058,Q1 (lowest)
0.6966391801834106,0.4711517095565796,Q1 (lowest)
0.7342056035995483,0.3737095892429352,Q1 (lowest)
0.7592655420303345,0.27941036224365234,Q1 (lowest)
0.7795761823654175,0.27891525626182556,Q1 (lowest)
0.7477130889892578,0.35154712200164795,Q1 (lowest)
0.7213558554649353,0.46437957882881165,Q1 (lowest)
0.6559680700302124,0.5960939526557922,Q2
0.6176247596740723,0.6298313140869141,Q2
0.6693684458732605,0.5176324248313904,Q1 (lowest)
0.713984489440918,0.41148412227630615,Q1 (lowest)
0.7552851438522339,0.3075800836086273,Q1 (lowest)
0.7613052725791931,0.3232433497905731,Q1 (lowest)
0.7063202261924744,0.43782833218574524,Q1 (lowest)
0.6669756770133972,0.547579288482666,Q2
0.6518687605857849,0.5694488883018494,Q2
0.7059351801872253,0.47787341475486755,Q1 (lowest)
0.754983127117157,0.3593882918357849,Q1 (lowest)
0.7826349139213562,0.25918570160865784,Q1 (lowest)
0.7853008508682251,0.183616504073143,Q1 (lowest)
0.7861689925193787,0.15405087172985077,Q1 (lowest)
0.7759204506874084,0.2130414843559265,Q1 (lowest)
0.7549660801887512,0.28713124990463257,Q1 (lowest)
0.7456595301628113,0.3694160282611847,Q1 (lowest)
0.7297195792198181,0.43390217423439026,Q1 (lowest)
0.669827401638031,0.5354282855987549,Q1 (lowest)
0.5958201885223389,0.7339527606964111,Q3
0.551057755947113,0.7782409191131592,Q3
0.5119771361351013,0.8451953530311584,Q3
0.47332459688186646,0.936711847782135,Q4 (highest)
0.5010939836502075,0.8643630146980286,Q4 (highest)
0.4760623872280121,0.9237772822380066,Q4 (highest)
0.47357186675071716,0.9223278760910034,Q4 (highest)
0.4906657338142395,0.8895301222801208,Q4 (highest)
0.5525285005569458,0.7827948331832886,Q3
0.5247494578361511,0.8599777817726135,Q4 (highest)
0.5737791061401367,0.7394076585769653,Q3
0.5030244588851929,0.8720870614051819,Q4 (highest)
0.4899565875530243,0.8876386284828186,Q4 (highest)
0.5168694853782654,0.8426939845085144,Q3
0.6048547625541687,0.6832495331764221,Q2
0.501181423664093,0.8821795582771301,Q4 (highest)
0.47843313217163086,0.9161525368690491,Q4 (highest)
0.5878424644470215,0.7596648931503296,Q3
0.7047355771064758,0.5264669060707092,Q1 (lowest)
0.7507889866828918,0.36397096514701843,Q1 (lowest)
0.7335752248764038,0.4434041976928711,Q1 (lowest)
0.6627290844917297,0.6272785663604736,Q2
0.5402970314025879,0.8169835805892944,Q3
0.5216744542121887,0.8448798656463623,Q3
0.5989295244216919,0.6888575553894043,Q2
0.4874570965766907,0.9034509062767029,Q4 (highest)
0.5448655486106873,0.8022855520248413,Q3
0.6493501663208008,0.5642391443252563,Q2
0.6445947885513306,0.633461058139801,Q2
0.6173533797264099,0.6363603472709656,Q2
0.6433038711547852,0.5725876688957214,Q2
0.585715115070343,0.7002353072166443,Q2
0.576308012008667,0.721157431602478,Q2
0.49728354811668396,0.8737016320228577,Q4 (highest)
0.4925651550292969,0.8909742832183838,Q4 (highest)
0.4646839201450348,0.9414055943489075,Q4 (highest)
0.764243483543396,0.2458149492740631,Q1 (lowest)
0.7463847994804382,0.35567373037338257,Q1 (lowest)
0.6832275986671448,0.5142995119094849,Q1 (lowest)
0.5618337988853455,0.7414208650588989,Q3
0.5265704989433289,0.8132243156433105,Q3
0.639270007610321,0.5832533240318298,Q2
0.5838741064071655,0.7640668153762817,Q3
0.4873824119567871,0.9040120840072632,Q4 (highest)
0.5852236747741699,0.709612250328064,Q2
0.518373429775238,0.8320200443267822,Q3
0.5451669692993164,0.7772682905197144,Q3
0.6333050727844238,0.5993795990943909,Q2
0.6060832142829895,0.6741147637367249,Q2
0.5848425626754761,0.703349769115448,Q2
0.48983827233314514,0.8996238112449646,Q4 (highest)
0.5063349008560181,0.867003858089447,Q4 (highest)
0.4728219211101532,0.934070885181427,Q4 (highest)
0.5257015824317932,0.8169835805892944,Q3
0.49474579095840454,0.8939325213432312,Q4 (highest)
0.5220521092414856,0.8346053957939148,Q3
0.5067278742790222,0.8599777817726135,Q4 (highest)
0.5127930045127869,0.8506886959075928,Q4 (highest)
0.5053348541259766,0.8643630146980286,Q4 (highest)
0.6446892619132996,0.5853725075721741,Q2
0.5389158725738525,0.789994478225708,Q3
0.46688032150268555,0.9454799890518188,Q4 (highest)
0.4948248863220215,0.8862445950508118,Q4 (highest)
0.4895133972167969,0.8919497728347778,Q4 (highest)
0.6003193855285645,0.6648849844932556,Q2
0.6416645646095276,0.5820329785346985,Q2
0.5855558514595032,0.7110482454299927,Q2
0.6170324683189392,0.6407451033592224,Q2
0.5505532622337341,0.7968922853469849,Q3
0.5133249163627625,0.8390346169471741,Q3
0.6368549466133118,0.591227650642395,Q2
0.5968965888023376,0.6753004193305969,Q2
0.653251588344574,0.6102665662765503,Q2
0.6104422807693481,0.6874685883522034,Q2
0.5123521089553833,0.8603366017341614,Q4 (highest)
0.5294192433357239,0.805995762348175,Q3
0.619421660900116,0.638227641582489,Q2
0.7064197063446045,0.4409518241882324,Q1 (lowest)
0.7655690312385559,0.3046058416366577,Q1 (lowest)
0.7645456194877625,0.28851133584976196,Q1 (lowest)
0.7266172766685486,0.3733757734298706,Q1 (lowest)
0.5442240238189697,0.784613847732544,Q3
0.5530213713645935,0.7817933559417725,Q3
0.5933891534805298,0.7174521684646606,Q2
0.6371588706970215,0.6588365435600281,Q2
0.6585283875465393,0.5943630933761597,Q2
0.6644474864006042,0.5351591110229492,Q1 (lowest)
0.6309220194816589,0.6086419224739075,Q2
0.6587000489234924,0.6217748522758484,Q2
0.6787354350090027,0.5123639106750488,Q1 (lowest)
0.6823946833610535,0.5348901748657227,Q1 (lowest)
0.6212703585624695,0.6745450496673584,Q2
0.6278814673423767,0.6487790942192078,Q2
0.6841979622840881,0.49826642870903015,Q1 (lowest)
0.6161655783653259,0.6360066533088684,Q2
0.6206749081611633,0.6298313140869141,Q2
0.7044388055801392,0.46430346369743347,Q1 (lowest)
0.7432177662849426,0.329621285200119,Q1 (lowest)
0.7579543590545654,0.3765232563018799,Q1 (lowest)
0.7335885763168335,0.45801180601119995,Q1 (lowest)
0.6826739311218262,0.5892571210861206,Q2
0.5534231066703796,0.7740060687065125,Q3
0.5066685080528259,0.8720870614051819,Q4 (highest)
0.6945525407791138,0.5072272419929504,Q1 (lowest)
0.7387511134147644,0.35675832629203796,Q1 (lowest)
0.7324928641319275,0.366822749376297,Q1 (lowest)
0.6709790229797363,0.5261061787605286,Q1 (lowest)
0.5653218626976013,0.7371137142181396,Q3
0.6629202961921692,0.5915815234184265,Q2
0.7318146824836731,0.4152192771434784,Q1 (lowest)
0.7769745588302612,0.2930092513561249,Q1 (lowest)
0.789772629737854,0.21040965616703033,Q1 (lowest)
0.7909365892410278,0.20036470890045166,Q1 (lowest)
0.783199667930603,0.24997083842754364,Q1 (lowest)
0.7503414750099182,0.35233092308044434,Q1 (lowest)
0.7248703837394714,0.4834827184677124,Q1 (lowest)
0.6728314161300659,0.6148229241371155,Q2
0.6565364003181458,0.6283807754516602,Q2
0.5462660193443298,0.7817933559417725,Q3
0.47233304381370544,0.936711847782135,Q4 (highest)
0.5139455795288086,0.825637698173523,Q3
0.5685316920280457,0.7674940228462219,Q3
0.5294586420059204,0.8132243156433105,Q3
0.5782459378242493,0.7535267472267151,Q3
0.6273034811019897,0.6298313140869141,Q2
0.6367918848991394,0.6272785663604736,Q2
0.6507906913757324,0.5868206024169922,Q2
0.6473019123077393,0.5924333333969116,Q2
0.6712485551834106,0.5254892706871033,Q1 (lowest)
0.6422960162162781,0.6154595613479614,Q2
0.6001216173171997,0.7333571314811707,Q3
0.6119534373283386,0.6613337993621826,Q2
0.7466374635696411,0.3520551323890686,Q1 (lowest)
0.7128004431724548,0.48571136593818665,Q1 (lowest)
0.6377527713775635,0.646157443523407,Q2
0.5912452936172485,0.7282307147979736,Q2
0.60306316614151,0.6592339277267456,Q2
0.6236251592636108,0.6385852694511414,Q2
0.5876426100730896,0.763888418674469,Q3
0.667451024055481,0.6271095275878906,Q2
0.6809892058372498,0.49536463618278503,Q1 (lowest)
0.5802201628684998,0.7114419341087341,Q2
0.48374396562576294,0.911685049533844,Q4 (highest)
0.5176904797554016,0.8585532903671265,Q4 (highest)
0.5508703589439392,0.7622917890548706,Q3
0.4979260563850403,0.8857843279838562,Q4 (highest)
0.5544539093971252,0.7827948331832886,Q3
0.5470574498176575,0.80046546459198,Q3
0.5037760734558105,0.868930459022522,Q4 (highest)
0.4740239083766937,0.9275433421134949,Q4 (highest)
0.5286068320274353,0.8245585560798645,Q3
0.6013705134391785,0.7138218879699707,Q2
0.6228079795837402,0.6526823043823242,Q2
0.755455493927002,0.34759578108787537,Q1 (lowest)
0.7304694056510925,0.36855530738830566,Q1 (lowest)
0.6927040815353394,0.4853312075138092,Q1 (lowest)
0.607926070690155,0.6621397733688354,Q2
0.5187615752220154,0.8320200443267822,Q3
0.5277144312858582,0.8297645449638367,Q3
0.6467324495315552,0.584755003452301,Q2
0.5826557278633118,0.7018482089042664,Q2
0.45849037170410156,0.9548220038414001,Q4 (highest)
0.5534812211990356,0.7772682905197144,Q3
0.4933319091796875,0.9017894268035889,Q4 (highest)
0.4929347038269043,0.8919497728347778,Q4 (highest)
0.5168551802635193,0.8331627249717712,Q3
0.5976735949516296,0.6669440865516663,Q2
0.6858379244804382,0.4955863952636719,Q1 (lowest)
0.6468533873558044,0.5634967684745789,Q2
0.5338746905326843,0.8132243156433105,Q3
0.5172140598297119,0.8448798656463623,Q3
0.5222092866897583,0.8221619725227356,Q3
0.5930635333061218,0.694399356842041,Q2
0.6108275651931763,0.6668405532836914,Q2
0.5905779600143433,0.7038528919219971,Q2
0.47525548934936523,0.9275433421134949,Q4 (highest)
0.5125167369842529,0.8448798656463623,Q3
0.557496190071106,0.7589714527130127,Q3
0.5660957098007202,0.7327635288238525,Q3
0.49989065527915955,0.8770081996917725,Q4 (highest)
0.5434882044792175,0.7944848537445068,Q3
0.6409061551094055,0.5831174254417419,Q2
0.5698119401931763,0.7339527606964111,Q3
0.45374950766563416,0.9651642441749573,Q4 (highest)
0.5584160089492798,0.746962308883667,Q3
0.5905776023864746,0.6983917355537415,Q2
0.6571879982948303,0.5422200560569763,Q1 (lowest)
0.6444246172904968,0.5870282649993896,Q2
0.5919273495674133,0.6992497444152832,Q2
0.5216264128684998,0.8354789614677429,Q3
0.619633138179779,0.666117787361145,Q2
0.6395936012268066,0.6217748522758484,Q2
0.6764387488365173,0.5005724430084229,Q1 (lowest)
0.6396922469139099,0.596964955329895,Q2
0.5968096256256104,0.6825742125511169,Q2
0.6655166745185852,0.5786141753196716,Q2
0.6394286155700684,0.6290620565414429,Q2
0.603265106678009,0.6627464294433594,Q2
0.653103232383728,0.5924333333969116,Q2
0.5172465443611145,0.8426939845085144,Q3
0.45374950766563416,0.9651642441749573,Q4 (highest)
0.5979864001274109,0.7279422283172607,Q2
0.621616542339325,0.6701797246932983,Q2
0.6914244294166565,0.5510374307632446,Q2
0.7255164980888367,0.40343981981277466,Q1 (lowest)
0.7531546950340271,0.31927749514579773,Q1 (lowest)
0.7316631078720093,0.4026869833469391,Q1 (lowest)
0.708486020565033,0.4538520276546478,Q1 (lowest)
0.6594228744506836,0.5392347574234009,Q1 (lowest)
0.5548787117004395,0.7555475234985352,Q3
0.5299891829490662,0.8062308430671692,Q3
0.6435174345970154,0.6058868765830994,Q2
0.5948492288589478,0.7222703099250793,Q2
0.6024935841560364,0.6780229210853577,Q2
0.5675945281982422,0.7555475234985352,Q3
0.6624135971069336,0.5927181243896484,Q2
0.7087849974632263,0.48583823442459106,Q1 (lowest)
0.6830838322639465,0.4849938452243805,Q1 (lowest)
0.5121084451675415,0.8516849279403687,Q4 (highest)
0.6217244267463684,0.6484964489936829,Q2
0.7204437851905823,0.49011337757110596,Q1 (lowest)
0.6395484209060669,0.6037696599960327,Q2
0.5020512938499451,0.8741092085838318,Q4 (highest)
0.5284941792488098,0.8078875541687012,Q3
0.6898710131645203,0.558133065700531,Q2
0.6670991778373718,0.5709801912307739,Q2
0.5415762066841125,0.7811956405639648,Q3
0.5695348978042603,0.7305554747581482,Q3
0.6891341805458069,0.50461345911026,Q1 (lowest)
0.7525812387466431,0.3485495150089264,Q1 (lowest)
0.6940059661865234,0.4758092164993286,Q1 (lowest)
0.6642922759056091,0.6342476010322571,Q2
0.5916971564292908,0.747445821762085,Q3
0.47553059458732605,0.9223278760910034,Q4 (highest)
0.5628434419631958,0.7548712491989136,Q3
0.6940494775772095,0.528436541557312,Q1 (lowest)
0.7331576347351074,0.3663404881954193,Q1 (lowest)
0.740024745464325,0.3660655915737152,Q1 (lowest)
0.5744859576225281,0.73818039894104,Q3
0.6195915341377258,0.6454147696495056,Q2
0.6896481513977051,0.46590760350227356,Q1 (lowest)
0.7433882355690002,0.35326749086380005,Q1 (lowest)
0.7659003138542175,0.25918570160865784,Q1 (lowest)
0.7777396440505981,0.28778350353240967,Q1 (lowest)
0.7700459361076355,0.29715806245803833,Q1 (lowest)
0.7328392863273621,0.39165741205215454,Q1 (lowest)
0.6845588088035583,0.5645492672920227,Q2
0.5474461317062378,0.8052927851676941,Q3
0.5130392909049988,0.8430038690567017,Q3
0.4940663278102875,0.8857843279838562,Q4 (highest)
0.4650871753692627,0.9510926604270935,Q4 (highest)
0.46969977021217346,0.8990909457206726,Q4 (highest)
0.6031127572059631,0.6486847996711731,Q2
0.6560336351394653,0.5749247670173645,Q2
0.6760045886039734,0.5482663512229919,Q2
0.623607873916626,0.6432034969329834,Q2
0.5476197600364685,0.8162235021591187,Q3
0.5818066596984863,0.7333571314811707,Q3
0.7083933353424072,0.528228223323822,Q1 (lowest)
0.7233156561851501,0.48787909746170044,Q1 (lowest)
0.7267946004867554,0.44371289014816284,Q1 (lowest)
0.7366306185722351,0.4105253219604492,Q1 (lowest)
0.7318969964981079,0.38568562269210815,Q1 (lowest)
0.7069188952445984,0.44826099276542664,Q1 (lowest)
0.7104541659355164,0.5085939168930054,Q1 (lowest)
0.7259623408317566,0.48037028312683105,Q1 (lowest)
0.7487215995788574,0.3921571373939514,Q1 (lowest)
0.7451484203338623,0.3849237263202667,Q1 (lowest)
0.6743977665901184,0.5566942095756531,Q2
0.5312345623970032,0.8022855520248413,Q3
0.6312627792358398,0.6648849844932556,Q2
0.7083900570869446,0.48049384355545044,Q1 (lowest)
0.6968681812286377,0.5277087092399597,Q1 (lowest)
0.7277856469154358,0.47512587904930115,Q1 (lowest)
0.7033236026763916,0.47641420364379883,Q1 (lowest)
0.5003522038459778,0.8720870614051819,Q4 (highest)
0.5313486456871033,0.8062308430671692,Q3
0.5020632147789001,0.8724883794784546,Q4 (highest)
0.511640727519989,0.867003858089447,Q4 (highest)
0.523330807685852,0.8610580563545227,Q4 (highest)
0.6703954339027405,0.6177843809127808,Q2
0.7035586833953857,0.5068517327308655,Q1 (lowest)
0.663698673248291,0.5827100872993469,Q2
0.6752653121948242,0.539289653301239,Q1 (lowest)
0.748643696308136,0.38538050651550293,Q1 (lowest)
0.6830479502677917,0.48787909746170044,Q1 (lowest)
0.6637424826622009,0.5334978103637695,Q1 (lowest)
0.6565612554550171,0.5455885529518127,Q2
0.6525610685348511,0.5645492672920227,Q2
0.5800490975379944,0.716503918170929,Q2
0.6833153963088989,0.5254892706871033,Q1 (lowest)
0.6876184940338135,0.48432087898254395,Q1 (lowest)
0.5763451457023621,0.7105247974395752,Q2
0.4755292534828186,0.9181523323059082,Q4 (highest)
0.48857006430625916,0.8939325213432312,Q4 (highest)
0.5001294016838074,0.8677703142166138,Q4 (highest)
0.4675128161907196,0.936711847782135,Q4 (highest)
0.6577224731445312,0.545815110206604,Q2
0.5981515049934387,0.6727228760719299,Q2
0.6014901399612427,0.6762760281562805,Q2
0.633272111415863,0.6304317116737366,Q2
0.5820157527923584,0.7124958634376526,Q2
0.5465261340141296,0.8137197494506836,Q3
0.638411283493042,0.6142675280570984,Q2
0.5854037404060364,0.6993726491928101,Q2
0.5647985339164734,0.740179181098938,Q3
0.5964213609695435,0.6762760281562805,Q2
0.5220521092414856,0.8346053957939148,Q3
0.5573250651359558,0.7806000709533691,Q3
0.5339102149009705,0.798222005367279,Q3
0.5482790470123291,0.7689592242240906,Q3
0.6525833010673523,0.5509793162345886,Q2
0.5763409733772278,0.7222703099250793,Q2
0.6527145504951477,0.6214460730552673,Q2
0.6515845656394958,0.5875831842422485,Q2
0.5547699332237244,0.7782409191131592,Q3
0.5512467622756958,0.7772682905197144,Q3
0.5574880838394165,0.7530254125595093,Q3
0.4981740117073059,0.8839653134346008,Q4 (highest)
0.5092074275016785,0.8610580563545227,Q4 (highest)
0.6062540411949158,0.6695492267608643,Q2
0.6098605990409851,0.6432034969329834,Q2
0.6089340448379517,0.6690253615379333,Q2
0.7152335047721863,0.47452473640441895,Q1 (lowest)
0.6983466744422913,0.4487180709838867,Q1 (lowest)
0.5898006558418274,0.6940407156944275,Q2
0.4821639955043793,0.9142053723335266,Q4 (highest)
0.48246556520462036,0.9135674834251404,Q4 (highest)
0.5410761833190918,0.7991153001785278,Q3
0.5417011380195618,0.7919024229049683,Q3
0.6599828004837036,0.5618361830711365,Q2
0.7295054793357849,0.4128873944282532,Q1 (lowest)
0.7401658296585083,0.35885924100875854,Q1 (lowest)
0.7155998945236206,0.4253363311290741,Q1 (lowest)
0.6686305999755859,0.5387961864471436,Q1 (lowest)
0.6071721315383911,0.6541300415992737,Q2
0.6296249032020569,0.6259303689002991,Q2
0.6322495341300964,0.608718991279602,Q2
0.6532310247421265,0.5990853905677795,Q2
0.612006425857544,0.6677738428115845,Q2
0.5670754313468933,0.73818039894104,Q3
0.7014836668968201,0.5252326726913452,Q1 (lowest)
0.6582446098327637,0.5669844150543213,Q2
0.585715115070343,0.7002353072166443,Q2
0.644279956817627,0.6353011131286621,Q2
0.6283025145530701,0.6715531349182129,Q2
0.5458075404167175,0.8110164999961853,Q3
0.6579771041870117,0.5629417896270752,Q2
0.6808929443359375,0.5348901748657227,Q1 (lowest)
0.6191434860229492,0.6789024472236633,Q2
0.6046133041381836,0.6588365435600281,Q2
0.7028378248214722,0.5042891502380371,Q1 (lowest)
0.6499379277229309,0.573104739189148,Q2
0.5440475344657898,0.7879023551940918,Q3
0.5172572135925293,0.8343155384063721,Q3
0.6313402056694031,0.6312062740325928,Q2
0.7133137583732605,0.4616204500198364,Q1 (lowest)
0.7447726726531982,0.3604510426521301,Q1 (lowest)
0.6838788390159607,0.5218256115913391,Q1 (lowest)
0.5990524291992188,0.755378246307373,Q3
0.4796508848667145,0.9135674834251404,Q4 (highest)
0.504704475402832,0.867003858089447,Q4 (highest)
0.5560914278030396,0.7626451849937439,Q3
0.6406595706939697,0.5870282649993896,Q2
0.7185209393501282,0.45309507846832275,Q1 (lowest)
0.7575038075447083,0.3301260471343994,Q1 (lowest)
0.749669075012207,0.3281896114349365,Q1 (lowest)
0.6988850831985474,0.4589357376098633,Q1 (lowest)
0.6345881223678589,0.6091820597648621,Q2
0.5964369773864746,0.72185218334198,Q2
0.5448738932609558,0.7817933559417725,Q3
0.674206018447876,0.5903103947639465,Q2
0.731701135635376,0.4194217324256897,Q1 (lowest)
0.7537767291069031,0.3593882918357849,Q1 (lowest)
0.7458590269088745,0.4140350818634033,Q1 (lowest)
0.7426690459251404,0.4297325015068054,Q1 (lowest)
0.7256253361701965,0.38555842638015747,Q1 (lowest)
0.5641922354698181,0.7575933337211609,Q3
0.5210415124893188,0.8245585560798645,Q3
0.4759760797023773,0.9307215809822083,Q4 (highest)
0.5039470791816711,0.8770081996917725,Q4 (highest)
0.6386371850967407,0.6093366146087646,Q2
0.7021280527114868,0.45804867148399353,Q1 (lowest)
0.6447854042053223,0.6524901390075684,Q2
0.5152190327644348,0.8439382910728455,Q3
0.5921484231948853,0.6796753406524658,Q2
0.6548654437065125,0.6068010330200195,Q2
0.6243519186973572,0.7062625288963318,Q2
0.6757108569145203,0.596964955329895,Q2
0.7403876185417175,0.43703025579452515,Q1 (lowest)
0.7516875863075256,0.3653114438056946,Q1 (lowest)
0.7059985399246216,0.4725733995437622,Q1 (lowest)
0.6664443016052246,0.5383585095405579,Q1 (lowest)
0.7002316117286682,0.5005724430084229,Q1 (lowest)
0.7272664904594421,0.39842137694358826,Q1 (lowest)
0.7563592791557312,0.3666159212589264,Q1 (lowest)
0.6742785573005676,0.5157142877578735,Q1 (lowest)
0.5903717279434204,0.6860898733139038,Q2
0.5545440912246704,0.7988914847373962,Q3
0.6101694703102112,0.6425631642341614,Q2
0.7186601161956787,0.4565790295600891,Q1 (lowest)
0.7351496815681458,0.364515095949173,Q1 (lowest)
0.7670247554779053,0.340025931596756,Q1 (lowest)
0.7786197662353516,0.2842075228691101,Q1 (lowest)
0.6672526597976685,0.5469515323638916,Q2
0.6177536249160767,0.6628477573394775,Q2
0.45788413286209106,0.9561408758163452,Q4 (highest)
0.5588042140007019,0.7868671417236328,Q3
0.48616811633110046,0.9017894268035889,Q4 (highest)
0.44798728823661804,0.9778246283531189,Q4 (highest)
0.5935524702072144,0.7222703099250793,Q2
0.6064696311950684,0.6522021293640137,Q2
0.5622658729553223,0.7596648931503296,Q3
0.4899778366088867,0.8909742832183838,Q4 (highest)
0.6153275370597839,0.6941602230072021,Q2
0.7117301225662231,0.5194689035415649,Q1 (lowest)
0.6141273975372314,0.6391230821609497,Q2
0.527549684047699,0.8402424454689026,Q3
0.5829127430915833,0.7072865962982178,Q2
0.7062055468559265,0.4998461604118347,Q1 (lowest)
0.7699756622314453,0.32700857520103455,Q1 (lowest)
0.7225898504257202,0.46648353338241577,Q1 (lowest)
0.6280943155288696,0.6486847996711731,Q2
0.5551155209541321,0.7719305753707886,Q3
0.5375667214393616,0.7893638014793396,Q3
0.602227509021759,0.6648849844932556,Q2
0.5249234437942505,0.8354789614677429,Q3
0.5212159752845764,0.8261805176734924,Q3
0.6540435552597046,0.5707882046699524,Q2
0.6302327513694763,0.6079496145248413,Q2
0.5290914177894592,0.810046374797821,Q3
0.5902926325798035,0.7124958634376526,Q2
0.5254516005516052,0.8093230724334717,Q3
0.5493294596672058,0.7782409191131592,Q3
0.5196360945701599,0.8169835805892944,Q3
0.5427252650260925,0.8137197494506836,Q3
0.646697461605072,0.5705962181091309,Q2
0.5206477046012878,0.8253670334815979,Q3
0.5222153067588806,0.8346053957939148,Q3
0.5702598094940186,0.7270797491073608,Q2
0.6590666174888611,0.5677395462989807,Q2
0.6602699160575867,0.5412755608558655,Q1 (lowest)
0.5457972884178162,0.7740060687065125,Q3
0.48251157999038696,0.9181523323059082,Q4 (highest)
0.5876834988594055,0.7079295516014099,Q2
0.6131563782691956,0.6627464294433594,Q2
0.4976089596748352,0.8821795582771301,Q4 (highest)
0.5207069516181946,0.8306058049201965,Q3
0.5486436486244202,0.7709960341453552,Q3
0.6401330828666687,0.6253433227539062,Q2
0.7045132517814636,0.4559940993785858,Q1 (lowest)
0.7135890126228333,0.4525561034679413,Q1 (lowest)
0.7037060260772705,0.49894198775291443,Q1 (lowest)
0.7054709196090698,0.45967790484428406,Q1 (lowest)
0.6381295323371887,0.6061911582946777,Q2
0.5131790041923523,0.8393353819847107,Q3
0.5004977583885193,0.867003858089447,Q4 (highest)
0.5401847958564758,0.7854294180870056,Q3
0.5255634188652039,0.8200668096542358,Q3
0.5154375433921814,0.8585532903671265,Q4 (highest)
0.6911060214042664,0.46237263083457947,Q1 (lowest)
0.5109487771987915,0.8439382910728455,Q3
0.6172708868980408,0.6796753406524658,Q2
0.6968685388565063,0.46648353338241577,Q1 (lowest)
0.6046936511993408,0.6524901390075684,Q2
0.5341222882270813,0.8081257939338684,Q3
0.45273610949516296,0.9687837958335876,Q4 (highest)
0.5123101472854614,0.8516849279403687,Q4 (highest)
0.5825201272964478,0.7386395931243896,Q3
0.6586474776268005,0.598425030708313,Q2
0.7007157206535339,0.4622596204280853,Q1 (lowest)
0.6899887323379517,0.46648353338241577,Q1 (lowest)
0.6301206946372986,0.5993795990943909,Q2
0.5920867323875427,0.6922574043273926,Q2
0.4831707179546356,0.9092445373535156,Q4 (highest)
0.5131790041923523,0.8393353819847107,Q3
0.5399933457374573,0.8016003370285034,Q3
0.6016455292701721,0.6888575553894043,Q2
0.6632968187332153,0.6110448241233826,Q2
0.7077891230583191,0.4589357376098633,Q1 (lowest)
0.624400794506073,0.6384958624839783,Q2
0.507684051990509,0.8506886959075928,Q4 (highest)
0.46768656373023987,0.9349380135536194,Q4 (highest)
0.5724565386772156,0.7471233010292053,Q3
0.667435348033905,0.5220275521278381,Q1 (lowest)
0.725631058216095,0.4094846844673157,Q1 (lowest)
0.6998782753944397,0.4755677580833435,Q1 (lowest)
0.6971714496612549,0.4679889380931854,Q1 (lowest)
0.7259154915809631,0.4220181405544281,Q1 (lowest)
0.6738393306732178,0.5695124268531799,Q2
0.6019695401191711,0.674437403678894,Q2
0.6252685785293579,0.6213639974594116,Q2
0.6779542565345764,0.4998461604118347,Q1 (lowest)
0.7376255393028259,0.37898677587509155,Q1 (lowest)
0.7442647814750671,0.33647558093070984,Q1 (lowest)
0.6977338194847107,0.47056224942207336,Q1 (lowest)
0.6692532896995544,0.6230124235153198,Q2
0.5043713450431824,0.8732956051826477,Q4 (highest)
0.5129327774047852,0.8533643484115601,Q4 (highest)
0.6362523436546326,0.6552960276603699,Q2
0.7172354459762573,0.45912104845046997,Q1 (lowest)
0.7491232752799988,0.35154712200164795,Q1 (lowest)
0.7413137555122375,0.3450705111026764,Q1 (lowest)
0.7471837997436523,0.3404226303100586,Q1 (lowest)
0.7217586636543274,0.4034677743911743,Q1 (lowest)
0.556248128414154,0.7743863463401794,Q3
0.6355422735214233,0.6230124235153198,Q2
0.6880730390548706,0.4814438819885254,Q1 (lowest)
0.6495485305786133,0.5915815234184265,Q2
0.6301175951957703,0.6203814148902893,Q2
0.6985108852386475,0.5218761563301086,Q1 (lowest)
0.707242488861084,0.44896459579467773,Q1 (lowest)
0.6620336771011353,0.5606147050857544,Q2
0.4687756597995758,0.9414055943489075,Q4 (highest)
0.550452709197998,0.789994478225708,Q3
0.454547643661499,0.9510926604270935,Q4 (highest)
0.49609431624412537,0.8934327960014343,Q4 (highest)
0.6084575653076172,0.7062625288963318,Q2
0.6727871298789978,0.5538464188575745,Q2
0.721855640411377,0.39749830961227417,Q1 (lowest)
0.7011370658874512,0.5137168765068054,Q1 (lowest)
0.6704686284065247,0.583525538444519,Q2
0.618992030620575,0.6588365435600281,Q2
0.5934242010116577,0.6980251669883728,Q2
0.4506964683532715,0.9752398133277893,Q4 (highest)
0.5920894742012024,0.6825742125511169,Q2
0.7264329791069031,0.4716245234012604,Q1 (lowest)
0.7209720015525818,0.43455666303634644,Q1 (lowest)
0.6310804486274719,0.6112008094787598,Q2
0.6076550483703613,0.6718714237213135,Q2
0.6936774253845215,0.4865162968635559,Q1 (lowest)
0.7666628956794739,0.3415781855583191,Q1 (lowest)
0.73256516456604,0.4075341820716858,Q1 (lowest)
0.7111815214157104,0.5029506683349609,Q1 (lowest)
0.6924546360969543,0.5519110560417175,Q2
0.6911864280700684,0.49359914660453796,Q1 (lowest)
0.7303973436355591,0.3837111294269562,Q1 (lowest)
0.7680820822715759,0.2811138927936554,Q1 (lowest)
0.7762540578842163,0.23910382390022278,Q1 (lowest)
0.78663170337677,0.2079472839832306,Q1 (lowest)
0.7906906008720398,0.16907380521297455,Q1 (lowest)
0.5903487801551819,0.6954796314239502,Q2
0.6175165176391602,0.6754085421562195,Q2
0.5811523795127869,0.7292439937591553,Q3
0.5929794311523438,0.7043576240539551,Q2
0.6296923756599426,0.6212819218635559,Q2
0.7000697255134583,0.46388542652130127,Q1 (lowest)
0.6348525285720825,0.6041461229324341,Q2
0.62599778175354,0.6454147696495056,Q2
0.6841034293174744,0.5298998951911926,Q1 (lowest)
0.6560284495353699,0.6079496145248413,Q2
0.5242614150047302,0.8464655876159668,Q4 (highest)
0.5171432495117188,0.8311696648597717,Q3
0.6131263971328735,0.6992497444152832,Q2
0.6851586699485779,0.496966689825058,Q1 (lowest)
0.7655152678489685,0.3464416265487671,Q1 (lowest)
0.76385897397995,0.30441269278526306,Q1 (lowest)
0.7336204648017883,0.38303253054618835,Q1 (lowest)
0.7267135977745056,0.4328920841217041,Q1 (lowest)
0.6720561385154724,0.5469515323638916,Q2
0.5960007309913635,0.6940407156944275,Q2
0.4897226393222809,0.8895301222801208,Q4 (highest)
0.5980509519577026,0.6695492267608643,Q2
0.5826337933540344,0.7179962396621704,Q2
0.5831047296524048,0.7124958634376526,Q2
0.6290282607078552,0.6104997396469116,Q2
0.5350000858306885,0.8182598352432251,Q3
0.5841870307922363,0.7169095873832703,Q2
0.504417359828949,0.8704970479011536,Q4 (highest)
0.5135576128959656,0.8062308430671692,Q3
0.5282984972000122,0.8218982219696045,Q3
0.583929717540741,0.6992497444152832,Q2
0.5446830987930298,0.7854294180870056,Q3
0.5481839776039124,0.7719305753707886,Q3
0.5949991941452026,0.6825742125511169,Q2
0.538296639919281,0.8117485642433167,Q3
0.568210780620575,0.7418888807296753,Q3
0.6660668849945068,0.5277087092399597,Q1 (lowest)
0.5737971067428589,0.7190894484519958,Q2
0.532996654510498,0.805995762348175,Q3
0.5392254590988159,0.7893638014793396,Q3
0.6173905730247498,0.6424718499183655,Q2
0.5983551144599915,0.6669440865516663,Q2
0.690991997718811,0.4930724501609802,Q1 (lowest)
0.7386671304702759,0.3708910644054413,Q1 (lowest)
0.7620554566383362,0.32259687781333923,Q1 (lowest)
0.7239891886711121,0.4005560874938965,Q1 (lowest)
0.6650562882423401,0.560553789138794,Q2
0.5711178183555603,0.721157431602478,Q2
0.5719363689422607,0.7236713171005249,Q2
0.45849037170410156,0.9548220038414001,Q4 (highest)
0.4606356620788574,0.9535431861877441,Q4 (highest)
0.6393086910247803,0.5990853905677795,Q2
0.6381651163101196,0.6061149835586548,Q2
0.6407164931297302,0.583525538444519,Q2
0.6741726994514465,0.5269317030906677,Q1 (lowest)
0.7189146876335144,0.3941957354545593,Q1 (lowest)
0.6455077528953552,0.5705962181091309,Q2
0.4950450360774994,0.8857843279838562,Q4 (highest)
0.5569921731948853,0.7637102603912354,Q3
0.6648032069206238,0.5311097502708435,Q1 (lowest)
0.6595142483711243,0.5370510816574097,Q1 (lowest)
0.5504613518714905,0.7719305753707886,Q3
0.5009069442749023,0.868930459022522,Q4 (highest)
0.5873947739601135,0.7224099636077881,Q2
0.5484914183616638,0.7772682905197144,Q3
0.5049050450325012,0.867003858089447,Q4 (highest)
0.5811247229576111,0.7502123713493347,Q3
0.7016351222991943,0.5235984325408936,Q1 (lowest)
0.730900764465332,0.44560980796813965,Q1 (lowest)
0.728836178779602,0.4053773283958435,Q1 (lowest)
0.6588682532310486,0.5550875067710876,Q2
0.6093587279319763,0.7044839859008789,Q2
0.5757824778556824,0.740179181098938,Q3
0.5750536322593689,0.7548712491989136,Q3
0.472712904214859,0.9275433421134949,Q4 (highest)
0.6090166568756104,0.6449520587921143,Q2
0.696427047252655,0.4686097204685211,Q1 (lowest)
0.7484685182571411,0.3342374563217163,Q1 (lowest)
0.7438666224479675,0.3300699293613434,Q1 (lowest)
0.7444085478782654,0.32651278376579285,Q1 (lowest)
0.6912601590156555,0.4661761522293091,Q1 (lowest)
0.602246880531311,0.674437403678894,Q2
0.5408580303192139,0.7936190962791443,Q3
0.6534315347671509,0.5505149960517883,Q2
0.7459598183631897,0.3806391954421997,Q1 (lowest)
0.7616327404975891,0.297050416469574,Q1 (lowest)
0.6565365195274353,0.6135557293891907,Q2
0.5420631170272827,0.7802044153213501,Q3
0.5706327557563782,0.747445821762085,Q3
0.6657912731170654,0.5892571210861206,Q2
0.7254315614700317,0.4579380750656128,Q1 (lowest)
0.6949445009231567,0.49692201614379883,Q1 (lowest)
0.6877323985099792,0.4868561327457428,Q1 (lowest)
0.6911337971687317,0.46648353338241577,Q1 (lowest)
0.6262286901473999,0.6486847996711731,Q2
0.5434953570365906,0.7936190962791443,Q3
0.6750578880310059,0.5543773770332336,Q2
0.6125578284263611,0.666117787361145,Q2
0.5769986510276794,0.716503918170929,Q2
0.530904233455658,0.8043607473373413,Q3
0.49656006693840027,0.8799922466278076,Q4 (highest)
0.659820020198822,0.6314651370048523,Q2
0.6780310869216919,0.558133065700531,Q2
0.6765790581703186,0.49826642870903015,Q1 (lowest)
0.4523983895778656,0.9349380135536194,Q4 (highest)
0.6014794707298279,0.7304093241691589,Q3
0.6726927161216736,0.5418861508369446,Q1 (lowest)
0.7223287224769592,0.42637115716934204,Q1 (lowest)
0.7350862622261047,0.4091678261756897,Q1 (lowest)
0.7328547239303589,0.42788612842559814,Q1 (lowest)
0.6946426033973694,0.5581932663917542,Q2
0.5513807535171509,0.8081257939338684,Q3
0.52568119764328,0.8547254204750061,Q4 (highest)
0.6452730298042297,0.6753004193305969,Q2
0.6806791424751282,0.5786141753196716,Q2
0.7430631518363953,0.4284573495388031,Q1 (lowest)
0.7368035316467285,0.4482259154319763,Q1 (lowest)
0.6293598413467407,0.6454147696495056,Q2
0.5759910941123962,0.7292439937591553,Q3
0.6782774329185486,0.5472936630249023,Q2
0.748304545879364,0.4089089334011078,Q1 (lowest)
0.7752546668052673,0.3018425405025482,Q1 (lowest)
0.762795627117157,0.35763075947761536,Q1 (lowest)
0.7503888010978699,0.38123464584350586,Q1 (lowest)
0.7502597570419312,0.3545525074005127,Q1 (lowest)
0.7766830325126648,0.29453176259994507,Q1 (lowest)
0.7849143147468567,0.2278972864151001,Q1 (lowest)
0.7940253615379333,0.1693372130393982,Q1 (lowest)
0.790543258190155,0.14902366697788239,Q1 (lowest)
0.585804283618927,0.721157431602478,Q2
0.5909758806228638,0.7495572566986084,Q3
0.7086655497550964,0.4844469428062439,Q1 (lowest)
0.6988511085510254,0.5158611536026001,Q1 (lowest)
0.6317722201347351,0.5958768129348755,Q2
0.6217905282974243,0.6595325469970703,Q2
0.5243794322013855,0.8264527916908264,Q3
0.5430958271026611,0.80046546459198,Q3
0.5645260214805603,0.7555475234985352,Q3
0.6691585779190063,0.5392347574234009,Q1 (lowest)
0.7308786511421204,0.41656020283699036,Q1 (lowest)
0.7439793944358826,0.37567710876464844,Q1 (lowest)
0.7504078149795532,0.3987482488155365,Q1 (lowest)
0.7014674544334412,0.513668417930603,Q1 (lowest)
0.6340179443359375,0.6230124235153198,Q2
0.6049860119819641,0.6628477573394775,Q2
0.48322421312332153,0.9181523323059082,Q4 (highest)
0.5633756518363953,0.747445821762085,Q3
0.605200469493866,0.6677738428115845,Q2
0.5831055045127869,0.7305554747581482,Q3
0.47927483916282654,0.9135674834251404,Q4 (highest)
0.5981809496879578,0.6963242888450623,Q2
0.4968530237674713,0.8895301222801208,Q4 (highest)
0.5163965821266174,0.8306058049201965,Q3
0.4408760964870453,0.9034509062767029,Q4 (highest)
0.5958212614059448,0.6564690470695496,Q2
0.6097833514213562,0.6328514814376831,Q2
0.5140493512153625,0.837540864944458,Q3
0.5194806456565857,0.8426939845085144,Q3
0.501272976398468,0.8639907836914062,Q4 (highest)
0.5103403329849243,0.8451953530311584,Q3
0.5482176542282104,0.7782409191131592,Q3
0.5250983238220215,0.8320200443267822,Q3
0.635243833065033,0.5898884534835815,Q2
0.6681788563728333,0.5319027900695801,Q1 (lowest)
0.5664850473403931,0.7339527606964111,Q3
0.4922323226928711,0.8862445950508118,Q4 (highest)
0.525105893611908,0.8162235021591187,Q3
0.5492116808891296,0.7819930911064148,Q3
0.6025978922843933,0.6677738428115845,Q2
0.5216264128684998,0.8354789614677429,Q3
0.4430072009563446,0.9888501763343811,Q4 (highest)
0.5421318411827087,0.7902053594589233,Q3
0.6663472056388855,0.545815110206604,Q2
0.7475200891494751,0.37700849771499634,Q1 (lowest)
0.7348276376724243,0.3978506922721863,Q1 (lowest)
0.6996466517448425,0.4669840931892395,Q1 (lowest)
0.643040657043457,0.6077961325645447,Q2
0.5005233883857727,0.868930459022522,Q4 (highest)
0.5465838313102722,0.7743863463401794,Q3
0.5299492478370667,0.8137197494506836,Q3
0.6483514308929443,0.6085648536682129,Q2
0.5791170001029968,0.7136889100074768,Q2
0.6806681752204895,0.49611958861351013,Q1 (lowest)
0.6536875367164612,0.554732084274292,Q2
0.5525035858154297,0.7724938988685608,Q3
0.4811277389526367,0.9135674834251404,Q4 (highest)
0.6217204332351685,0.6407451033592224,Q2
0.5746232867240906,0.7345503568649292,Q3
0.6261177062988281,0.677584707736969,Q2
0.690743625164032,0.5004360675811768,Q1 (lowest)
0.6759898066520691,0.505543053150177,Q1 (lowest)
0.5943489074707031,0.6825742125511169,Q2
0.5327539443969727,0.8093230724334717,Q3
0.5579127073287964,0.7513649463653564,Q3
0.6660547852516174,0.5414973497390747,Q1 (lowest)
0.6852394938468933,0.5782819390296936,Q2
0.6449079513549805,0.6177843809127808,Q2
0.65378737449646,0.5813580751419067,Q2
0.7047998309135437,0.45209020376205444,Q1 (lowest)
0.7423038482666016,0.3283748924732208,Q1 (lowest)
0.743338406085968,0.3292296230792999,Q1 (lowest)
0.7322396636009216,0.41782015562057495,Q1 (lowest)
0.6776139140129089,0.5079801082611084,Q1 (lowest)
0.6522923111915588,0.5827100872993469,Q2
0.5393539071083069,0.7919024229049683,Q3
0.5178176760673523,0.8331627249717712,Q3
0.6364941596984863,0.5996742248535156,Q2
0.7366699576377869,0.41736921668052673,Q1 (lowest)
0.7419050335884094,0.3334531784057617,Q1 (lowest)
0.7529717087745667,0.2993742823600769,Q1 (lowest)
0.7307996153831482,0.3800455331802368,Q1 (lowest)
0.7315742373466492,0.4507700800895691,Q1 (lowest)
0.6293752789497375,0.6399324536323547,Q2
0.5287454724311829,0.825637698173523,Q3
0.6435079574584961,0.5749247670173645,Q2
0.7042126059532166,0.43703025579452515,Q1 (lowest)
0.7184267044067383,0.4253363311290741,Q1 (lowest)
0.7263912558555603,0.4104093909263611,Q1 (lowest)
0.6834103465080261,0.5875137448310852,Q2
0.5419017672538757,0.8062308430671692,Q3
0.5600890517234802,0.7665850520133972,Q3
0.6750103235244751,0.578880250453949,Q2
0.5881668925285339,0.7074150443077087,Q2
0.6950176358222961,0.5106373429298401,Q1 (lowest)
0.5897268652915955,0.7138218879699707,Q2
0.5431416034698486,0.8169835805892944,Q3
0.6635844707489014,0.5644252300262451,Q2
0.5214294195175171,0.8311696648597717,Q3
0.5434088706970215,0.8078875541687012,Q3
0.6244059801101685,0.6148229241371155,Q2
0.4625507891178131,0.9548220038414001,Q4 (highest)
0.48942428827285767,0.9080520272254944,Q4 (highest)
0.5275378823280334,0.8132243156433105,Q3
0.5415576100349426,0.784613847732544,Q3
0.47927483916282654,0.9135674834251404,Q4 (highest)
0.49699869751930237,0.8799922466278076,Q4 (highest)
0.4783199429512024,0.8737016320228577,Q4 (highest)
0.5196602940559387,0.8240222930908203,Q3
0.522966206073761,0.8137197494506836,Q3
0.5220643877983093,0.8320200443267822,Q3
0.6199604272842407,0.6613337993621826,Q2
0.6520832180976868,0.5692582130432129,Q2
0.6316368579864502,0.6154595613479614,Q2
0.650553822517395,0.5757097601890564,Q2
0.6312531232833862,0.6104997396469116,Q2
0.6696139574050903,0.6079496145248413,Q2
0.6292324066162109,0.6524901390075684,Q2
0.6485841870307922,0.6690253615379333,Q2
0.7095403075218201,0.5252326726913452,Q1 (lowest)
0.7064642906188965,0.5332310795783997,Q1 (lowest)
0.722381055355072,0.4905025362968445,Q1 (lowest)
0.7386095523834229,0.4360370635986328,Q1 (lowest)
0.6696087718009949,0.5555027723312378,Q2
0.5651939511299133,0.7503765225410461,Q3
0.47357186675071716,0.9223278760910034,Q4 (highest)
0.6314589977264404,0.6628477573394775,Q2
0.7088377475738525,0.4594920575618744,Q1 (lowest)
0.7408203482627869,0.39134249091148376,Q1 (lowest)
0.7286441922187805,0.42637115716934204,Q1 (lowest)
0.7161334156990051,0.3983941674232483,Q1 (lowest)
0.7597658038139343,0.3282266855239868,Q1 (lowest)
0.7685861587524414,0.2511543333530426,Q1 (lowest)
0.7784200310707092,0.18480752408504486,Q1 (lowest)
0.779808759689331,0.1744919866323471,Q1 (lowest)
0.7877960801124573,0.16797912120819092,Q1 (lowest)
0.7763755917549133,0.21368394792079926,Q1 (lowest)
0.5342181921005249,0.8306058049201965,Q3
0.531417191028595,0.8052927851676941,Q3
0.549571692943573,0.7936190962791443,Q3
0.5411550402641296,0.7955742478370667,Q3
0.5867447257041931,0.6907256841659546,Q2
0.6054215431213379,0.6577479243278503,Q2
0.5104193091392517,0.8585532903671265,Q4 (highest)
0.47447648644447327,0.9237772822380066,Q4 (highest)
0.5675626397132874,0.7796127796173096,Q3
0.5721592903137207,0.7395617365837097,Q3
0.6993370652198792,0.5338717699050903,Q1 (lowest)
0.7102542519569397,0.42137348651885986,Q1 (lowest)
0.6721553206443787,0.5250789523124695,Q1 (lowest)
0.659663736820221,0.5772888660430908,Q2
0.6312605142593384,0.6162582635879517,Q2
0.5001906752586365,0.8662428259849548,Q4 (highest)
0.5222153067588806,0.8346053957939148,Q3
0.5825394988059998,0.7456796169281006,Q3
0.49156734347343445,0.8876386284828186,Q4 (highest)
0.5519596338272095,0.7806000709533691,Q3
0.4770240783691406,0.9237772822380066,Q4 (highest)
0.6139963269233704,0.6449520587921143,Q2
0.5838224291801453,0.7189524173736572,Q2
0.56570965051651,0.7214349508285522,Q2
0.4928607940673828,0.8720870614051819,Q4 (highest)
0.47270557284355164,0.8821795582771301,Q4 (highest)
0.5686845183372498,0.7235307097434998,Q2
0.5671488642692566,0.732319712638855,Q3
0.5892626643180847,0.7094823122024536,Q2
0.5448980331420898,0.7811956405639648,Q3
0.4828507602214813,0.9040120840072632,Q4 (highest)
0.5902127623558044,0.7002353072166443,Q2
0.5165504813194275,0.8516849279403687,Q4 (highest)
0.5691164135932922,0.7252253293991089,Q2
0.6491961479187012,0.5617749691009521,Q2
0.6587048172950745,0.5408326387405396,Q1 (lowest)
0.5583902597427368,0.7605358958244324,Q3
0.5258866548538208,0.8132243156433105,Q3
0.6112000942230225,0.6432034969329834,Q2
0.5548464059829712,0.7575933337211609,Q3
0.4601077139377594,0.9651642441749573,Q4 (highest)
0.5952726602554321,0.6820132732391357,Q2
0.588997483253479,0.7052440643310547,Q2
0.6717445850372314,0.5114029049873352,Q1 (lowest)
0.7107208371162415,0.4340656101703644,Q1 (lowest)
0.6784128546714783,0.5170896649360657,Q1 (lowest)
0.6003471612930298,0.6628477573394775,Q2
0.5986270308494568,0.6888575553894043,Q2
0.5367863774299622,0.8253670334815979,Q3
0.5942551493644714,0.6878148317337036,Q2
0.6516582369804382,0.5687507390975952,Q2
0.7110098004341125,0.425931453704834,Q1 (lowest)
0.6297077536582947,0.6108110547065735,Q2
0.5316895842552185,0.837540864944458,Q3
0.570457398891449,0.7363558411598206,Q3
0.7326152324676514,0.36259526014328003,Q1 (lowest)
0.7346133589744568,0.3456217348575592,Q1 (lowest)
0.7030331492424011,0.43272966146469116,Q1 (lowest)
0.6404954791069031,0.5845495462417603,Q2
0.544719934463501,0.7883185148239136,Q3
0.49740955233573914,0.8821795582771301,Q4 (highest)
0.6269475221633911,0.6102665662765503,Q2
0.6830469965934753,0.5121232271194458,Q1 (lowest)
0.6806082725524902,0.49163109064102173,Q1 (lowest)
0.7211982607841492,0.40168774127960205,Q1 (lowest)
0.7132789492607117,0.43597105145454407,Q1 (lowest)
0.6449351906776428,0.5954431295394897,Q2
0.5346975326538086,0.825637698173523,Q3
0.654241144657135,0.568560779094696,Q2
0.741127610206604,0.40650948882102966,Q1 (lowest)
0.7062325477600098,0.4287116825580597,Q1 (lowest)
0.7302011847496033,0.41356343030929565,Q1 (lowest)
0.7120210528373718,0.42992448806762695,Q1 (lowest)
0.6996740698814392,0.4426175355911255,Q1 (lowest)
0.7190276384353638,0.39050528407096863,Q1 (lowest)
0.739189863204956,0.3645377457141876,Q1 (lowest)
0.6940812468528748,0.4612829089164734,Q1 (lowest)
0.5972696542739868,0.6677738428115845,Q2
0.483735054731369,0.9080520272254944,Q4 (highest)
0.616847038269043,0.6541300415992737,Q2
0.6962230801582336,0.4571288824081421,Q1 (lowest)
0.7446168065071106,0.3705153167247772,Q1 (lowest)
0.6846891045570374,0.5048454999923706,Q1 (lowest)
0.6396812796592712,0.6240081191062927,Q2
0.6377763748168945,0.6162582635879517,Q2
0.6482904553413391,0.6243410706520081,Q2
0.6498096585273743,0.6280410289764404,Q2
0.6333050727844238,0.5993795990943909,Q2
0.6857236623764038,0.4767375886440277,Q1 (lowest)
0.7095762491226196,0.4905025362968445,Q1 (lowest)
0.6452649235725403,0.6545180082321167,Q2
0.5953726768493652,0.7299713492393494,Q3
0.5680918097496033,0.7624684572219849,Q3
0.6018606424331665,0.703349769115448,Q2
0.5048114061355591,0.8704970479011536,Q4 (highest)
0.551426351070404,0.7955742478370667,Q3
0.6967315077781677,0.5569333434104919,Q2
0.6469895839691162,0.5963838696479797,Q2
0.5947046875953674,0.674437403678894,Q2
0.6122955083847046,0.6983917355537415,Q2
0.5394973754882812,0.7854294180870056,Q3
0.646725058555603,0.6077194213867188,Q2
0.6317663192749023,0.64366215467453,Q2
0.5786094665527344,0.7304093241691589,Q3
0.4796508848667145,0.9135674834251404,Q4 (highest)
0.48565512895584106,0.9034509062767029,Q4 (highest)
0.44916000962257385,0.9752398133277893,Q4 (highest)
0.5082246661186218,0.8799922466278076,Q4 (highest)
0.4543895721435547,0.9651642441749573,Q4 (highest)
0.5523066520690918,0.7741960287094116,Q3
0.6063680052757263,0.721157431602478,Q2
0.5829606056213379,0.7079295516014099,Q2
0.4653192460536957,0.8990909457206726,Q4 (highest)
0.5469275116920471,0.7414208650588989,Q3
0.46370449662208557,0.9307215809822083,Q4 (highest)
0.5732629895210266,0.7269363403320312,Q2
0.7047244906425476,0.5112112164497375,Q1 (lowest)
0.5971530675888062,0.7317296862602234,Q3
0.5704591870307922,0.756908655166626,Q3
0.5281124114990234,0.8331627249717712,Q3
0.6599604487419128,0.5903103947639465,Q2
0.7297829389572144,0.469310462474823,Q1 (lowest)
0.6644827127456665,0.619403600692749,Q2
0.5750517249107361,0.7709960341453552,Q3
0.6221954822540283,0.6545180082321167,Q2
0.6544789671897888,0.6311200261116028,Q2
0.6325992941856384,0.6171404123306274,Q2
0.4895133972167969,0.8919497728347778,Q4 (highest)
0.5358631014823914,0.8200668096542358,Q3
0.6451917290687561,0.6077961325645447,Q2
0.6980838179588318,0.49206680059432983,Q1 (lowest)
0.689069926738739,0.5370510816574097,Q1 (lowest)
0.6776595711708069,0.5519110560417175,Q2
0.7452654838562012,0.4212508499622345,Q1 (lowest)
0.7629993557929993,0.3043162226676941,Q1 (lowest)
0.7800446152687073,0.22737513482570648,Q1 (lowest)
0.7735727429389954,0.24907822906970978,Q1 (lowest)
0.7685450911521912,0.22550639510154724,Q1 (lowest)
0.7926365733146667,0.18423102796077728,Q1 (lowest)
0.7930828332901001,0.17964106798171997,Q1 (lowest)
0.7790735363960266,0.2131107896566391,Q1 (lowest)
0.7704527378082275,0.2834707796573639,Q1 (lowest)
0.7452228665351868,0.35675832629203796,Q1 (lowest)
0.5648376941680908,0.7487420439720154,Q3
0.507436215877533,0.8704970479011536,Q4 (highest)
0.4977799355983734,0.8895301222801208,Q4 (highest)
0.4897180199623108,0.8954487442970276,Q4 (highest)
0.622077226638794,0.6230952143669128,Q2
0.6664601564407349,0.5410539507865906,Q1 (lowest)
0.7194780707359314,0.438362181186676,Q1 (lowest)
0.6626152992248535,0.5810887217521667,Q2
0.6085140705108643,0.6830241680145264,Q2
0.519188642501831,0.8357715010643005,Q3
0.6136841773986816,0.6690253615379333,Q2
0.556069552898407,0.7605358958244324,Q3
0.5229772925376892,0.8253670334815979,Q3
0.4814837574958801,0.911685049533844,Q4 (highest)
0.4906737506389618,0.8949404954910278,Q4 (highest)
0.5495550632476807,0.7691433429718018,Q3
0.49273595213890076,0.8919497728347778,Q4 (highest)
0.5203876495361328,0.8402424454689026,Q3
0.6332011818885803,0.5996005535125732,Q2
0.6054955720901489,0.6793437004089355,Q2
0.5602331757545471,0.740179181098938,Q3
0.5658203363418579,0.740179181098938,Q3
0.5251060724258423,0.8093230724334717,Q3
0.49715518951416016,0.868930459022522,Q4 (highest)
0.5937349200248718,0.7190894484519958,Q2
0.4761865735054016,0.9181523323059082,Q4 (highest)
0.4634455740451813,0.9454799890518188,Q4 (highest)
0.5630647540092468,0.7919024229049683,Q3
0.5206995010375977,0.8311696648597717,Q3
0.5249125361442566,0.8430038690567017,Q3
0.512363851070404,0.8451953530311584,Q3
0.6088607907295227,0.6526823043823242,Q2
0.6369901895523071,0.6052796840667725,Q2
0.638232409954071,0.5978397130966187,Q2
0.5855109691619873,0.6980251669883728,Q2
0.5336431860923767,0.8311696648597717,Q3
0.48857131600379944,0.8919497728347778,Q4 (highest)
0.5353893637657166,0.8043607473373413,Q3
0.5650677680969238,0.7612359523773193,Q3
0.5381942391395569,0.7968922853469849,Q3
0.6323292255401611,0.5960939526557922,Q2
0.625645637512207,0.6260142922401428,Q2
0.6013530492782593,0.6832495331764221,Q2
0.5162808299064636,0.8464655876159668,Q4 (highest)
0.45788413286209106,0.9561408758163452,Q4 (highest)
0.46843409538269043,0.936711847782135,Q4 (highest)
0.48218879103660583,0.9040120840072632,Q4 (highest)
0.4821643829345703,0.9223278760910034,Q4 (highest)
0.6145456433296204,0.6530673503875732,Q2
0.6778339147567749,0.5226341485977173,Q1 (lowest)
0.650177538394928,0.5935747027397156,Q2
0.566596269607544,0.7819930911064148,Q3
0.5080244541168213,0.8533643484115601,Q4 (highest)
0.5295271873474121,0.8071752190589905,Q3
0.6527361273765564,0.5579527020454407,Q2
0.7172479629516602,0.39537060260772705,Q1 (lowest)
0.6487440466880798,0.5832533240318298,Q2
0.5914525389671326,0.6902568936347961,Q2
0.46328315138816833,0.9444308280944824,Q4 (highest)
0.5874842405319214,0.6878148317337036,Q2
0.6854077577590942,0.47609129548072815,Q1 (lowest)
0.7178148627281189,0.4011348783969879,Q1 (lowest)
0.685865581035614,0.5055897235870361,Q1 (lowest)
0.6519671082496643,0.614584743976593,Q2
0.6280803084373474,0.6454147696495056,Q2
0.5466998219490051,0.7979995608329773,Q3
0.6009761095046997,0.6674622893333435,Q2
0.7512427568435669,0.3398476839065552,Q1 (lowest)
0.7007732391357422,0.46954458951950073,Q1 (lowest)
0.6302530169487,0.6052796840667725,Q2
0.6201446652412415,0.6367146968841553,Q2
0.6835565567016602,0.5215737223625183,Q1 (lowest)
0.6808117032051086,0.4911528527736664,Q1 (lowest)
0.6277536153793335,0.6085648536682129,Q2
0.5925236940383911,0.6842671632766724,Q2
0.528724730014801,0.8162235021591187,Q3
0.5412959456443787,0.7885269522666931,Q3
0.47586536407470703,0.9216144680976868,Q4 (highest)
0.5524468421936035,0.7624684572219849,Q3
0.6539952158927917,0.5818302631378174,Q2
0.7221864461898804,0.4118340015411377,Q1 (lowest)
0.6360616087913513,0.5935031771659851,Q2
0.6322415471076965,0.6674622893333435,Q2
0.5927030444145203,0.6940407156944275,Q2
0.5631723403930664,0.7596648931503296,Q3
0.5387076735496521,0.7979995608329773,Q3
0.6515077948570251,0.5906627178192139,Q2
0.7096027135848999,0.47142738103866577,Q1 (lowest)
0.6841328740119934,0.5044280886650085,Q1 (lowest)
0.6457886099815369,0.5827100872993469,Q2
0.5127393007278442,0.8402424454689026,Q3
0.5045645833015442,0.8585532903671265,Q4 (highest)
0.5650721192359924,0.7633544206619263,Q3
0.619988739490509,0.6240913271903992,Q2
0.7044762372970581,0.4772641658782959,Q1 (lowest)
0.6956367492675781,0.5135230422019958,Q1 (lowest)
0.5678993463516235,0.7290988564491272,Q3
0.5135765075683594,0.8426939845085144,Q3
0.6680933833122253,0.6173816919326782,Q2
0.6729447245597839,0.584755003452301,Q2
0.5584802031517029,0.7502123713493347,Q3
0.49202829599380493,0.8934327960014343,Q4 (highest)
0.5063920021057129,0.8533643484115601,Q4 (highest)
0.5080955624580383,0.8599777817726135,Q4 (highest)
0.5810985565185547,0.7314354181289673,Q3
0.6416632533073425,0.6568616628646851,Q2
0.6607276797294617,0.6077194213867188,Q2
0.525324821472168,0.8169835805892944,Q3
0.5064698457717896,0.8264527916908264,Q3
0.5572749972343445,0.7304093241691589,Q3
0.5721815824508667,0.7282307147979736,Q2
0.6373417973518372,0.6414703130722046,Q2
0.7128466963768005,0.4973244369029999,Q1 (lowest)
0.6230799555778503,0.6922574043273926,Q2
0.5279278755187988,0.8132243156433105,Q3
0.5685790181159973,0.756908655166626,Q3
0.5412389636039734,0.7936190962791443,Q3
0.5111034512519836,0.8737016320228577,Q4 (highest)
0.6380475759506226,0.6245911717414856,Q2
0.7337232232093811,0.4576066732406616,Q1 (lowest)
0.6424729228019714,0.6577479243278503,Q2
0.4906657338142395,0.8895301222801208,Q4 (highest)
0.5408123135566711,0.8264527916908264,Q3
0.4932275712490082,0.8821795582771301,Q4 (highest)
0.5871038436889648,0.7321720123291016,Q3
0.5773685574531555,0.7146223187446594,Q2
0.6031535267829895,0.6860898733139038,Q2
0.6111221313476562,0.6648849844932556,Q2
0.4879056513309479,0.8919497728347778,Q4 (highest)
0.6136617064476013,0.6940407156944275,Q2
0.724796712398529,0.4836919605731964,Q1 (lowest)
0.7681629061698914,0.3350830674171448,Q1 (lowest)
0.7619672417640686,0.32783815264701843,Q1 (lowest)
0.7353944778442383,0.3520551323890686,Q1 (lowest)
0.7379464507102966,0.3849237263202667,Q1 (lowest)
0.744569718837738,0.3666159212589264,Q1 (lowest)
0.7673553824424744,0.30941036343574524,Q1 (lowest)
0.7856447100639343,0.2414766252040863,Q1 (lowest)
0.7742900252342224,0.24992547929286957,Q1 (lowest)
0.7679755687713623,0.28851133584976196,Q1 (lowest)
0.7519845366477966,0.3553279638290405,Q1 (lowest)
0.702415943145752,0.47836217284202576,Q1 (lowest)
0.652195155620575,0.5832533240318298,Q2
0.6716100573539734,0.5820329785346985,Q2
0.5282073616981506,0.819031298160553,Q3
0.4785693287849426,0.911685049533844,Q4 (highest)
0.5335289239883423,0.8043607473373413,Q3
0.535815417766571,0.7971130013465881,Q3
0.607964813709259,0.6524901390075684,Q2
0.6845147609710693,0.5338717699050903,Q1 (lowest)
0.6876193284988403,0.4707978367805481,Q1 (lowest)
0.6796537637710571,0.5281242728233337,Q1 (lowest)
0.5978294014930725,0.7110482454299927,Q2
0.4675128161907196,0.936711847782135,Q4 (highest)
0.5851441621780396,0.7138218879699707,Q2
0.6284666061401367,0.6283807754516602,Q2
0.6100594997406006,0.6515318155288696,Q2
0.4792689383029938,0.9307215809822083,Q4 (highest)
0.5278530120849609,0.8240222930908203,Q3
0.5249395370483398,0.8331627249717712,Q3
0.4883693754673004,0.8909742832183838,Q4 (highest)
0.5178263783454895,0.8297645449638367,Q3
0.45788413286209106,0.9561408758163452,Q4 (highest)
0.5115513205528259,0.8426939845085144,Q3
0.6346861720085144,0.6174620985984802,Q2
0.49675217270851135,0.8939325213432312,Q4 (highest)
0.5491294264793396,0.7726821303367615,Q3
0.5205342173576355,0.8451953530311584,Q3
0.5059001445770264,0.854383647441864,Q4 (highest)
0.4817577302455902,0.911685049533844,Q4 (highest)
0.5553358793258667,0.7680419087409973,Q3
0.560675323009491,0.7437736392021179,Q3
0.5385408401489258,0.7991153001785278,Q3
0.6325317025184631,0.6363603472709656,Q2
0.49391642212867737,0.8835157752037048,Q4 (highest)
0.5107077956199646,0.868930459022522,Q4 (highest)
0.528476893901825,0.8093230724334717,Q3
0.5310990214347839,0.8093230724334717,Q3
0.5301916003227234,0.8132243156433105,Q3
0.5708004832267761,0.7327635288238525,Q3
0.5106729865074158,0.8506886959075928,Q4 (highest)
0.5893074870109558,0.6874685883522034,Q2
0.48894959688186646,0.8939325213432312,Q4 (highest)
0.5752608776092529,0.7169095873832703,Q2
0.4974021911621094,0.8808614015579224,Q4 (highest)
0.4735487997531891,0.9237772822380066,Q4 (highest)
0.5521365404129028,0.785021185874939,Q3
0.5831168293952942,0.7072865962982178,Q2
0.537528932094574,0.7936190962791443,Q3
0.5157381296157837,0.8402424454689026,Q3
0.6046052575111389,0.6888575553894043,Q2
0.5633295774459839,0.7471233010292053,Q3
0.577794075012207,0.718132495880127,Q2
0.5385984778404236,0.798222005367279,Q3
0.5997063517570496,0.6669440865516663,Q2
0.5940918326377869,0.6878148317337036,Q2
0.5397071242332458,0.8062308430671692,Q3
0.5871790051460266,0.7304093241691589,Q3
0.6325095295906067,0.6155392527580261,Q2
0.7110937237739563,0.46192100644111633,Q1 (lowest)
0.6997382044792175,0.48512032628059387,Q1 (lowest)
0.610249936580658,0.6754085421562195,Q2
0.5506426095962524,0.7912638187408447,Q3
0.49131202697753906,0.8909742832183838,Q4 (highest)
0.5026837587356567,0.8610580563545227,Q4 (highest)
0.6031746864318848,0.6930875778198242,Q2
0.7171881198883057,0.4861346185207367,Q1 (lowest)
0.7303224205970764,0.3719518780708313,Q1 (lowest)
0.6671647429466248,0.5377582311630249,Q1 (lowest)
0.5449219942092896,0.7743863463401794,Q3
0.6334918141365051,0.614584743976593,Q2
0.5902811288833618,0.6888575553894043,Q2
0.5283531546592712,0.8169835805892944,Q3
0.5110761523246765,0.8554120063781738,Q4 (highest)
0.6020404100418091,0.6621397733688354,Q2
0.5425155758857727,0.7860439419746399,Q3
0.6337746381759644,0.6079496145248413,Q2
0.6162933111190796,0.6298313140869141,Q2
0.5302665829658508,0.8297645449638367,Q3
0.5269731879234314,0.8198072910308838,Q3
0.5231747031211853,0.8221619725227356,Q3
0.5129466652870178,0.8603366017341614,Q4 (highest)
0.5821928381919861,0.7143551111221313,Q2
0.5694848895072937,0.7740060687065125,Q3
0.6622500419616699,0.5412755608558655,Q1 (lowest)
0.7371382117271423,0.3890231251716614,Q1 (lowest)
0.691259503364563,0.55057293176651,Q2
0.5792662501335144,0.73499995470047,Q3
0.5506996512413025,0.7764946222305298,Q3
0.6076801419258118,0.6668405532836914,Q2
0.5984184145927429,0.6727228760719299,Q2
0.5927121043205261,0.6888575553894043,Q2
0.6667624115943909,0.5735582113265991,Q2
0.6700435876846313,0.555978536605835,Q2
0.65404212474823,0.5924333333969116,Q2
0.6552973389625549,0.608718991279602,Q2
0.5227641463279724,0.8297645449638367,Q3
0.5220062732696533,0.8245585560798645,Q3
0.5944115519523621,0.6941602230072021,Q2
0.4430072009563446,0.9888501763343811,Q4 (highest)
0.544193685054779,0.7772682905197144,Q3
0.5612605214118958,0.7445651888847351,Q3
0.45209747552871704,0.9687837958335876,Q4 (highest)
0.47908449172973633,0.9223278760910034,Q4 (highest)
0.5250979661941528,0.8311696648597717,Q3
0.6452802419662476,0.6385852694511414,Q2
0.6950380802154541,0.503872811794281,Q1 (lowest)
0.5492063760757446,0.7968922853469849,Q3
0.6767581105232239,0.5552654266357422,Q2
0.7008303999900818,0.503872811794281,Q1 (lowest)
0.7291533350944519,0.4711517095565796,Q1 (lowest)
0.7297004461288452,0.4109605848789215,Q1 (lowest)
0.6879472136497498,0.5208194851875305,Q1 (lowest)
0.651689887046814,0.5634967684745789,Q2
0.640565037727356,0.5770907998085022,Q2
0.5365273356437683,0.8169835805892944,Q3
0.49675217270851135,0.8939325213432312,Q4 (highest)
0.6538134813308716,0.6283807754516602,Q2
0.722807765007019,0.43498316407203674,Q1 (lowest)
0.7064642906188965,0.5332310795783997,Q1 (lowest)
0.5961447954177856,0.7052440643310547,Q2
0.5170506834983826,0.837540864944458,Q3
0.53145831823349,0.8018283843994141,Q3
0.5365378260612488,0.798222005367279,Q3
0.6131572723388672,0.6363603472709656,Q2
0.5089337229728699,0.8554120063781738,Q4 (highest)
0.620995819568634,0.6486847996711731,Q2
0.7033512592315674,0.5033650994300842,Q1 (lowest)
0.7276328206062317,0.4755677580833435,Q1 (lowest)
0.729274570941925,0.4707978367805481,Q1 (lowest)
0.7100317478179932,0.48571136593818665,Q1 (lowest)
0.656276524066925,0.5566942095756531,Q2
0.6772989630699158,0.5157142877578735,Q1 (lowest)
0.7614104747772217,0.34330564737319946,Q1 (lowest)
0.7485532164573669,0.34264081716537476,Q1 (lowest)
0.7420156002044678,0.4101777672767639,Q1 (lowest)
0.7109760642051697,0.4360370635986328,Q1 (lowest)
0.6610230207443237,0.5788136720657349,Q2
0.5356268286705017,0.8071752190589905,Q3
0.5883265733718872,0.7043576240539551,Q2
0.621707558631897,0.6328514814376831,Q2
0.5066685080528259,0.8720870614051819,Q4 (highest)
0.4754445254802704,0.924513578414917,Q4 (highest)
0.4634455740451813,0.9454799890518188,Q4 (highest)
0.4796508848667145,0.9135674834251404,Q4 (highest)
0.514610230922699,0.854383647441864,Q4 (highest)
0.5801587104797363,0.7190894484519958,Q2
0.6778169870376587,0.5132810473442078,Q1 (lowest)
0.652345597743988,0.6102665662765503,Q2
0.6130364537239075,0.6802293658256531,Q2
0.5898256301879883,0.6897892355918884,Q2
0.5214294195175171,0.8311696648597717,Q3
0.5360409617424011,0.805995762348175,Q3
0.5462613105773926,0.7988914847373962,Q3
0.532143771648407,0.8018283843994141,Q3
0.5117733478546143,0.8557568192481995,Q4 (highest)
0.45374950766563416,0.9651642441749573,Q4 (highest)
0.5584160089492798,0.746962308883667,Q3
0.5594601035118103,0.7596648931503296,Q3
0.5992380976676941,0.6830241680145264,Q2
0.5417494773864746,0.785021185874939,Q3
0.6015788316726685,0.6825742125511169,Q2
0.4785693287849426,0.911685049533844,Q4 (highest)
0.483735054731369,0.9080520272254944,Q4 (highest)
0.5937433242797852,0.7110482454299927,Q2
0.5975419878959656,0.6949988007545471,Q2
0.5564875602722168,0.7691433429718018,Q3
0.4797190725803375,0.9092445373535156,Q4 (highest)
0.5268214344978333,0.8306058049201965,Q3
0.5140039920806885,0.8390346169471741,Q3
0.5897176265716553,0.6832495331764221,Q2
0.5157298445701599,0.8354789614677429,Q3
0.5157298445701599,0.8354789614677429,Q3
0.5533952713012695,0.7944848537445068,Q3
0.5059001445770264,0.854383647441864,Q4 (highest)
0.538547158241272,0.8078875541687012,Q3
0.5674699544906616,0.7299713492393494,Q3
0.5026837587356567,0.8610580563545227,Q4 (highest)
0.46020713448524475,0.9510926604270935,Q4 (highest)
0.5529288649559021,0.7581087946891785,Q3
0.5171432495117188,0.8311696648597717,Q3
0.5200182795524597,0.8320200443267822,Q3
0.5533980131149292,0.7605358958244324,Q3
0.5412983298301697,0.7919024229049683,Q3
0.6219622492790222,0.6304317116737366,Q2
0.5004977583885193,0.867003858089447,Q4 (highest)
0.48028135299682617,0.9080520272254944,Q4 (highest)
0.49360352754592896,0.8799922466278076,Q4 (highest)
0.5554558634757996,0.7802044153213501,Q3
0.5801665782928467,0.7207419276237488,Q2
0.47113296389579773,0.9275433421134949,Q4 (highest)
0.5433593988418579,0.7885269522666931,Q3
0.6031986474990845,0.7167742252349854,Q2
0.5698921084403992,0.7304093241691589,Q3
0.5989022850990295,0.6749762892723083,Q2
0.4536402225494385,0.9687837958335876,Q4 (highest)
0.5643221735954285,0.7437736392021179,Q3
0.5529288649559021,0.7581087946891785,Q3
0.5048324465751648,0.8599777817726135,Q4 (highest)
0.550183892250061,0.7709960341453552,Q3
0.5561404824256897,0.757764995098114,Q3
0.5421153903007507,0.7936190962791443,Q3
0.6283899545669556,0.6178650856018066,Q2
0.6310133934020996,0.6243410706520081,Q2
0.5132166147232056,0.8585532903671265,Q4 (highest)
0.4966127872467041,0.8737016320228577,Q4 (highest)
0.6552879214286804,0.5450233221054077,Q2
0.6778693795204163,0.4980417788028717,Q1 (lowest)
0.5762810111045837,0.7106555104255676,Q2
0.5171383023262024,0.8643630146980286,Q4 (highest)
0.5716896057128906,0.7423580884933472,Q3
0.6407546401023865,0.5780829787254333,Q2
0.6627325415611267,0.5963838696479797,Q2
0.6580871939659119,0.5402250289916992,Q1 (lowest)
0.7265150547027588,0.3708910644054413,Q1 (lowest)
0.6920301914215088,0.5317968130111694,Q1 (lowest)
0.5832540392875671,0.7437736392021179,Q3
0.5468041896820068,0.8043607473373413,Q3
0.5823094248771667,0.7122317552566528,Q2
0.45788413286209106,0.9561408758163452,Q4 (highest)
0.5585415959358215,0.763888418674469,Q3
0.5682134032249451,0.7589714527130127,Q3
0.6461259722709656,0.5760377049446106,Q2
0.6378108859062195,0.5903103947639465,Q2
0.641352117061615,0.6079496145248413,Q2
0.6874334216117859,0.5016666650772095,Q1 (lowest)
0.6810428500175476,0.510303258895874,Q1 (lowest)
0.5624382495880127,0.738792896270752,Q3
0.5575991868972778,0.7724938988685608,Q3
0.6595694422721863,0.6174620985984802,Q2
0.49178990721702576,0.8939325213432312,Q4 (highest)
0.549084484577179,0.7726821303367615,Q3
0.7304378151893616,0.36864814162254333,Q1 (lowest)
0.6776341199874878,0.5079329609870911,Q1 (lowest)
0.5714647173881531,0.72185218334198,Q2
0.4819217622280121,0.9045772552490234,Q4 (highest)
0.5054041147232056,0.8554120063781738,Q4 (highest)
0.5252129435539246,0.8451953530311584,Q3
0.6156174540519714,0.6604310870170593,Q2
0.6940045952796936,0.560553789138794,Q2
0.576088011264801,0.7110482454299927,Q2
0.5389158725738525,0.789994478225708,Q3
0.5000502467155457,0.8732956051826477,Q4 (highest)
0.5475802421569824,0.7988914847373962,Q3
0.48557373881340027,0.911685049533844,Q4 (highest)
0.4993794560432434,0.8934327960014343,Q4 (highest)
0.4643622934818268,0.9454799890518188,Q4 (highest)
0.5567396283149719,0.763888418674469,Q3
0.6649231314659119,0.5277087092399597,Q1 (lowest)
0.5970544219017029,0.6749762892723083,Q2
0.5484616160392761,0.8016003370285034,Q3
0.6445671319961548,0.6252596378326416,Q2
0.7003688216209412,0.510303258895874,Q1 (lowest)
0.6494521498680115,0.6457857489585876,Q2
0.6344784498214722,0.6510543823242188,Q2
0.6959144473075867,0.5218761563301086,Q1 (lowest)
0.7159819006919861,0.4393671751022339,Q1 (lowest)
0.6868529319763184,0.4814438819885254,Q1 (lowest)
0.6527682542800903,0.55057293176651,Q2
0.563584566116333,0.7437736392021179,Q3
0.5848821997642517,0.7535267472267151,Q3
0.6551746726036072,0.5766952633857727,Q2
0.7064080238342285,0.4545031189918518,Q1 (lowest)
0.7462446093559265,0.4180007576942444,Q1 (lowest)
0.7143438458442688,0.5125085115432739,Q1 (lowest)
0.6544910669326782,0.6560772657394409,Q2
0.6064598560333252,0.7032240629196167,Q2
0.6460286378860474,0.5770248174667358,Q2
0.6439599394798279,0.5739477276802063,Q2
0.6139260530471802,0.6677738428115845,Q2
0.5642423629760742,0.7418888807296753,Q3
0.5658338665962219,0.7575933337211609,Q3
0.4806874394416809,0.9181523323059082,Q4 (highest)
0.47084417939186096,0.9315419793128967,Q4 (highest)
0.5186488032341003,0.8390346169471741,Q3
0.6708852052688599,0.5869590044021606,Q2
0.6288127899169922,0.6789024472236633,Q2
0.6218013763427734,0.666117787361145,Q2
0.6701198816299438,0.6210359334945679,Q2
0.5416443347930908,0.8022855520248413,Q3
0.590872585773468,0.6842671632766724,Q2
0.7145740389823914,0.48852112889289856,Q1 (lowest)
0.7214605212211609,0.4930724501609802,Q1 (lowest)
0.7219774127006531,0.49163109064102173,Q1 (lowest)
0.6802381873130798,0.5694488883018494,Q2
0.6512663960456848,0.6311200261116028,Q2
0.6409723162651062,0.6007088422775269,Q2
0.584662139415741,0.7605358958244324,Q3
0.5821054577827454,0.7339527606964111,Q3
0.6279876232147217,0.6399324536323547,Q2
0.7380960583686829,0.39144742488861084,Q1 (lowest)
0.45913442969322205,0.9548220038414001,Q4 (highest)
0.6284731030464172,0.6603310108184814,Q2
0.5421153903007507,0.7936190962791443,Q3
0.5580956339836121,0.7633544206619263,Q3
0.521520733833313,0.8451953530311584,Q3
0.5464596152305603,0.819031298160553,Q3
0.5590748190879822,0.763888418674469,Q3
0.6235142350196838,0.6206265687942505,Q2
0.5408429503440857,0.7868671417236328,Q3
0.46306052803993225,0.9510926604270935,Q4 (highest)
0.5984722971916199,0.6930875778198242,Q2
0.5568273663520813,0.7637102603912354,Q3
0.46667155623435974,0.9444308280944824,Q4 (highest)
0.5001906752586365,0.8662428259849548,Q4 (highest)
0.561650276184082,0.7437736392021179,Q3
0.5695013999938965,0.73499995470047,Q3
0.5386384129524231,0.8043607473373413,Q3
0.46279793977737427,0.9454799890518188,Q4 (highest)
0.4800012707710266,0.9086459875106812,Q4 (highest)
0.5154375433921814,0.8585532903671265,Q4 (highest)
0.5815790295600891,0.6998651027679443,Q2
0.5502074360847473,0.7741960287094116,Q3
0.48291119933128357,0.9092445373535156,Q4 (highest)
0.49919795989990234,0.8724883794784546,Q4 (highest)
0.5334274172782898,0.8083644509315491,Q3
0.5457280874252319,0.7997888326644897,Q3
0.5763451457023621,0.7105247974395752,Q2
0.534561812877655,0.7968922853469849,Q3
0.5627400279045105,0.7423580884933472,Q3
0.4869086742401123,0.8954487442970276,Q4 (highest)
0.48711395263671875,0.9045772552490234,Q4 (highest)
0.47376561164855957,0.9307215809822083,Q4 (highest)
0.6190081238746643,0.6621397733688354,Q2
0.6163567900657654,0.6727228760719299,Q2
0.46755313873291016,0.9414055943489075,Q4 (highest)
0.4899778366088867,0.8909742832183838,Q4 (highest)
0.530805230140686,0.8137197494506836,Q3
0.5853426456451416,0.7079295516014099,Q2
0.5530384182929993,0.7640668153762817,Q3
0.44916000962257385,0.9752398133277893,Q4 (highest)
0.46874186396598816,0.934070885181427,Q4 (highest)
0.5934386253356934,0.679012656211853,Q2
0.5286170840263367,0.8110164999961853,Q3
0.5529288649559021,0.7581087946891785,Q3
0.5805982947349548,0.7052440643310547,Q2
0.5904250144958496,0.7143551111221313,Q2
0.5693718791007996,0.7280863523483276,Q2
0.5689635276794434,0.7269363403320312,Q2
0.5408429503440857,0.7868671417236328,Q3
0.5431168079376221,0.7868671417236328,Q3
0.5412389636039734,0.7936190962791443,Q3
0.591626763343811,0.6998651027679443,Q2
0.6612412333488464,0.5317968130111694,Q1 (lowest)
0.5633144974708557,0.7437736392021179,Q3
0.5334725379943848,0.7991153001785278,Q3
0.622077226638794,0.6230952143669128,Q2
0.5513257384300232,0.7868671417236328,Q3
0.5989735126495361,0.681454062461853,Q2
0.5533190965652466,0.8081257939338684,Q3
0.4925895631313324,0.8835157752037048,Q4 (highest)
0.5046831369400024,0.877429187297821,Q4 (highest)
0.5048695802688599,0.8737016320228577,Q4 (highest)
0.5913282036781311,0.6992497444152832,Q2
0.6403660774230957,0.6043723821640015,Q2
0.5067176818847656,0.8526896834373474,Q4 (highest)
0.5184573531150818,0.8464655876159668,Q4 (highest)
0.5475707054138184,0.789994478225708,Q3
0.5705016255378723,0.7224099636077881,Q2
0.6888065934181213,0.5277087092399597,Q1 (lowest)
0.7203426957130432,0.4274430274963379,Q1 (lowest)
0.6636180281639099,0.5519694685935974,Q2
0.6867796182632446,0.5178301930427551,Q1 (lowest)
0.7010025382041931,0.44801536202430725,Q1 (lowest)
0.7148012518882751,0.4121260941028595,Q1 (lowest)
0.7260563969612122,0.3877067267894745,Q1 (lowest)
0.7545105814933777,0.32207784056663513,Q1 (lowest)
0.7400278449058533,0.3829572796821594,Q1 (lowest)
0.5826294422149658,0.7044839859008789,Q2
0.5378131866455078,0.8240222930908203,Q3
0.543123185634613,0.7919024229049683,Q3
0.5578710436820984,0.755378246307373,Q3
0.558305561542511,0.7513649463653564,Q3
0.5290623307228088,0.8081257939338684,Q3
0.507366955280304,0.8547254204750061,Q4 (highest)
0.6319191455841064,0.6043723821640015,Q2
0.713395357131958,0.4192700684070587,Q1 (lowest)
0.6941291093826294,0.48753756284713745,Q1 (lowest)
0.6154569983482361,0.6301741600036621,Q2
0.621266782283783,0.6253433227539062,Q2
0.5905123949050903,0.6954796314239502,Q2
0.5911206603050232,0.7058799266815186,Q2
0.5717903971672058,0.7502123713493347,Q3
0.5963230133056641,0.681454062461853,Q2
0.5181536674499512,0.8493732810020447,Q4 (highest)
0.5643542408943176,0.7450419664382935,Q3
0.5951935648918152,0.6793437004089355,Q2
0.6138111352920532,0.6369808316230774,Q2
0.6825224757194519,0.4891221225261688,Q1 (lowest)
0.6813908219337463,0.5142995119094849,Q1 (lowest)
0.6795892119407654,0.5033650994300842,Q1 (lowest)
0.6118501424789429,0.6515318155288696,Q2
0.4980575740337372,0.8720870614051819,Q4 (highest)
0.4938463866710663,0.8862445950508118,Q4 (highest)
0.549884021282196,0.789994478225708,Q3
0.5016589760780334,0.8704970479011536,Q4 (highest)
0.6750611066818237,0.6030938029289246,Q2
0.5593277215957642,0.7622917890548706,Q3
0.5367128252983093,0.7944848537445068,Q3
0.6176382303237915,0.6270250678062439,Q2
0.5975478291511536,0.7394076585769653,Q3
0.5719265341758728,0.7660421133041382,Q3
0.44979602098464966,0.9752398133277893,Q4 (highest)
0.4972561001777649,0.9034509062767029,Q4 (highest)
0.5310730338096619,0.8399393558502197,Q3
0.55415278673172,0.7691433429718018,Q3
0.5644851922988892,0.7503765225410461,Q3
0.4908399283885956,0.8857843279838562,Q4 (highest)
0.6143898367881775,0.6741147637367249,Q2
0.617597758769989,0.6271095275878906,Q2
0.5147287845611572,0.837540864944458,Q3
0.5523180961608887,0.7919024229049683,Q3
0.6779511570930481,0.5647355914115906,Q2
0.6128836870193481,0.6930875778198242,Q2
0.6312181949615479,0.6314651370048523,Q2
0.6456248164176941,0.597256064414978,Q2
0.5982397198677063,0.7214349508285522,Q2
0.534531831741333,0.8043607473373413,Q3
0.5994283556938171,0.7371137142181396,Q3
0.5725552439689636,0.7299713492393494,Q3
0.6597030162811279,0.6049767732620239,Q2
0.7328757047653198,0.438429057598114,Q1 (lowest)
0.6857472658157349,0.5300573110580444,Q1 (lowest)
0.6798638701438904,0.5317968130111694,Q1 (lowest)
0.7062055468559265,0.4868561327457428,Q1 (lowest)
0.7141978144645691,0.4758092164993286,Q1 (lowest)
0.6042889952659607,0.6820132732391357,Q2
0.47804123163223267,0.9216144680976868,Q4 (highest)
0.5860162973403931,0.7252253293991089,Q2
0.6488470435142517,0.5970377326011658,Q2
0.507610023021698,0.8643630146980286,Q4 (highest)
0.5248978734016418,0.8357715010643005,Q3
0.5691437125205994,0.7724938988685608,Q3
0.6017264127731323,0.7039790153503418,Q2
0.7072843313217163,0.5311097502708435,Q1 (lowest)
0.6319307684898376,0.6965662837028503,Q2
0.633790135383606,0.6926127672195435,Q2
0.5884190797805786,0.7136889100074768,Q2
0.4827251434326172,0.911685049533844,Q4 (highest)
0.5854457020759583,0.7304093241691589,Q3
0.5488542914390564,0.7936190962791443,Q3
0.48857006430625916,0.8939325213432312,Q4 (highest)
0.620532214641571,0.6283807754516602,Q2
0.7102833390235901,0.43498316407203674,Q1 (lowest)
0.7394644021987915,0.3800703287124634,Q1 (lowest)
0.6012904047966003,0.6865482926368713,Q2
0.5210415124893188,0.8245585560798645,Q3
0.5241122245788574,0.8182598352432251,Q3
0.5304959416389465,0.8071752190589905,Q3
0.49428367614746094,0.8990909457206726,Q4 (highest)
0.5989853739738464,0.6941602230072021,Q2
0.5001294016838074,0.8677703142166138,Q4 (highest)
0.5480040311813354,0.7936190962791443,Q3
0.6044467091560364,0.6829115748405457,Q2
0.5448845028877258,0.7883185148239136,Q3
0.47834229469299316,0.9135674834251404,Q4 (highest)
0.5638332962989807,0.7660421133041382,Q3
0.5931802988052368,0.6941602230072021,Q2
0.6550468802452087,0.551736056804657,Q2
0.5398550629615784,0.798222005367279,Q3
0.4961312711238861,0.8895301222801208,Q4 (highest)
0.5333332419395447,0.7979995608329773,Q3
0.5038174986839294,0.8628818988800049,Q4 (highest)
0.5603955388069153,0.757764995098114,Q3
0.5083196759223938,0.8493732810020447,Q4 (highest)
0.5569936037063599,0.7540296912193298,Q3
0.472712904214859,0.9275433421134949,Q4 (highest)
0.49318838119506836,0.8808614015579224,Q4 (highest)
0.6239064335823059,0.6260142922401428,Q2
0.6525341868400574,0.5552654266357422,Q2
0.6485432386398315,0.5780829787254333,Q2
0.6061129570007324,0.6509591341018677,Q2
0.5555132031440735,0.752858579158783,Q3
0.6146482229232788,0.6648849844932556,Q2
0.6254975199699402,0.6564690470695496,Q2
0.5688021779060364,0.7513649463653564,Q3
0.4646839201450348,0.9414055943489075,Q4 (highest)
0.5216264128684998,0.8354789614677429,Q3
0.4646839201450348,0.9414055943489075,Q4 (highest)
0.4785693287849426,0.911685049533844,Q4 (highest)
0.6178555488586426,0.6456929445266724,Q2
0.6304408311843872,0.6325039863586426,Q2
0.5239173173904419,0.837540864944458,Q3
0.5870413184165955,0.716503918170929,Q2
0.6776403784751892,0.5254892706871033,Q1 (lowest)
0.5575701594352722,0.752858579158783,Q3
0.5301473736763,0.8078875541687012,Q3
0.5678195953369141,0.7450419664382935,Q3
0.5657269954681396,0.7503765225410461,Q3
0.651550829410553,0.560553789138794,Q2
0.537209689617157,0.8018283843994141,Q3
0.5186734199523926,0.8516849279403687,Q4 (highest)
0.5942943692207336,0.6941602230072021,Q2
0.5510808825492859,0.7660421133041382,Q3
0.5509105324745178,0.789994478225708,Q3
0.5952731966972351,0.6718714237213135,Q2
0.5411550402641296,0.7955742478370667,Q3
0.5449219942092896,0.7743863463401794,Q3
0.5619819760322571,0.7464801669120789,Q3
0.4703029692173004,0.9307215809822083,Q4 (highest)
0.5794345140457153,0.7374178767204285,Q3
0.4983896315097809,0.8835157752037048,Q4 (highest)
0.5240517258644104,0.8169835805892944,Q3
0.6500149965286255,0.5937894582748413,Q2
0.634964644908905,0.614584743976593,Q2
0.6347519755363464,0.5895374417304993,Q2
0.6730322241783142,0.5457584261894226,Q2
0.6743844747543335,0.5243118405342102,Q1 (lowest)
0.7127054929733276,0.4281080961227417,Q1 (lowest)
0.7495178580284119,0.3523946702480316,Q1 (lowest)
0.7390880584716797,0.3948623836040497,Q1 (lowest)
0.740118682384491,0.3780072331428528,Q1 (lowest)
0.7561628818511963,0.32505202293395996,Q1 (lowest)
0.7516639828681946,0.2969120144844055,Q1 (lowest)
0.7257845401763916,0.37776315212249756,Q1 (lowest)
0.7150518298149109,0.4351145923137665,Q1 (lowest)
0.6869029402732849,0.505543053150177,Q1 (lowest)
0.6205381751060486,0.6398423314094543,Q2
0.5168882012367249,0.8526896834373474,Q4 (highest)
0.5503827333450317,0.7796127796173096,Q3
0.6603725552558899,0.5542592406272888,Q2
0.6641674637794495,0.5252326726913452,Q1 (lowest)
0.6677421927452087,0.5272939205169678,Q1 (lowest)
0.6663301587104797,0.5514447093009949,Q2
0.5417788624763489,0.7971130013465881,Q3
0.5124804377555847,0.8610580563545227,Q4 (highest)
0.6868529319763184,0.4814438819885254,Q1 (lowest)
0.6824713349342346,0.5040576457977295,Q1 (lowest)
0.6741250157356262,0.5113549828529358,Q1 (lowest)
0.6244640946388245,0.6417429447174072,Q2
0.4506964683532715,0.9752398133277893,Q4 (highest)
0.5324501991271973,0.8169835805892944,Q3
0.5216554999351501,0.8218982219696045,Q3
0.6025741100311279,0.6568616628646851,Q2
0.5647428035736084,0.7414208650588989,Q3
0.6666833162307739,0.591227650642395,Q2
0.5193756222724915,0.837540864944458,Q3
0.5080993175506592,0.8737016320228577,Q4 (highest)
0.4742277264595032,0.9223278760910034,Q4 (highest)
0.5600972771644592,0.7680419087409973,Q3
0.5841203927993774,0.696082592010498,Q2
0.6876824498176575,0.5453056693077087,Q2
0.58089679479599,0.7456796169281006,Q3
0.5909935832023621,0.6941602230072021,Q2
0.6643700003623962,0.573104739189148,Q2
0.5988511443138123,0.7018482089042664,Q2
0.48378321528434753,0.924513578414917,Q4 (highest)
0.6149884462356567,0.6915489435195923,Q2
0.6783079504966736,0.5760377049446106,Q2
0.635275661945343,0.6506733894348145,Q2
0.5679718255996704,0.7317296862602234,Q3
0.5026837587356567,0.8610580563545227,Q4 (highest)
0.5628111362457275,0.7759168744087219,Q3
0.49332037568092346,0.8839653134346008,Q4 (highest)
0.520379364490509,0.8354789614677429,Q3
0.6688256859779358,0.5927181243896484,Q2
0.6057559847831726,0.6985140442848206,Q2
0.4646839201450348,0.9414055943489075,Q4 (highest)
0.6161263585090637,0.6727228760719299,Q2
0.6656538844108582,0.547579288482666,Q2
0.5632030367851257,0.7386395931243896,Q3
0.5720414519309998,0.7437736392021179,Q3
0.6692070364952087,0.5531992316246033,Q2
0.6932346224784851,0.5218256115913391,Q1 (lowest)
0.5542728304862976,0.755378246307373,Q3
0.4956625998020172,0.9135674834251404,Q4 (highest)
0.5448366403579712,0.798222005367279,Q3
0.5529288649559021,0.7581087946891785,Q3
0.6173726916313171,0.6506733894348145,Q2
0.7005487680435181,0.5293760299682617,Q1 (lowest)
0.6831087470054626,0.5383585095405579,Q1 (lowest)
0.5896397233009338,0.6969299912452698,Q2
0.5943643450737,0.677913248538971,Q2
0.5281259417533875,0.8221619725227356,Q3
0.526991069316864,0.8423848748207092,Q3
0.6474543213844299,0.5831854343414307,Q2
0.6721212267875671,0.5756441950798035,Q2
0.5183677673339844,0.8286513686180115,Q3
0.4691559970378876,0.9385421276092529,Q4 (highest)
0.5959450602531433,0.681454062461853,Q2
0.5751711130142212,0.7292439937591553,Q3
0.6687812805175781,0.5766952633857727,Q2
0.7172197699546814,0.41344568133354187,Q1 (lowest)
0.6892269849777222,0.4736860692501068,Q1 (lowest)
0.6215614676475525,0.6412887573242188,Q2
0.6500508189201355,0.5818302631378174,Q2
0.5513854622840881,0.7626451849937439,Q3
0.4989001750946045,0.868930459022522,Q4 (highest)
0.5324569344520569,0.7997888326644897,Q3
0.5864983797073364,0.703349769115448,Q2
0.44916000962257385,0.9752398133277893,Q4 (highest)
0.5677352547645569,0.7437736392021179,Q3
0.5214263796806335,0.8585532903671265,Q4 (highest)
0.540672242641449,0.7968922853469849,Q3
0.587333619594574,0.6969299912452698,Q2
0.5267297029495239,0.8320200443267822,Q3
0.5014838576316833,0.8741092085838318,Q4 (highest)
0.5915689468383789,0.7146223187446594,Q2
0.5812084078788757,0.7079295516014099,Q2
0.6054215431213379,0.6577479243278503,Q2
0.6258310079574585,0.619403600692749,Q2
0.6257676482200623,0.6363603472709656,Q2
0.5483741760253906,0.78666090965271,Q3
0.537528932094574,0.7936190962791443,Q3
0.6344066858291626,0.6095686554908752,Q2
0.5956782698631287,0.7222703099250793,Q2
0.539617121219635,0.7893638014793396,Q3
0.4848403036594391,0.9017894268035889,Q4 (highest)
0.4506964683532715,0.9752398133277893,Q4 (highest)
0.653294563293457,0.5642391443252563,Q2
0.6843657493591309,0.4998009204864502,Q1 (lowest)
0.682956337928772,0.48331552743911743,Q1 (lowest)
0.6522112488746643,0.5804840326309204,Q2
0.5276519656181335,0.8306058049201965,Q3
0.5539233684539795,0.8052927851676941,Q3
0.49130868911743164,0.8996238112449646,Q4 (highest)
0.5510808825492859,0.7660421133041382,Q3
0.5778601765632629,0.7555475234985352,Q3
0.4450724720954895,0.9842681884765625,Q4 (highest)
0.5698053240776062,0.7252253293991089,Q2
0.5250914692878723,0.819031298160553,Q3
0.5399078726768494,0.7919024229049683,Q3
0.5772688984870911,0.7174521684646606,Q2
0.5136157870292664,0.8451953530311584,Q3
0.6812235116958618,0.496966689825058,Q1 (lowest)
0.5854639410972595,0.6992497444152832,Q2
0.5088362097740173,0.8516849279403687,Q4 (highest)
0.6176331043243408,0.646157443523407,Q2
0.5422124266624451,0.78666090965271,Q3
0.5385113954544067,0.7936190962791443,Q3
0.6532480120658875,0.5664198994636536,Q2
0.5768573880195618,0.7094823122024536,Q2
0.5736176371574402,0.7363558411598206,Q3
0.573659360408783,0.7437736392021179,Q3
0.5190792083740234,0.8526896834373474,Q4 (highest)
0.4959155023097992,0.8839653134346008,Q4 (highest)
0.6003969311714172,0.6793437004089355,Q2
0.485380083322525,0.9034509062767029,Q4 (highest)
0.506868839263916,0.8557568192481995,Q4 (highest)
0.5134221911430359,0.8526896834373474,Q4 (highest)
0.5783728361129761,0.7131576538085938,Q2
0.6232783198356628,0.646996259689331,Q2
0.5720097422599792,0.7450419664382935,Q3
0.5457966923713684,0.7919024229049683,Q3
0.6445205807685852,0.5868206024169922,Q2
0.7091776132583618,0.4274430274963379,Q1 (lowest)
0.7121797204017639,0.4162912964820862,Q1 (lowest)
0.7264508605003357,0.37698420882225037,Q1 (lowest)
0.7307912111282349,0.3800703287124634,Q1 (lowest)
0.7016010880470276,0.4736860692501068,Q1 (lowest)
0.6823882460594177,0.5101126432418823,Q1 (lowest)
0.7035652995109558,0.486346572637558,Q1 (lowest)
0.7150993943214417,0.4390651285648346,Q1 (lowest)
0.7413498759269714,0.356584370136261,Q1 (lowest)
0.7570326328277588,0.31801652908325195,Q1 (lowest)
0.7324191331863403,0.3821313977241516,Q1 (lowest)
0.6414222717285156,0.6217748522758484,Q2
0.6313785910606384,0.6825742125511169,Q2
0.5318664908409119,0.8071752190589905,Q3
0.5812686085700989,0.7304093241691589,Q3
0.6488773822784424,0.6161782145500183,Q2
0.6978433132171631,0.462976336479187,Q1 (lowest)
0.719791829586029,0.3898018002510071,Q1 (lowest)
0.7005147337913513,0.462976336479187,Q1 (lowest)
0.6896387934684753,0.469310462474823,Q1 (lowest)
0.6309505701065063,0.6156190037727356,Q2
0.5559794306755066,0.7624684572219849,Q3
0.6058955192565918,0.6500082612037659,Q2
0.6007096171379089,0.6674622893333435,Q2
0.6061379313468933,0.6930875778198242,Q2
0.6668262481689453,0.5402250289916992,Q1 (lowest)
0.7399770617485046,0.3877067267894745,Q1 (lowest)
0.7234179377555847,0.3892563581466675,Q1 (lowest)
0.7410622239112854,0.37967559695243835,Q1 (lowest)
0.7202481627464294,0.4009968936443329,Q1 (lowest)
0.666759192943573,0.5450797080993652,Q2
0.562928318977356,0.7622917890548706,Q3
0.48894959688186646,0.8939325213432312,Q4 (highest)
0.577848494052887,0.7414208650588989,Q3
0.48644334077835083,0.9017894268035889,Q4 (highest)
0.6394973993301392,0.6412887573242188,Q2
0.5131790041923523,0.8393353819847107,Q3
0.5233058929443359,0.8390346169471741,Q3
0.5905672907829285,0.6829115748405457,Q2
0.4878663122653961,0.8934327960014343,Q4 (highest)
0.5872769355773926,0.6949988007545471,Q2
0.6932574510574341,0.5079329609870911,Q1 (lowest)
0.6635479927062988,0.592931866645813,Q2
0.5284048914909363,0.819031298160553,Q3
0.5216047167778015,0.8261805176734924,Q3
0.5536753535270691,0.7796127796173096,Q3
0.44798728823661804,0.9778246283531189,Q4 (highest)
0.4838978350162506,0.9045772552490234,Q4 (highest)
0.540422260761261,0.8139680027961731,Q3
0.681773841381073,0.5519110560417175,Q2
0.5174174308776855,0.8306058049201965,Q3
0.5250251889228821,0.8267256021499634,Q3
0.5054041147232056,0.8554120063781738,Q4 (highest)
0.5165496468544006,0.8357715010643005,Q3
0.5055193305015564,0.8585532903671265,Q4 (highest)
0.5961447954177856,0.7052440643310547,Q2
0.6967383623123169,0.526570200920105,Q1 (lowest)
0.6129102110862732,0.6388540267944336,Q2
0.5980758666992188,0.666117787361145,Q2
0.6097970008850098,0.6588365435600281,Q2
0.5329577326774597,0.8093230724334717,Q3
0.549598217010498,0.8117485642433167,Q3
0.5717596411705017,0.7304093241691589,Q3
0.627839982509613,0.6115132570266724,Q2
0.5240517258644104,0.8169835805892944,Q3
0.44916000962257385,0.9752398133277893,Q4 (highest)
0.6090925931930542,0.6522021293640137,Q2
0.6542622447013855,0.5810887217521667,Q2
0.6792349815368652,0.563929557800293,Q2
0.6588263511657715,0.5749247670173645,Q2
0.5317936539649963,0.825637698173523,Q3
0.5551794171333313,0.770438015460968,Q3
0.6680946946144104,0.5402250289916992,Q1 (lowest)
0.6794652342796326,0.49894198775291443,Q1 (lowest)
0.6176432967185974,0.6865482926368713,Q2
0.47179293632507324,0.9349380135536194,Q4 (highest)
0.5121300220489502,0.8448798656463623,Q3
0.534561812877655,0.7968922853469849,Q3
0.6556429862976074,0.5892571210861206,Q2
0.7182945609092712,0.41700926423072815,Q1 (lowest)
0.6980353593826294,0.5095418095588684,Q1 (lowest)
0.5702926516532898,0.7363558411598206,Q3
0.4783329963684082,0.9223278760910034,Q4 (highest)
0.6135396361351013,0.6443060040473938,Q2
0.6369441747665405,0.6270250678062439,Q2
0.5175992250442505,0.837540864944458,Q3
0.5968472361564636,0.675950288772583,Q2
0.47964954376220703,0.9161525368690491,Q4 (highest)
0.5184386372566223,0.8402424454689026,Q3
0.48679882287979126,0.9181523323059082,Q4 (highest)
0.5219264030456543,0.8286513686180115,Q3
0.5751069188117981,0.72185218334198,Q2
0.5432180762290955,0.78666090965271,Q3
0.5061265826225281,0.8677703142166138,Q4 (highest)
0.5790912508964539,0.7363558411598206,Q3
0.500241756439209,0.8799922466278076,Q4 (highest)
0.489056259393692,0.8895301222801208,Q4 (highest)
0.5472772717475891,0.7709960341453552,Q3
0.6265464425086975,0.6207901835441589,Q2
0.5753797888755798,0.7450419664382935,Q3
0.5574244856834412,0.7503765225410461,Q3
0.5407410860061646,0.7902053594589233,Q3
0.46004626154899597,0.9548220038414001,Q4 (highest)
0.5865095257759094,0.6965662837028503,Q2
0.5880559086799622,0.7136889100074768,Q2
0.5968438982963562,0.6754085421562195,Q2
0.4896987974643707,0.8949404954910278,Q4 (highest)
0.4793762266635895,0.9161525368690491,Q4 (highest)
0.5179634094238281,0.8430038690567017,Q3
0.5244225859642029,0.8162235021591187,Q3
0.6124438047409058,0.6432034969329834,Q2
0.6981302499771118,0.4589357376098633,Q1 (lowest)
0.6565558910369873,0.5422200560569763,Q1 (lowest)
0.5859649777412415,0.7014747262001038,Q2
0.5745754241943359,0.7214349508285522,Q2
0.5006549954414368,0.8909742832183838,Q4 (highest)
0.5333332419395447,0.7979995608329773,Q3
0.4585277736186981,0.9561408758163452,Q4 (highest)
0.5405078530311584,0.7968922853469849,Q3
0.629132866859436,0.6253433227539062,Q2
0.5036904811859131,0.8724883794784546,Q4 (highest)
0.4774695336818695,0.9275433421134949,Q4 (highest)
0.46279793977737427,0.9454799890518188,Q4 (highest)
0.5026837587356567,0.8610580563545227,Q4 (highest)
0.6076416373252869,0.6621397733688354,Q2
0.6114978194236755,0.6555886268615723,Q2
0.5005233883857727,0.868930459022522,Q4 (highest)
0.4688858091831207,0.9385421276092529,Q4 (highest)
0.6046133041381836,0.6588365435600281,Q2
0.6371688842773438,0.600117027759552,Q2
0.5045274496078491,0.8639907836914062,Q4 (highest)
0.5877713561058044,0.6906083822250366,Q2
0.5467708706855774,0.7740060687065125,Q3
0.45749005675315857,0.9603790640830994,Q4 (highest)
0.5294898152351379,0.8390346169471741,Q3
0.5228453874588013,0.825637698173523,Q3
0.6441252827644348,0.6259303689002991,Q2
0.5237289667129517,0.8264527916908264,Q3
0.4908476769924164,0.8996238112449646,Q4 (highest)
0.5442240238189697,0.784613847732544,Q3
0.6637740135192871,0.5645492672920227,Q2
0.5564921498298645,0.7508699297904968,Q3
0.58833247423172,0.716503918170929,Q2
0.6792553067207336,0.5254892706871033,Q1 (lowest)
0.6813538074493408,0.4890791177749634,Q1 (lowest)
0.6130861639976501,0.6412887573242188,Q2
0.5685170292854309,0.73818039894104,Q3
0.5937401652336121,0.6859754323959351,Q2
0.6307381987571716,0.6014511585235596,Q2
0.6738364100456238,0.50461345911026,Q1 (lowest)
0.6962170600891113,0.4599755108356476,Q1 (lowest)
0.692832887172699,0.4852045774459839,Q1 (lowest)
0.6192219853401184,0.6428372859954834,Q2
0.5258318185806274,0.8390346169471741,Q3
0.48857131600379944,0.8919497728347778,Q4 (highest)
0.4979260563850403,0.8857843279838562,Q4 (highest)
0.6389533877372742,0.6465297937393188,Q2
0.7101179957389832,0.45701882243156433,Q1 (lowest)
0.7099964022636414,0.4402421712875366,Q1 (lowest)
0.717693030834198,0.41782015562057495,Q1 (lowest)
0.740189254283905,0.3466266095638275,Q1 (lowest)
0.6970576047897339,0.4583069682121277,Q1 (lowest)
0.610070526599884,0.6596322059631348,Q2
0.5921108722686768,0.7038528919219971,Q2
0.6864641308784485,0.4898974895477295,Q1 (lowest)
0.69115149974823,0.4861346185207367,Q1 (lowest)
0.7254332900047302,0.41700926423072815,Q1 (lowest)
0.6837761402130127,0.49011337757110596,Q1 (lowest)
0.663996160030365,0.5629417896270752,Q2
0.6645399928092957,0.5482663512229919,Q2
0.6601274609565735,0.5783483982086182,Q2
0.6470462679862976,0.5692582130432129,Q2
0.5668936967849731,0.7445651888847351,Q3
0.5713360905647278,0.7240937948226929,Q2
0.6571012735366821,0.5581932663917542,Q2
0.638704240322113,0.591227650642395,Q2
0.6201882362365723,0.6412887573242188,Q2
0.6244370937347412,0.6412887573242188,Q2
0.48644334077835083,0.9017894268035889,Q4 (highest)
0.5388409495353699,0.7955742478370667,Q3
0.6462830901145935,0.5647355914115906,Q2
0.6298423409461975,0.6506733894348145,Q2
0.569202184677124,0.7612359523773193,Q3
0.5510472655296326,0.7944848537445068,Q3
0.6865965723991394,0.5543773770332336,Q2
0.5504251718521118,0.7936190962791443,Q3
0.5230529308319092,0.819031298160553,Q3
0.5195370316505432,0.8639907836914062,Q4 (highest)
0.6205023527145386,0.6210359334945679,Q2
0.577558696269989,0.7333571314811707,Q3
0.46601200103759766,0.9385421276092529,Q4 (highest)
0.5248684287071228,0.8346053957939148,Q3
0.5844374299049377,0.6974158883094788,Q2
0.5714723467826843,0.7292439937591553,Q3
0.47804203629493713,0.9142053723335266,Q4 (highest)
0.5001906752586365,0.8662428259849548,Q4 (highest)
0.5250363349914551,0.8149659633636475,Q3
0.6157833337783813,0.6368033289909363,Q2
0.5610257983207703,0.7450419664382935,Q3
0.6113808751106262,0.6579453945159912,Q2
0.6915338039398193,0.4852045774459839,Q1 (lowest)
0.7310159802436829,0.4233448803424835,Q1 (lowest)
0.6683765649795532,0.563929557800293,Q2
0.6403936147689819,0.6457857489585876,Q2
0.5626392364501953,0.7445651888847351,Q3
0.5548464059829712,0.7575933337211609,Q3
0.469650000333786,0.9307215809822083,Q4 (highest)
0.5150500535964966,0.8354789614677429,Q3
0.5000810027122498,0.8799922466278076,Q4 (highest)
0.5933049321174622,0.6930875778198242,Q2
0.6826519966125488,0.48681360483169556,Q1 (lowest)
0.7002319097518921,0.45367151498794556,Q1 (lowest)
0.6563400626182556,0.5983517169952393,Q2
0.6026033163070679,0.6673584580421448,Q2
0.5546614527702332,0.747445821762085,Q3
0.5621253252029419,0.7464801669120789,Q3
0.4637794494628906,0.9237772822380066,Q4 (highest)
0.4920652508735657,0.8821795582771301,Q4 (highest)
0.5243794322013855,0.8264527916908264,Q3
0.49041682481765747,0.8934327960014343,Q4 (highest)
0.5809899568557739,0.7052440643310547,Q2
0.46306052803993225,0.9510926604270935,Q4 (highest)
0.5450810790061951,0.7782409191131592,Q3
0.5247127413749695,0.8198072910308838,Q3
0.44916000962257385,0.9752398133277893,Q4 (highest)
0.5146790742874146,0.8430038690567017,Q3
0.6469131708145142,0.5878612399101257,Q2
0.5971890687942505,0.6693395376205444,Q2
0.5441750884056091,0.7868671417236328,Q3
0.5846608281135559,0.7174521684646606,Q2
0.5250406265258789,0.8354789614677429,Q3
0.5430871248245239,0.7991153001785278,Q3
0.5125862956047058,0.8439382910728455,Q3
0.594986617565155,0.6954796314239502,Q2
0.6168960928916931,0.6484023928642273,Q2
0.5810648798942566,0.7214349508285522,Q2
0.4590786099433899,0.9535431861877441,Q4 (highest)
0.49071428179740906,0.9017894268035889,Q4 (highest)
0.4966127872467041,0.8737016320228577,Q4 (highest)
0.45374950766563416,0.9651642441749573,Q4 (highest)
0.5478300452232361,0.7819930911064148,Q3
0.5993359684944153,0.6865482926368713,Q2
0.5162649154663086,0.8439382910728455,Q3
0.5900582671165466,0.7018482089042664,Q2
0.5805590152740479,0.7394076585769653,Q3
0.5073308944702148,0.8662428259849548,Q4 (highest)
0.5107370018959045,0.8516849279403687,Q4 (highest)
0.4519719183444977,0.9752398133277893,Q4 (highest)
0.4838978350162506,0.9045772552490234,Q4 (highest)
0.5031061768531799,0.8737016320228577,Q4 (highest)
0.6294882893562317,0.6245911717414856,Q2
0.6452464461326599,0.5669844150543213,Q2
0.5785325169563293,0.7253672480583191,Q2
0.4766307771205902,0.9275433421134949,Q4 (highest)
0.5073937773704529,0.8526896834373474,Q4 (highest)
0.5394922494888306,0.8132243156433105,Q3
0.5430276989936829,0.7782409191131592,Q3
0.5240024924278259,0.8306058049201965,Q3
0.5097183585166931,0.8603366017341614,Q4 (highest)
0.5008945465087891,0.8720870614051819,Q4 (highest)
0.5702123641967773,0.740179181098938,Q3
0.5980409383773804,0.6993726491928101,Q2
0.5370315313339233,0.7938351631164551,Q3
0.5149452686309814,0.8430038690567017,Q3
0.5767759680747986,0.7110482454299927,Q2
0.5069296956062317,0.8610580563545227,Q4 (highest)
0.48028135299682617,0.9080520272254944,Q4 (highest)
0.5604670643806458,0.7495572566986084,Q3
0.5122061967849731,0.8643630146980286,Q4 (highest)
0.473906010389328,0.9216144680976868,Q4 (highest)
0.6600457429885864,0.5450233221054077,Q2
0.6523949503898621,0.5766952633857727,Q2
0.5964121222496033,0.6796753406524658,Q2
0.5881618857383728,0.6906083822250366,Q2
0.5729400515556335,0.7174521684646606,Q2
0.46041399240493774,0.9548220038414001,Q4 (highest)
0.44916000962257385,0.9752398133277893,Q4 (highest)
0.55766361951828,0.7755327820777893,Q3
0.616624116897583,0.721157431602478,Q2
0.620449960231781,0.6641695499420166,Q2
0.599797248840332,0.6693395376205444,Q2
0.5490648746490479,0.7912638187408447,Q3
0.5488088726997375,0.8071752190589905,Q3
0.5927132964134216,0.7190894484519958,Q2
0.6426867842674255,0.6206265687942505,Q2
0.6848220825195312,0.5386866331100464,Q1 (lowest)
0.6175526976585388,0.6363603472709656,Q2
0.6583878397941589,0.5821005702018738,Q2
0.7034570574760437,0.445505827665329,Q1 (lowest)
0.7281156182289124,0.40425175428390503,Q1 (lowest)
0.6272681951522827,0.6236756443977356,Q2
0.6684272289276123,0.5606147050857544,Q2
0.7288331985473633,0.4278544783592224,Q1 (lowest)
0.7593368291854858,0.3374882638454437,Q1 (lowest)
0.7085044384002686,0.43987151980400085,Q1 (lowest)
0.6315696239471436,0.6240913271903992,Q2
0.5508127212524414,0.7854294180870056,Q3
0.5478355288505554,0.7772682905197144,Q3
0.4646839201450348,0.9414055943489075,Q4 (highest)
0.5463547110557556,0.7938351631164551,Q3
0.5523303747177124,0.7698817849159241,Q3
0.6679736971855164,0.578880250453949,Q2
0.7008792161941528,0.44436609745025635,Q1 (lowest)
0.48258352279663086,0.9045772552490234,Q4 (highest)
0.558872640132904,0.7696968913078308,Q3
0.5767934918403625,0.709612250328064,Q2
0.506575882434845,0.854383647441864,Q4 (highest)
0.5652890205383301,0.7431430220603943,Q3
0.5296825766563416,0.8264527916908264,Q3
0.6960565447807312,0.4759300947189331,Q1 (lowest)
0.6532770991325378,0.6171404123306274,Q2
0.5287436842918396,0.8245585560798645,Q3
0.47711697220802307,0.9181523323059082,Q4 (highest)
0.5163248181343079,0.8390346169471741,Q3
0.6018369793891907,0.6789024472236633,Q2
0.5001594424247742,0.8724883794784546,Q4 (highest)
0.4529467523097992,0.9669219255447388,Q4 (highest)
0.5127393007278442,0.8402424454689026,Q3
0.5204586386680603,0.8331627249717712,Q3
0.6158687472343445,0.6428372859954834,Q2
0.5475144386291504,0.7724938988685608,Q3
0.6135216355323792,0.6720839142799377,Q2
0.4913923442363739,0.8934327960014343,Q4 (highest)
0.48639774322509766,0.9086459875106812,Q4 (highest)
0.5639542937278748,0.7371137142181396,Q3
0.4776834547519684,0.9135674834251404,Q4 (highest)
0.44916000962257385,0.9752398133277893,Q4 (highest)
0.4797190725803375,0.9092445373535156,Q4 (highest)
0.519454300403595,0.8399393558502197,Q3
0.5262412428855896,0.8198072910308838,Q3
0.5814608335494995,0.7074150443077087,Q2
0.5086857676506042,0.8724883794784546,Q4 (highest)
0.6028695106506348,0.6604310870170593,Q2
0.5320702195167542,0.8078875541687012,Q3
0.47843438386917114,0.9181523323059082,Q4 (highest)
0.5553458333015442,0.7724938988685608,Q3
0.6191070675849915,0.6428372859954834,Q2
0.7028979063034058,0.46158286929130554,Q1 (lowest)
0.7149843573570251,0.45801180601119995,Q1 (lowest)
0.6774879693984985,0.515274167060852,Q1 (lowest)
0.6404628753662109,0.5890471935272217,Q2
0.5855448246002197,0.7269363403320312,Q2
0.6210767030715942,0.6561751961708069,Q2
0.5134307742118835,0.8493732810020447,Q4 (highest)
0.5266073942184448,0.8117485642433167,Q3
0.6368853449821472,0.5937894582748413,Q2
0.6403903961181641,0.6004867553710938,Q2
0.614717423915863,0.6736854314804077,Q2
0.5325894355773926,0.8009184002876282,Q3
0.4908399283885956,0.8857843279838562,Q4 (highest)
0.5352078676223755,0.7955742478370667,Q3
0.5079175233840942,0.854383647441864,Q4 (highest)
0.5247349143028259,0.8169835805892944,Q3
0.49677059054374695,0.8821795582771301,Q4 (highest)
0.45400485396385193,0.9687837958335876,Q4 (highest)
0.554886519908905,0.7764946222305298,Q3
0.4988104999065399,0.8732956051826477,Q4 (highest)
0.627717137336731,0.6086419224739075,Q2
0.6766204237937927,0.5029506683349609,Q1 (lowest)
0.604909360408783,0.6974158883094788,Q2
0.5646258592605591,0.7548712491989136,Q3
0.4964470863342285,0.8857843279838562,Q4 (highest)
0.5003137588500977,0.8732956051826477,Q4 (highest)
0.5506307482719421,0.7689592242240906,Q3
0.5453014373779297,0.7991153001785278,Q3
0.5602964758872986,0.7431430220603943,Q3
0.5168857574462891,0.8585532903671265,Q4 (highest)
0.49842020869255066,0.8741092085838318,Q4 (highest)
0.501875102519989,0.8732956051826477,Q4 (highest)
0.572268009185791,0.7305554747581482,Q3
0.556526780128479,0.7581087946891785,Q3
0.556248128414154,0.7743863463401794,Q3
0.629163920879364,0.619403600692749,Q2
0.5456103682518005,0.7743863463401794,Q3
0.46926766633987427,0.9315419793128967,Q4 (highest)
0.5888550877571106,0.6883934140205383,Q2
0.5079175233840942,0.854383647441864,Q4 (highest)
0.49977168440818787,0.8732956051826477,Q4 (highest)
0.51237952709198,0.8423848748207092,Q3
0.4970303475856781,0.8770081996917725,Q4 (highest)
0.5406766533851624,0.8169835805892944,Q3
0.5960275530815125,0.7002353072166443,Q2
0.4770240783691406,0.9237772822380066,Q4 (highest)
0.5129888653755188,0.8506886959075928,Q4 (highest)
0.562562108039856,0.7548712491989136,Q3
0.5851246118545532,0.7089632749557495,Q2
0.4956619441509247,0.8862445950508118,Q4 (highest)
0.4688056409358978,0.936711847782135,Q4 (highest)
0.5764185190200806,0.7374178767204285,Q3
0.5160311460494995,0.8451953530311584,Q3
0.46085262298583984,0.9510926604270935,Q4 (highest)
0.6026763916015625,0.6600311994552612,Q2
0.5634831786155701,0.7696968913078308,Q3
0.44979602098464966,0.9752398133277893,Q4 (highest)
0.5097256898880005,0.8464655876159668,Q4 (highest)
0.53787761926651,0.8132243156433105,Q3
0.5671388506889343,0.7292439937591553,Q3
0.5765298008918762,0.7169095873832703,Q2
0.5732068419456482,0.7169095873832703,Q2
0.5311205983161926,0.8261805176734924,Q3
0.5341963171958923,0.8240222930908203,Q3
0.5475144386291504,0.7724938988685608,Q3
0.5064154267311096,0.8704970479011536,Q4 (highest)
0.47447648644447327,0.9237772822380066,Q4 (highest)
0.48246556520462036,0.9135674834251404,Q4 (highest)
0.5027070045471191,0.8677703142166138,Q4 (highest)
0.6386387944221497,0.6613337993621826,Q2
0.627955436706543,0.6127676963806152,Q2
0.5168980956077576,0.8451953530311584,Q3
0.5773345232009888,0.7550399899482727,Q3
0.6180617213249207,0.6484023928642273,Q2
0.4844445288181305,0.9080520272254944,Q4 (highest)
0.5960704684257507,0.7314354181289673,Q3
0.6796438097953796,0.5079801082611084,Q1 (lowest)
0.7401588559150696,0.35888129472732544,Q1 (lowest)
0.7216276526451111,0.39345186948776245,Q1 (lowest)
0.7174461483955383,0.4310160279273987,Q1 (lowest)
0.7189455628395081,0.40425175428390503,Q1 (lowest)
0.7546791434288025,0.3334531784057617,Q1 (lowest)
0.768329381942749,0.30831965804100037,Q1 (lowest)
0.7060775756835938,0.4442284405231476,Q1 (lowest)
0.6137935519218445,0.6350372433662415,Q2
0.5199156999588013,0.8464655876159668,Q4 (highest)
0.5175309181213379,0.8451953530311584,Q3
0.540379524230957,0.805995762348175,Q3
0.47003650665283203,0.934070885181427,Q4 (highest)
0.5964765548706055,0.6767112612724304,Q2
0.5315505266189575,0.8221619725227356,Q3
0.48016220331192017,0.911685049533844,Q4 (highest)
0.5800795555114746,0.726793110370636,Q2
0.6473149657249451,0.5713006854057312,Q2
0.6627642512321472,0.5757097601890564,Q2
0.6426553130149841,0.5725876688957214,Q2
0.5943489074707031,0.6825742125511169,Q2
0.4529467523097992,0.9669219255447388,Q4 (highest)
0.5258866548538208,0.8132243156433105,Q3
0.4724162518978119,0.9349380135536194,Q4 (highest)
0.537209689617157,0.8018283843994141,Q3
0.6384324431419373,0.6266875863075256,Q2
0.7302398085594177,0.46648353338241577,Q1 (lowest)
0.6607597470283508,0.5370510816574097,Q1 (lowest)
0.6141121983528137,0.6648849844932556,Q2
0.6166307330131531,0.6621397733688354,Q2
0.5783806443214417,0.7394076585769653,Q3
0.530393123626709,0.8149659633636475,Q3
0.5225480198860168,0.8200668096542358,Q3
0.4735487997531891,0.9237772822380066,Q4 (highest)
0.5228453874588013,0.825637698173523,Q3
0.506575882434845,0.854383647441864,Q4 (highest)
0.5604237914085388,0.7530254125595093,Q3
0.5946536064147949,0.6866630911827087,Q2
0.5892333388328552,0.6915489435195923,Q2
0.49391642212867737,0.8835157752037048,Q4 (highest)
0.5548787117004395,0.7555475234985352,Q3
0.46473202109336853,0.9454799890518188,Q4 (highest)
0.5459458231925964,0.7796127796173096,Q3
0.5824815034866333,0.6980251669883728,Q2
0.6328839659690857,0.6115132570266724,Q2
0.5455122590065002,0.7819930911064148,Q3
0.5348805785179138,0.798222005367279,Q3
0.5324569344520569,0.7997888326644897,Q3
0.5021993517875671,0.8662428259849548,Q4 (highest)
0.4985979497432709,0.8934327960014343,Q4 (highest)
0.6020337343215942,0.6866630911827087,Q2
0.6536345481872559,0.5486680865287781,Q2
0.6476727724075317,0.5827100872993469,Q2
0.6337898373603821,0.6154595613479614,Q2
0.5664713382720947,0.7394076585769653,Q3
0.6051619052886963,0.6603310108184814,Q2
0.614575982093811,0.6353892087936401,Q2
0.49826833605766296,0.8770081996917725,Q4 (highest)
0.5457972884178162,0.7740060687065125,Q3
0.46085262298583984,0.9510926604270935,Q4 (highest)
0.4800012707710266,0.9086459875106812,Q4 (highest)
0.4728933274745941,0.9237772822380066,Q4 (highest)
0.4978652000427246,0.8724883794784546,Q4 (highest)
0.46085262298583984,0.9510926604270935,Q4 (highest)
0.5805549621582031,0.7136889100074768,Q2
0.651637613773346,0.5572326183319092,Q2
0.7035914063453674,0.4346877932548523,Q1 (lowest)
0.6413502097129822,0.5827100872993469,Q2
0.6005582213401794,0.6677738428115845,Q2
0.48258352279663086,0.9045772552490234,Q4 (highest)
0.5555132031440735,0.752858579158783,Q3
0.4760623872280121,0.9237772822380066,Q4 (highest)
0.5117011070251465,0.8423848748207092,Q3
0.5718286633491516,0.7575933337211609,Q3
0.5354799032211304,0.7936190962791443,Q3
0.4506964683532715,0.9752398133277893,Q4 (highest)
0.5068707466125488,0.8585532903671265,Q4 (highest)
0.5273527503013611,0.8169835805892944,Q3
0.5119451880455017,0.8506886959075928,Q4 (highest)
0.4783329963684082,0.9223278760910034,Q4 (highest)
0.49985525012016296,0.8737016320228577,Q4 (highest)
0.4754445254802704,0.924513578414917,Q4 (highest)
0.5800142884254456,0.7169095873832703,Q2
0.5038899183273315,0.8585532903671265,Q4 (highest)
0.519188642501831,0.8357715010643005,Q3
0.5127393007278442,0.8402424454689026,Q3
0.5327882766723633,0.8052927851676941,Q3
0.5563473701477051,0.7674940228462219,Q3
0.5812190771102905,0.7039790153503418,Q2
0.5449876189231873,0.789994478225708,Q3
0.5332252383232117,0.8016003370285034,Q3
0.5599859952926636,0.7437736392021179,Q3
0.5400279760360718,0.7885269522666931,Q3
0.47113296389579773,0.9275433421134949,Q4 (highest)
0.5146790742874146,0.8430038690567017,Q3
0.4773833751678467,0.9142053723335266,Q4 (highest)
0.472712904214859,0.9275433421134949,Q4 (highest)
0.5418688654899597,0.8018283843994141,Q3
0.5473572015762329,0.7782409191131592,Q3
0.4966481328010559,0.8770081996917725,Q4 (highest)
0.6043834090232849,0.6619380116462708,Q2
0.589752733707428,0.7003588676452637,Q2
0.5720871090888977,0.7253672480583191,Q2
0.5354799032211304,0.7936190962791443,Q3
0.4945550858974457,0.8821795582771301,Q4 (highest)
0.5148293972015381,0.8426939845085144,Q3
0.5178176760673523,0.8331627249717712,Q3
0.6059733033180237,0.6571566462516785,Q2
0.5869737863540649,0.6888575553894043,Q2
0.5260912179946899,0.8169835805892944,Q3
0.5016589760780334,0.8704970479011536,Q4 (highest)
0.5138818621635437,0.8451953530311584,Q3
0.5791237950325012,0.7110482454299927,Q2
0.6200241446495056,0.6399324536323547,Q2
0.6152850389480591,0.6510543823242188,Q2
0.6751524806022644,0.5194689035415649,Q1 (lowest)
0.7012230753898621,0.4530590772628784,Q1 (lowest)
0.6130280494689941,0.6457857489585876,Q2
0.5205727815628052,0.8423848748207092,Q3
0.6133005023002625,0.6965662837028503,Q2
0.5704042911529541,0.7464801669120789,Q3
0.5709593892097473,0.7696968913078308,Q3
0.5803155899047852,0.7502123713493347,Q3
0.6241984367370605,0.6902568936347961,Q2
0.5477415919303894,0.7796127796173096,Q3
0.5077746510505676,0.8610580563545227,Q4 (highest)
0.532498836517334,0.8132243156433105,Q3
0.45529577136039734,0.9651642441749573,Q4 (highest)
0.5914286971092224,0.6969299912452698,Q2
0.5957967638969421,0.703349769115448,Q2
0.6853074431419373,0.5552654266357422,Q2
0.6396923065185547,0.5937894582748413,Q2
0.5286493301391602,0.8117485642433167,Q3
0.5689144730567932,0.7555475234985352,Q3
0.6620377898216248,0.6212819218635559,Q2
0.5718982815742493,0.7535267472267151,Q3
0.6588658690452576,0.5444032549858093,Q2
0.6728041768074036,0.5055897235870361,Q1 (lowest)
0.740024209022522,0.40146636962890625,Q1 (lowest)
0.7745005488395691,0.297775000333786,Q1 (lowest)
0.76067054271698,0.28456297516822815,Q1 (lowest)
0.7743777632713318,0.24612364172935486,Q1 (lowest)
0.7634750008583069,0.2781345248222351,Q1 (lowest)
0.7383577227592468,0.3849237263202667,Q1 (lowest)
0.6920727491378784,0.5077915787696838,Q1 (lowest)
0.6691429018974304,0.5886277556419373,Q2
0.6701596975326538,0.597766637802124,Q2
0.5331134796142578,0.8018283843994141,Q3
0.5807163119316101,0.7624684572219849,Q3
0.6276472210884094,0.6496291756629944,Q2
0.4793762266635895,0.9161525368690491,Q4 (highest)
0.5156113505363464,0.8448798656463623,Q3
0.49182796478271484,0.8954487442970276,Q4 (highest)
0.5500687956809998,0.7653210759162903,Q3
0.5354157090187073,0.8117485642433167,Q3
0.5668628811836243,0.7371137142181396,Q3
0.6453800201416016,0.5802158713340759,Q2
0.6476387977600098,0.5705962181091309,Q2
0.5249093174934387,0.8253670334815979,Q3
0.46926766633987427,0.9315419793128967,Q4 (highest)
0.4561239182949066,0.9687837958335876,Q4 (highest)
0.4585277736186981,0.9561408758163452,Q4 (highest)
0.4966127872467041,0.8737016320228577,Q4 (highest)
0.4559393525123596,0.9603790640830994,Q4 (highest)
0.4956999719142914,0.8770081996917725,Q4 (highest)
0.5023612380027771,0.8799922466278076,Q4 (highest)
0.611450731754303,0.6556862592697144,Q2
0.6621381044387817,0.5993795990943909,Q2
0.5549847483634949,0.7719305753707886,Q3
0.586032509803772,0.6941602230072021,Q2
0.6212814450263977,0.619403600692749,Q2
0.5304959416389465,0.8071752190589905,Q3
0.46601200103759766,0.9385421276092529,Q4 (highest)
0.5412973165512085,0.8022855520248413,Q3
0.45849037170410156,0.9548220038414001,Q4 (highest)
0.5423537492752075,0.7796127796173096,Q3
0.5552116632461548,0.7548712491989136,Q3
0.48451730608940125,0.8990909457206726,Q4 (highest)
0.6077580451965332,0.646157443523407,Q2
0.5575052499771118,0.7502123713493347,Q3
0.600108802318573,0.6619380116462708,Q2
0.5345525145530701,0.7988914847373962,Q3
0.4529467523097992,0.9669219255447388,Q4 (highest)
0.5344855189323425,0.8018283843994141,Q3
0.5265704989433289,0.8132243156433105,Q3
0.47376561164855957,0.9307215809822083,Q4 (highest)
0.5010809898376465,0.8677703142166138,Q4 (highest)
0.5468631982803345,0.770438015460968,Q3
0.5134181380271912,0.8402424454689026,Q3
0.499030739068985,0.8821795582771301,Q4 (highest)
0.5458114147186279,0.7883185148239136,Q3
0.47711697220802307,0.9181523323059082,Q4 (highest)
0.4839024543762207,0.9017894268035889,Q4 (highest)
0.45788413286209106,0.9561408758163452,Q4 (highest)
0.5206207633018494,0.8240222930908203,Q3
0.5411846041679382,0.7819930911064148,Q3
0.5866227149963379,0.7235307097434998,Q2
0.5919734239578247,0.6728296279907227,Q2
0.45788413286209106,0.9561408758163452,Q4 (highest)
0.5150500535964966,0.8354789614677429,Q3
0.4968072474002838,0.8732956051826477,Q4 (highest)
0.5117484331130981,0.8464655876159668,Q4 (highest)
0.4700091481208801,0.936711847782135,Q4 (highest)
0.5747901797294617,0.7136889100074768,Q2
0.6460366249084473,0.5694488883018494,Q2
0.7091234922409058,0.45098358392715454,Q1 (lowest)
0.6886069178581238,0.5091147422790527,Q1 (lowest)
0.6558268070220947,0.5749247670173645,Q2
0.6472253203392029,0.5694488883018494,Q2
0.5805549621582031,0.7136889100074768,Q2
0.6111051440238953,0.6509591341018677,Q2
0.586368203163147,0.7002353072166443,Q2
0.5513596534729004,0.7885269522666931,Q3
0.5063585638999939,0.8639907836914062,Q4 (highest)
0.5204586386680603,0.8331627249717712,Q3
0.5135641694068909,0.8533643484115601,Q4 (highest)
0.4829200804233551,0.9086459875106812,Q4 (highest)
0.602227509021759,0.6648849844932556,Q2
0.5863494277000427,0.7124958634376526,Q2
0.539249062538147,0.8137197494506836,Q3
0.4956619441509247,0.8862445950508118,Q4 (highest)
0.5083504915237427,0.8526896834373474,Q4 (highest)
0.5419703722000122,0.7817933559417725,Q3
0.45273610949516296,0.9687837958335876,Q4 (highest)
0.5213107466697693,0.8331627249717712,Q3
0.5303630232810974,0.8297645449638367,Q3
0.573940098285675,0.732319712638855,Q3
0.6323084831237793,0.6020469665527344,Q2
0.5874744653701782,0.6983917355537415,Q2
0.5715925097465515,0.7414208650588989,Q3
0.5105822682380676,0.8639907836914062,Q4 (highest)
0.5182498097419739,0.8390346169471741,Q3
0.4668620228767395,0.936711847782135,Q4 (highest)
0.4964470863342285,0.8857843279838562,Q4 (highest)
0.5111708641052246,0.8448798656463623,Q3
0.5687116980552673,0.7333571314811707,Q3
0.5510430335998535,0.7653210759162903,Q3
0.5773240327835083,0.7190894484519958,Q2
0.5294586420059204,0.8132243156433105,Q3
0.5335044264793396,0.8018283843994141,Q3
0.5185073614120483,0.8297645449638367,Q3
0.54833984375,0.7741960287094116,Q3
0.5409194231033325,0.8018283843994141,Q3
0.6271098256111145,0.6429288387298584,Q2
0.5429481863975525,0.7893638014793396,Q3
0.4899778366088867,0.8909742832183838,Q4 (highest)
0.4879056513309479,0.8919497728347778,Q4 (highest)
0.51869797706604,0.8557568192481995,Q4 (highest)
0.6350396871566772,0.6363603472709656,Q2
0.6804755330085754,0.551736056804657,Q2
0.7009417414665222,0.4955863952636719,Q1 (lowest)
0.7293815016746521,0.40227004885673523,Q1 (lowest)
0.6725713014602661,0.510303258895874,Q1 (lowest)
0.6377248764038086,0.5831854343414307,Q2
0.6855832934379578,0.5332310795783997,Q1 (lowest)
0.6991204619407654,0.5158611536026001,Q1 (lowest)
0.6727871894836426,0.5328583121299744,Q1 (lowest)
0.7101635336875916,0.5235984325408936,Q1 (lowest)
0.6214422583580017,0.6865482926368713,Q2
0.46768656373023987,0.9349380135536194,Q4 (highest)
0.6223353147506714,0.6865482926368713,Q2
0.6360716819763184,0.6079496145248413,Q2
0.6274470686912537,0.6213639974594116,Q2
0.6002495884895325,0.714221715927124,Q2
0.5673478245735168,0.73499995470047,Q3
0.5365308523178101,0.8218982219696045,Q3
0.5486477017402649,0.7968922853469849,Q3
0.5954887270927429,0.6969299912452698,Q2
0.6893733739852905,0.5757097601890564,Q2
0.6965952515602112,0.5581932663917542,Q2
0.6502102613449097,0.5935031771659851,Q2
0.5406001806259155,0.7893638014793396,Q3
0.5956305265426636,0.7279422283172607,Q2
0.70609450340271,0.4884353578090668,Q1 (lowest)
0.7555533051490784,0.34248000383377075,Q1 (lowest)
0.7721017599105835,0.23831823468208313,Q1 (lowest)
0.780654788017273,0.17700161039829254,Q1 (lowest)
0.7748070955276489,0.22965213656425476,Q1 (lowest)
0.7518028020858765,0.3013996183872223,Q1 (lowest)
0.7283235788345337,0.3948623836040497,Q1 (lowest)
0.6463401913642883,0.5679918527603149,Q2
0.550052285194397,0.7991153001785278,Q3
0.5644440650939941,0.7456796169281006,Q3
0.6560932397842407,0.5642391443252563,Q2
0.6736339926719666,0.5430570244789124,Q1 (lowest)
0.6184490919113159,0.6496291756629944,Q2
0.46332883834838867,0.9510926604270935,Q4 (highest)
0.6203138828277588,0.6363603472709656,Q2
0.6448675990104675,0.5935031771659851,Q2
0.5474998354911804,0.7691433429718018,Q3
0.5142951011657715,0.8533643484115601,Q4 (highest)
0.6078318357467651,0.6690253615379333,Q2
0.5206219553947449,0.837540864944458,Q3
0.5081396102905273,0.8585532903671265,Q4 (highest)
0.6129857897758484,0.677913248538971,Q2
0.6298656463623047,0.6298313140869141,Q2
0.5620431303977966,0.7437736392021179,Q3
0.48352012038230896,0.9045772552490234,Q4 (highest)
0.5910701751708984,0.6866630911827087,Q2
0.49849700927734375,0.8934327960014343,Q4 (highest)
0.589827835559845,0.6830241680145264,Q2
0.46473202109336853,0.9454799890518188,Q4 (highest)
0.5350554585456848,0.7944848537445068,Q3
0.5544301271438599,0.7698817849159241,Q3
0.6555394530296326,0.578880250453949,Q2
0.6230937838554382,0.6203814148902893,Q2
0.47803688049316406,0.9237772822380066,Q4 (highest)
0.4776834547519684,0.9135674834251404,Q4 (highest)
0.4764682352542877,0.9161525368690491,Q4 (highest)
0.6111360788345337,0.6571566462516785,Q2
0.5779121518135071,0.7374178767204285,Q3
0.6061446666717529,0.6969299912452698,Q2
0.5494542121887207,0.7719305753707886,Q3
0.4763199985027313,0.9237772822380066,Q4 (highest)
0.46667155623435974,0.9444308280944824,Q4 (highest)
0.4745853841304779,0.9307215809822083,Q4 (highest)
0.4590786099433899,0.9535431861877441,Q4 (highest)
0.4761865735054016,0.9181523323059082,Q4 (highest)
0.48696374893188477,0.8939325213432312,Q4 (highest)
0.49551287293434143,0.8821795582771301,Q4 (highest)
0.47940006852149963,0.9237772822380066,Q4 (highest)
0.5318078398704529,0.8052927851676941,Q3
0.4787151515483856,0.9223278760910034,Q4 (highest)
0.5787034034729004,0.7398701906204224,Q3
0.594158947467804,0.6668405532836914,Q2
0.4819217622280121,0.9045772552490234,Q4 (highest)
0.4931804835796356,0.8876386284828186,Q4 (highest)
0.46279793977737427,0.9454799890518188,Q4 (highest)
0.49402543902397156,0.8939325213432312,Q4 (highest)
0.6178737282752991,0.6454147696495056,Q2
0.6275646090507507,0.6260142922401428,Q2
0.5767516493797302,0.73499995470047,Q3
0.5205159187316895,0.825637698173523,Q3
0.5598470568656921,0.7513649463653564,Q3
0.6409749984741211,0.6306895613670349,Q2
0.5072542428970337,0.8557568192481995,Q4 (highest)
0.5676814317703247,0.732319712638855,Q3
0.6463913321495056,0.6085648536682129,Q2
0.6192319393157959,0.6328514814376831,Q2
0.642535388469696,0.5770248174667358,Q2
0.5154741406440735,0.8346053957939148,Q3
0.4590786099433899,0.9535431861877441,Q4 (highest)
0.5844349265098572,0.6940407156944275,Q2
0.5288425087928772,0.8071752190589905,Q3
0.5852329134941101,0.7363558411598206,Q3
0.5164709687232971,0.8426939845085144,Q3
0.6052166819572449,0.6555886268615723,Q2
0.46279793977737427,0.9454799890518188,Q4 (highest)
0.49360352754592896,0.8799922466278076,Q4 (highest)
0.5114012956619263,0.8430038690567017,Q3
0.5069280862808228,0.8639907836914062,Q4 (highest)
0.56396484375,0.7398701906204224,Q3
0.5883192420005798,0.7063902020454407,Q2
0.5125730037689209,0.8704970479011536,Q4 (highest)
0.5370082855224609,0.7919024229049683,Q3
0.5010939836502075,0.8643630146980286,Q4 (highest)
0.5208048224449158,0.8346053957939148,Q3
0.48696374893188477,0.8939325213432312,Q4 (highest)
0.5140493512153625,0.837540864944458,Q3
0.5128862261772156,0.8399393558502197,Q3
0.5518357157707214,0.7637102603912354,Q3
0.5874502062797546,0.6980251669883728,Q2
0.48894959688186646,0.8939325213432312,Q4 (highest)
0.6116431355476379,0.6454147696495056,Q2
0.5794445872306824,0.7143551111221313,Q2
0.5279278755187988,0.8132243156433105,Q3
0.5225480198860168,0.8200668096542358,Q3
0.5438429713249207,0.7883185148239136,Q3
0.5225568413734436,0.8306058049201965,Q3
0.54574054479599,0.798222005367279,Q3
0.6050630807876587,0.6727228760719299,Q2
0.6795234680175781,0.5170403122901917,Q1 (lowest)
0.7505286335945129,0.37030431628227234,Q1 (lowest)
0.7300294041633606,0.4029933512210846,Q1 (lowest)
0.7378352284431458,0.38111045956611633,Q1 (lowest)
0.7444472908973694,0.3563671410083771,Q1 (lowest)
0.7379927039146423,0.36827701330184937,Q1 (lowest)
0.744629979133606,0.4233448803424835,Q1 (lowest)
0.6605512499809265,0.563929557800293,Q2
0.614453136920929,0.6457857489585876,Q2
0.6712511777877808,0.563929557800293,Q2
0.7244998812675476,0.4233448803424835,Q1 (lowest)
0.6968267560005188,0.4550836384296417,Q1 (lowest)
0.6722132563591003,0.5204684734344482,Q1 (lowest)
0.5994917750358582,0.7304093241691589,Q3
0.5008386969566345,0.8737016320228577,Q4 (highest)
0.5369080901145935,0.8390346169471741,Q3
0.46041399240493774,0.9548220038414001,Q4 (highest)
0.6412743926048279,0.6603310108184814,Q2
0.7293576002120972,0.4561401903629303,Q1 (lowest)
0.7294768691062927,0.4698962867259979,Q1 (lowest)
0.6916390061378479,0.5571128129959106,Q2
0.647645115852356,0.6396622061729431,Q2
0.5018696784973145,0.868930459022522,Q4 (highest)
0.5694147944450378,0.7363558411598206,Q3
0.6845687627792358,0.5191699862480164,Q1 (lowest)
0.7519721388816833,0.36073991656303406,Q1 (lowest)
0.775966227054596,0.24986886978149414,Q1 (lowest)
0.7880231738090515,0.1728704273700714,Q1 (lowest)
0.788583517074585,0.18710750341415405,Q1 (lowest)
0.7234222888946533,0.38709041476249695,Q1 (lowest)
0.6575979590415955,0.5500516891479492,Q2
0.5833092927932739,0.7437736392021179,Q3
0.5704351663589478,0.7437736392021179,Q3
0.64200359582901,0.6077961325645447,Q2
0.704818844795227,0.46072158217430115,Q1 (lowest)
0.6959782838821411,0.49786221981048584,Q1 (lowest)
0.5738644599914551,0.7189524173736572,Q2
0.5147620439529419,0.8448798656463623,Q3
0.6052773594856262,0.6695492267608643,Q2
0.5298277735710144,0.8139680027961731,Q3
0.6095975637435913,0.6662208437919617,Q2
0.5842546820640564,0.7079295516014099,Q2
0.46963220834732056,0.9349380135536194,Q4 (highest)
0.5530919432640076,0.7665850520133972,Q3
0.5919573903083801,0.6859754323959351,Q2
0.5711178183555603,0.721157431602478,Q2
0.5643274188041687,0.7363558411598206,Q3
0.5790517926216125,0.7138218879699707,Q2
0.46279793977737427,0.9454799890518188,Q4 (highest)
0.6062929034233093,0.6983917355537415,Q2
0.577545166015625,0.7094823122024536,Q2
0.5089965462684631,0.8493732810020447,Q4 (highest)
0.5218674540519714,0.8320200443267822,Q3
0.6013091802597046,0.6628477573394775,Q2
0.49283915758132935,0.8954487442970276,Q4 (highest)
0.5324440002441406,0.805995762348175,Q3
0.5121084451675415,0.8516849279403687,Q4 (highest)
0.5897423028945923,0.6941602230072021,Q2
0.6177193522453308,0.6327645778656006,Q2
0.5461106300354004,0.7912638187408447,Q3
0.46279793977737427,0.9454799890518188,Q4 (highest)
0.5222389101982117,0.8451953530311584,Q3
0.6200265884399414,0.6510543823242188,Q2
0.46926766633987427,0.9315419793128967,Q4 (highest)
0.6422304511070251,0.614584743976593,Q2
0.6351450681686401,0.5900992751121521,Q2
0.5070679783821106,0.8533643484115601,Q4 (highest)
0.5231747031211853,0.8221619725227356,Q3
0.5851346254348755,0.6926127672195435,Q2
0.5430276989936829,0.7782409191131592,Q3
0.4871961176395416,0.8996238112449646,Q4 (highest)
0.47429561614990234,0.9275433421134949,Q4 (highest)
0.49487361311912537,0.8835157752037048,Q4 (highest)
0.5869484543800354,0.6930875778198242,Q2
0.5793073773384094,0.7513649463653564,Q3
0.5447221994400024,0.8132243156433105,Q3
0.5857512354850769,0.7414208650588989,Q3
0.6764001846313477,0.591227650642395,Q2
0.7153241038322449,0.5098745822906494,Q1 (lowest)
0.6803258061408997,0.4990774095058441,Q1 (lowest)
0.6967811584472656,0.5079329609870911,Q1 (lowest)
0.6291724443435669,0.6252596378326416,Q2
0.5531262159347534,0.763888418674469,Q3
0.49242734909057617,0.9034509062767029,Q4 (highest)
0.4799254834651947,0.9223278760910034,Q4 (highest)
0.5582548379898071,0.7665850520133972,Q3
0.6401185989379883,0.6524901390075684,Q2
0.5890184044837952,0.6888575553894043,Q2
0.5901476144790649,0.6865482926368713,Q2
0.6087321043014526,0.6621397733688354,Q2
0.5119771361351013,0.8451953530311584,Q3
0.4811277389526367,0.9135674834251404,Q4 (highest)
0.5926823019981384,0.6833624243736267,Q2
0.5742567181587219,0.7189524173736572,Q2
0.4925590455532074,0.8821795582771301,Q4 (highest)
0.5427509546279907,0.7802044153213501,Q3
0.5890702605247498,0.7014747262001038,Q2
0.48521852493286133,0.9017894268035889,Q4 (highest)
0.5764514207839966,0.7136889100074768,Q2
0.5387665629386902,0.7883185148239136,Q3
0.5052777528762817,0.8704970479011536,Q4 (highest)
0.5072028636932373,0.8516849279403687,Q4 (highest)
0.5059650540351868,0.8677703142166138,Q4 (highest)
0.4832398593425751,0.9017894268035889,Q4 (highest)
0.5039164423942566,0.8808614015579224,Q4 (highest)
0.5260346531867981,0.8430038690567017,Q3
0.55961674451828,0.7968922853469849,Q3
0.5170297622680664,0.8516849279403687,Q4 (highest)
0.5072028636932373,0.8516849279403687,Q4 (highest)
0.5798494219779968,0.7236713171005249,Q2
0.6807586550712585,0.5148837566375732,Q1 (lowest)
0.6539306044578552,0.5494163632392883,Q2
0.5973551869392395,0.681454062461853,Q2
0.5216554999351501,0.8218982219696045,Q3
0.5422639846801758,0.7811956405639648,Q3
0.4956014156341553,0.8799922466278076,Q4 (highest)
0.5826294422149658,0.7044839859008789,Q2
0.5600326657295227,0.7660421133041382,Q3
0.4977882504463196,0.877429187297821,Q4 (highest)
0.5852447748184204,0.6965662837028503,Q2
0.5097039341926575,0.8506886959075928,Q4 (highest)
0.4897226393222809,0.8895301222801208,Q4 (highest)
0.4768059253692627,0.9216144680976868,Q4 (highest)
0.49370160698890686,0.8839653134346008,Q4 (highest)
0.5542087554931641,0.756908655166626,Q3
0.5221104025840759,0.8464655876159668,Q4 (highest)
0.5198341608047485,0.825637698173523,Q3
0.5328720211982727,0.8267256021499634,Q3
0.558877170085907,0.7653210759162903,Q3
0.47927483916282654,0.9135674834251404,Q4 (highest)
0.4883304536342621,0.9045772552490234,Q4 (highest)
0.46667155623435974,0.9444308280944824,Q4 (highest)
0.5844906568527222,0.7044839859008789,Q2
0.550512969493866,0.7624684572219849,Q3
0.46004626154899597,0.9548220038414001,Q4 (highest)
0.47834229469299316,0.9135674834251404,Q4 (highest)
0.5612605214118958,0.7445651888847351,Q3
0.6060919761657715,0.6753004193305969,Q2
0.5225480198860168,0.8200668096542358,Q3
0.5844280123710632,0.7002353072166443,Q2
0.4839024543762207,0.9017894268035889,Q4 (highest)
0.5234292149543762,0.8182598352432251,Q3
0.5550937056541443,0.7936190962791443,Q3
0.46306052803993225,0.9510926604270935,Q4 (highest)
0.5292086005210876,0.8169835805892944,Q3
0.6450214385986328,0.5708521008491516,Q2
0.7229970693588257,0.39430224895477295,Q1 (lowest)
0.75732421875,0.278408020734787,Q1 (lowest)
0.7722870707511902,0.26741987466812134,Q1 (lowest)
0.7633309960365295,0.24616776406764984,Q1 (lowest)
0.7773823738098145,0.25444766879081726,Q1 (lowest)
0.7623865604400635,0.33448687195777893,Q1 (lowest)
0.733742892742157,0.41145503520965576,Q1 (lowest)
0.7136833071708679,0.44606077671051025,Q1 (lowest)
0.7163035273551941,0.41145503520965576,Q1 (lowest)
0.7641844749450684,0.33448687195777893,Q1 (lowest)
0.7602658867835999,0.32266858220100403,Q1 (lowest)
0.716707170009613,0.4341636896133423,Q1 (lowest)
0.6760007739067078,0.5450797080993652,Q2
0.655413806438446,0.603694498538971,Q2
0.5970584154129028,0.6755167245864868,Q2
0.521256148815155,0.837540864944458,Q3
0.5916168093681335,0.7003588676452637,Q2
0.6873621344566345,0.4944358468055725,Q1 (lowest)
0.7370965480804443,0.3453356623649597,Q1 (lowest)
0.716099202632904,0.46271198987960815,Q1 (lowest)
0.6303433775901794,0.6648849844932556,Q2
0.6011372208595276,0.7044839859008789,Q2
0.67444908618927,0.5079801082611084,Q1 (lowest)
0.7416346669197083,0.35567373037338257,Q1 (lowest)
0.7825664281845093,0.24727597832679749,Q1 (lowest)
0.7931169867515564,0.17144951224327087,Q1 (lowest)
0.7932881712913513,0.17093735933303833,Q1 (lowest)
0.7775161266326904,0.24062462151050568,Q1 (lowest)
0.7495765089988708,0.3325774371623993,Q1 (lowest)
0.7274379730224609,0.4414941966533661,Q1 (lowest)
0.6859868764877319,0.5317968130111694,Q1 (lowest)
0.6734895706176758,0.5317968130111694,Q1 (lowest)
0.7342857718467712,0.4414941966533661,Q1 (lowest)
0.7474024891853333,0.3613414466381073,Q1 (lowest)
0.6961348056793213,0.4663682281970978,Q1 (lowest)
0.6175526976585388,0.6363603472709656,Q2
0.5820909738540649,0.7292439937591553,Q3
0.6385535001754761,0.5996742248535156,Q2
0.5953216552734375,0.675950288772583,Q2
0.5221142172813416,0.8297645449638367,Q3
0.46592971682548523,0.9454799890518188,Q4 (highest)
0.5018154978752136,0.8662428259849548,Q4 (highest)
0.6326035857200623,0.6123748421669006,Q2
0.7118305563926697,0.50461345911026,Q1 (lowest)
0.5783643126487732,0.7269363403320312,Q2
0.5805982947349548,0.7052440643310547,Q2
0.5435056090354919,0.7772682905197144,Q3
0.5149080157279968,0.8357715010643005,Q3
0.6013091802597046,0.6628477573394775,Q2
0.6803823709487915,0.5638057589530945,Q2
0.7252370119094849,0.48243996500968933,Q1 (lowest)
0.6763247847557068,0.5482663512229919,Q2
0.5469241142272949,0.7764946222305298,Q3
0.5747901797294617,0.7136889100074768,Q2
0.5362539291381836,0.8264527916908264,Q3
0.5236925482749939,0.8218982219696045,Q3
0.5319199562072754,0.8022855520248413,Q3
0.4924519658088684,0.8857843279838562,Q4 (highest)
0.5501724481582642,0.7637102603912354,Q3
0.5046594738960266,0.8603366017341614,Q4 (highest)
0.5073937773704529,0.8526896834373474,Q4 (highest)
0.5103403329849243,0.8451953530311584,Q3
0.5876536965370178,0.6874685883522034,Q2
0.5116268396377563,0.8439382910728455,Q3
0.5168551802635193,0.8331627249717712,Q3
0.5678278803825378,0.7292439937591553,Q3
0.4594388008117676,0.9561408758163452,Q4 (highest)
0.5201420187950134,0.8430038690567017,Q3
0.6133872866630554,0.6550039052963257,Q2
0.6604779362678528,0.5818302631378174,Q2
0.6528510451316833,0.6079496145248413,Q2
0.7080022096633911,0.5179786682128906,Q1 (lowest)
0.7354138493537903,0.4524843990802765,Q1 (lowest)
0.764107882976532,0.35228845477104187,Q1 (lowest)
0.7467367649078369,0.34877827763557434,Q1 (lowest)
0.7259795665740967,0.37242528796195984,Q1 (lowest)
0.7107071876525879,0.47512587904930115,Q1 (lowest)
0.6285918354988098,0.6271095275878906,Q2
0.5977410674095154,0.6741147637367249,Q2
0.6523550152778625,0.5983517169952393,Q2
0.5910125970840454,0.7550399899482727,Q3
0.6140223741531372,0.7110482454299927,Q2
0.6072723269462585,0.677584707736969,Q2
0.5816510319709778,0.7513649463653564,Q3
0.5860041975975037,0.7101330757141113,Q2
0.58067786693573,0.7058799266815186,Q2
0.591027557849884,0.6998651027679443,Q2
0.5506964921951294,0.7626451849937439,Q3
0.5114086866378784,0.8547254204750061,Q4 (highest)
0.5516001582145691,0.7938351631164551,Q3
0.4800012707710266,0.9086459875106812,Q4 (highest)
0.5514357686042786,0.7653210759162903,Q3
0.6628367304801941,0.5552654266357422,Q2
0.6413151621818542,0.5978397130966187,Q2
0.5057352781295776,0.8547254204750061,Q4 (highest)
0.5936006903648376,0.6753004193305969,Q2
0.565139889717102,0.7450419664382935,Q3
0.4950190484523773,0.8939325213432312,Q4 (highest)
0.6062213182449341,0.6780229210853577,Q2
0.5658411383628845,0.7596648931503296,Q3
0.5097256898880005,0.8464655876159668,Q4 (highest)
0.5355179905891418,0.8083644509315491,Q3
0.620289146900177,0.6506733894348145,Q2
0.6349818110466003,0.5890471935272217,Q2
0.6198606491088867,0.6311200261116028,Q2
0.4841112792491913,0.911685049533844,Q4 (highest)
0.5430416464805603,0.7796127796173096,Q3
0.506553590297699,0.8639907836914062,Q4 (highest)
0.5372995734214783,0.80046546459198,Q3
0.6106385588645935,0.6902568936347961,Q2
0.44798728823661804,0.9778246283531189,Q4 (highest)
0.5672415494918823,0.7495572566986084,Q3
0.46750006079673767,0.9454799890518188,Q4 (highest)
0.49360352754592896,0.8799922466278076,Q4 (highest)
0.5056619048118591,0.8610580563545227,Q4 (highest)
0.5222092866897583,0.8221619725227356,Q3
0.4849564731121063,0.911685049533844,Q4 (highest)
0.5299140810966492,0.8083644509315491,Q3
0.5392254590988159,0.7893638014793396,Q3
0.5702515244483948,0.7290988564491272,Q3
0.5538803339004517,0.7696968913078308,Q3
0.5518357157707214,0.7637102603912354,Q3
0.49140048027038574,0.9017894268035889,Q4 (highest)
0.48806554079055786,0.8919497728347778,Q4 (highest)
0.5142590403556824,0.8253670334815979,Q3
0.45685529708862305,0.9561408758163452,Q4 (highest)
0.5059043169021606,0.8585532903671265,Q4 (highest)
0.5372573733329773,0.789994478225708,Q3
0.5174174308776855,0.8306058049201965,Q3
0.5327882766723633,0.8052927851676941,Q3
0.5645052194595337,0.752858579158783,Q3
0.4819217622280121,0.9045772552490234,Q4 (highest)
0.5487581491470337,0.7665850520133972,Q3
0.5178176760673523,0.8331627249717712,Q3
0.5198341608047485,0.825637698173523,Q3
0.5778411626815796,0.7471233010292053,Q3
0.6046420931816101,0.666117787361145,Q2
0.6112732291221619,0.6728296279907227,Q2
0.5632649660110474,0.7371137142181396,Q3
0.5131206512451172,0.8599777817726135,Q4 (highest)
0.5257888436317444,0.8306058049201965,Q3
0.4895133972167969,0.8919497728347778,Q4 (highest)
0.5877484083175659,0.696082592010498,Q2
0.6226615309715271,0.6595325469970703,Q2
0.699225127696991,0.51082843542099,Q1 (lowest)
0.726650059223175,0.43703025579452515,Q1 (lowest)
0.7532156109809875,0.35384464263916016,Q1 (lowest)
0.7663497924804688,0.2666444182395935,Q1 (lowest)
0.777590274810791,0.23374547064304352,Q1 (lowest)
0.773178219795227,0.24023228883743286,Q1 (lowest)
0.7644529342651367,0.29110002517700195,Q1 (lowest)
0.7603479623794556,0.30810561776161194,Q1 (lowest)
0.7570632696151733,0.29110002517700195,Q1 (lowest)
0.7713078260421753,0.2489318549633026,Q1 (lowest)
0.7615586519241333,0.2574582099914551,Q1 (lowest)
0.7359058260917664,0.38855746388435364,Q1 (lowest)
0.7152857780456543,0.4849938452243805,Q1 (lowest)
0.594441831111908,0.6899060606956482,Q2
0.5250524878501892,0.8533643484115601,Q4 (highest)
0.5980620384216309,0.6885094046592712,Q2
0.6920679211616516,0.49011337757110596,Q1 (lowest)
0.7434007525444031,0.34193840622901917,Q1 (lowest)
0.7258820533752441,0.40571627020835876,Q1 (lowest)
0.6855084300041199,0.5370510816574097,Q1 (lowest)
0.6473743319511414,0.6171404123306274,Q2
0.6749982237815857,0.5555027723312378,Q2
0.7184838056564331,0.42518001794815063,Q1 (lowest)
0.7735998630523682,0.3100249469280243,Q1 (lowest)
0.7775833606719971,0.23805731534957886,Q1 (lowest)
0.7655545473098755,0.23838089406490326,Q1 (lowest)
0.7831296324729919,0.21820920705795288,Q1 (lowest)
0.7802961468696594,0.20172753930091858,Q1 (lowest)
0.777309000492096,0.26171690225601196,Q1 (lowest)
0.7565916776657104,0.32642117142677307,Q1 (lowest)
0.7260264754295349,0.3708910644054413,Q1 (lowest)
0.7541179060935974,0.32642117142677307,Q1 (lowest)
0.7684705853462219,0.2819935977458954,Q1 (lowest)
0.7260145545005798,0.3771056830883026,Q1 (lowest)
0.6981428265571594,0.46892088651657104,Q1 (lowest)
0.673409640789032,0.5041965246200562,Q1 (lowest)
0.7037308812141418,0.45194706320762634,Q1 (lowest)
0.6803628206253052,0.5285928249359131,Q1 (lowest)
0.6163880228996277,0.6454147696495056,Q2
0.5037979483604431,0.8770081996917725,Q4 (highest)
0.555118203163147,0.7624684572219849,Q3
0.6212064623832703,0.6243410706520081,Q2
0.677207887172699,0.513668417930603,Q1 (lowest)
0.7100645899772644,0.4733278155326843,Q1 (lowest)
0.6075780987739563,0.6465297937393188,Q2
0.519569993019104,0.8261805176734924,Q3
0.45980626344680786,0.9561408758163452,Q4 (highest)
0.4828507602214813,0.9040120840072632,Q4 (highest)
0.5825620889663696,0.7190894484519958,Q2
0.7087163329124451,0.5008909702301025,Q1 (lowest)
0.7452288269996643,0.41733917593955994,Q1 (lowest)
0.673555314540863,0.5886277556419373,Q2
0.5139924883842468,0.8464655876159668,Q4 (highest)
0.5500227808952332,0.7811956405639648,Q3
0.6328149437904358,0.5978397130966187,Q2
0.5291787981987,0.8078875541687012,Q3
0.5387665629386902,0.7883185148239136,Q3
0.553871750831604,0.7575933337211609,Q3
0.5616451501846313,0.7513649463653564,Q3
0.4634455740451813,0.9454799890518188,Q4 (highest)
0.5261879563331604,0.8306058049201965,Q3
0.5631152391433716,0.7374178767204285,Q3
0.5683450102806091,0.726793110370636,Q2
0.5923633575439453,0.6820132732391357,Q2
0.46966442465782166,0.934070885181427,Q4 (highest)
0.5724420547485352,0.7252253293991089,Q2
0.5716631412506104,0.7626451849937439,Q3
0.6641830801963806,0.6029439568519592,Q2
0.7206089496612549,0.4186948239803314,Q1 (lowest)
0.7612072825431824,0.2898298501968384,Q1 (lowest)
0.7797877192497253,0.242280051112175,Q1 (lowest)
0.7652230262756348,0.2842075228691101,Q1 (lowest)
0.7442215085029602,0.37294742465019226,Q1 (lowest)
0.7230233550071716,0.45023736357688904,Q1 (lowest)
0.7101165652275085,0.4686097204685211,Q1 (lowest)
0.7149405479431152,0.45367151498794556,Q1 (lowest)
0.6825569868087769,0.5319557189941406,Q1 (lowest)
0.6819174885749817,0.5388509631156921,Q1 (lowest)
0.5466203093528748,0.7782409191131592,Q3
0.5355510115623474,0.8221619725227356,Q3
0.5214805006980896,0.825637698173523,Q3
0.558305561542511,0.7513649463653564,Q3
0.5016589760780334,0.8704970479011536,Q4 (highest)
0.48822852969169617,0.8954487442970276,Q4 (highest)
0.5371899604797363,0.7968922853469849,Q3
0.5313674807548523,0.8093230724334717,Q3
0.5620431303977966,0.7437736392021179,Q3
0.5954282879829407,0.6715531349182129,Q2
0.5283777117729187,0.8081257939338684,Q3
0.561138391494751,0.7487420439720154,Q3
0.5378608107566833,0.8022855520248413,Q3
0.5229185819625854,0.8331627249717712,Q3
0.4776834547519684,0.9135674834251404,Q4 (highest)
0.4712168276309967,0.9315419793128967,Q4 (highest)
0.509178102016449,0.8732956051826477,Q4 (highest)
0.48470839858055115,0.9092445373535156,Q4 (highest)
0.5664850473403931,0.7339527606964111,Q3
0.5998700857162476,0.675950288772583,Q2
0.5736662149429321,0.7269363403320312,Q2
0.5418902635574341,0.7893638014793396,Q3
0.5698921084403992,0.7304093241691589,Q3
0.5850624442100525,0.6941602230072021,Q2
0.5185073614120483,0.8297645449638367,Q3
0.4785693287849426,0.911685049533844,Q4 (highest)
0.5551843047142029,0.7535267472267151,Q3
0.620120108127594,0.6754085421562195,Q2
0.6621183753013611,0.5831174254417419,Q2
0.5623761415481567,0.7456796169281006,Q3
0.5240517258644104,0.8169835805892944,Q3
0.5740396976470947,0.7503765225410461,Q3
0.5475144386291504,0.7724938988685608,Q3
0.5900046229362488,0.694399356842041,Q2
0.4835527539253235,0.911685049533844,Q4 (highest)
0.5241003036499023,0.8423848748207092,Q3
0.4717869758605957,0.9275433421134949,Q4 (highest)
0.49938106536865234,0.8741092085838318,Q4 (highest)
0.49156734347343445,0.8876386284828186,Q4 (highest)
0.4922323226928711,0.8862445950508118,Q4 (highest)
0.5767759680747986,0.7110482454299927,Q2
0.49551287293434143,0.8821795582771301,Q4 (highest)
0.46941548585891724,0.9045772552490234,Q4 (highest)
0.6037791967391968,0.6391230821609497,Q2
0.5130234956741333,0.8402424454689026,Q3
0.5745018124580383,0.7214349508285522,Q2
0.5488917827606201,0.7724938988685608,Q3
0.576308012008667,0.721157431602478,Q2
0.5819434523582458,0.7079295516014099,Q2
0.546595573425293,0.7912638187408447,Q3
0.576088011264801,0.7110482454299927,Q2
0.46473202109336853,0.9454799890518188,Q4 (highest)
0.4966370761394501,0.8939325213432312,Q4 (highest)
0.5508137941360474,0.7665850520133972,Q3
0.5170513987541199,0.8448798656463623,Q3
0.5054041147232056,0.8554120063781738,Q4 (highest)
0.4952581524848938,0.8934327960014343,Q4 (highest)
0.6028260588645935,0.6720839142799377,Q2
0.4776834547519684,0.9135674834251404,Q4 (highest)
0.5308223962783813,0.8169835805892944,Q3
0.6307746767997742,0.6068010330200195,Q2
0.639270007610321,0.5832533240318298,Q2
0.6001193523406982,0.6829115748405457,Q2
0.6382120847702026,0.596964955329895,Q2
0.7087453603744507,0.44371289014816284,Q1 (lowest)
0.7551689147949219,0.3249066472053528,Q1 (lowest)
0.7427416443824768,0.33502525091171265,Q1 (lowest)
0.745918333530426,0.34753379225730896,Q1 (lowest)
0.7478641867637634,0.31808629631996155,Q1 (lowest)
0.7646071314811707,0.26329609751701355,Q1 (lowest)
0.7818748950958252,0.2128165066242218,Q1 (lowest)
0.7782581448554993,0.20373181998729706,Q1 (lowest)
0.7852427363395691,0.17993082106113434,Q1 (lowest)
0.7827758193016052,0.19583474099636078,Q1 (lowest)
0.7723134160041809,0.23831823468208313,Q1 (lowest)
0.7627872228622437,0.30165258049964905,Q1 (lowest)
0.741037905216217,0.41424182057380676,Q1 (lowest)
0.6734658479690552,0.5351591110229492,Q1 (lowest)
0.6386086940765381,0.5900992751121521,Q2
0.7007076740264893,0.5208194851875305,Q1 (lowest)
0.7357684373855591,0.4100331664085388,Q1 (lowest)
0.7617886662483215,0.3014627695083618,Q1 (lowest)
0.7454312443733215,0.3187158703804016,Q1 (lowest)
0.7342637777328491,0.39134249091148376,Q1 (lowest)
0.7068297266960144,0.42637115716934204,Q1 (lowest)
0.7315886616706848,0.40006130933761597,Q1 (lowest)
0.7479978203773499,0.3305948078632355,Q1 (lowest)
0.7616273760795593,0.30465421080589294,Q1 (lowest)
0.7421600222587585,0.34330564737319946,Q1 (lowest)
0.746224582195282,0.34393244981765747,Q1 (lowest)
0.7536181807518005,0.3062244951725006,Q1 (lowest)
0.7601643204689026,0.2893451750278473,Q1 (lowest)
0.772700309753418,0.27338480949401855,Q1 (lowest)
0.7574607729911804,0.3203178346157074,Q1 (lowest)
0.7438621520996094,0.3368449807167053,Q1 (lowest)
0.7443949580192566,0.33510228991508484,Q1 (lowest)
0.7536041140556335,0.3708910644054413,Q1 (lowest)
0.7413730025291443,0.4009968936443329,Q1 (lowest)
0.7250831723213196,0.4067651629447937,Q1 (lowest)
0.7314221262931824,0.356584370136261,Q1 (lowest)
0.7185771465301514,0.4390651285648346,Q1 (lowest)
0.6914229393005371,0.4717428386211395,Q1 (lowest)
0.6131255030632019,0.6384063959121704,Q2
0.4924519658088684,0.8857843279838562,Q4 (highest)
0.48616811633110046,0.9017894268035889,Q4 (highest)
0.4853735566139221,0.924513578414917,Q4 (highest)
0.5895158052444458,0.6850624084472656,Q2
0.7140263319015503,0.47512587904930115,Q1 (lowest)
0.7494100332260132,0.3931604325771332,Q1 (lowest)
0.665349543094635,0.5408326387405396,Q1 (lowest)
0.6033887267112732,0.6720839142799377,Q2
0.5129327774047852,0.8533643484115601,Q4 (highest)
0.611574113368988,0.6829115748405457,Q2
0.5109683871269226,0.8677703142166138,Q4 (highest)
0.49683791399002075,0.8799922466278076,Q4 (highest)
0.5337703824043274,0.8448798656463623,Q3
0.670933723449707,0.5837299823760986,Q2
0.7384026646614075,0.43587201833724976,Q1 (lowest)
0.6828494071960449,0.486346572637558,Q1 (lowest)
0.5937831997871399,0.6866630911827087,Q2
0.46843409538269043,0.936711847782135,Q4 (highest)
0.5701801180839539,0.7292439937591553,Q3
0.5277925133705139,0.8093230724334717,Q3
0.5108963251113892,0.8474270105361938,Q4 (highest)
0.6200284957885742,0.6240081191062927,Q2
0.6357747912406921,0.614584743976593,Q2
0.5206207633018494,0.8240222930908203,Q3
0.4755292534828186,0.9181523323059082,Q4 (highest)
0.5383674502372742,0.805995762348175,Q3
0.5020632147789001,0.8724883794784546,Q4 (highest)
0.5450467467308044,0.7755327820777893,Q3
0.5974729657173157,0.677913248538971,Q2
0.5198341608047485,0.825637698173523,Q3
0.5088362097740173,0.8516849279403687,Q4 (highest)
0.5716710686683655,0.726793110370636,Q2
0.534561812877655,0.7968922853469849,Q3
0.5130392909049988,0.8430038690567017,Q3
0.5250363349914551,0.8149659633636475,Q3
0.46601200103759766,0.9385421276092529,Q4 (highest)
0.48059511184692383,0.9135674834251404,Q4 (highest)
0.5109157562255859,0.8603366017341614,Q4 (highest)
0.49396419525146484,0.8909742832183838,Q4 (highest)
0.5762730240821838,0.7513649463653564,Q3
0.6889345049858093,0.573104739189148,Q2
0.7402237057685852,0.40614083409309387,Q1 (lowest)
0.7676591277122498,0.2836405336856842,Q1 (lowest)
0.7689085602760315,0.29018330574035645,Q1 (lowest)
0.7412021160125732,0.3611852824687958,Q1 (lowest)
0.7368257641792297,0.4168894290924072,Q1 (lowest)
0.7022588849067688,0.46985721588134766,Q1 (lowest)
0.7173565626144409,0.44672179222106934,Q1 (lowest)
0.7170616984367371,0.40939822793006897,Q1 (lowest)
0.6994879841804504,0.486346572637558,Q1 (lowest)
0.5844331979751587,0.7339527606964111,Q3
0.49156585335731506,0.8876386284828186,Q4 (highest)
0.5120957493782043,0.8346053957939148,Q3
0.5489049553871155,0.7575933337211609,Q3
0.5730853080749512,0.7124958634376526,Q2
0.5198341608047485,0.825637698173523,Q3
0.5427509546279907,0.7802044153213501,Q3
0.5352367758750916,0.8110164999961853,Q3
0.562960147857666,0.7450419664382935,Q3
0.5701619982719421,0.7304093241691589,Q3
0.5454902648925781,0.7968922853469849,Q3
0.6285300254821777,0.6041461229324341,Q2
0.744667649269104,0.42322108149528503,Q1 (lowest)
0.6723068952560425,0.5101126432418823,Q1 (lowest)
0.6148371696472168,0.6314651370048523,Q2
0.5415576100349426,0.784613847732544,Q3
0.5310730934143066,0.805995762348175,Q3
0.4776834547519684,0.9135674834251404,Q4 (highest)
0.6073431372642517,0.6571566462516785,Q2
0.5206207633018494,0.8240222930908203,Q3
0.582642674446106,0.7156950831413269,Q2
0.5445739030838013,0.7764946222305298,Q3
0.5588729977607727,0.7502123713493347,Q3
0.5063349008560181,0.867003858089447,Q4 (highest)
0.4559393525123596,0.9603790640830994,Q4 (highest)
0.5112680196762085,0.8737016320228577,Q4 (highest)
0.5783266425132751,0.7174521684646606,Q2
0.5348338484764099,0.7991153001785278,Q3
0.5199659466743469,0.8253670334815979,Q3
0.5759910941123962,0.7292439937591553,Q3
0.6792342066764832,0.5041965246200562,Q1 (lowest)
0.7197132110595703,0.44190192222595215,Q1 (lowest)
0.6737015247344971,0.539564311504364,Q1 (lowest)
0.6239530444145203,0.6443060040473938,Q2
0.48311835527420044,0.9223278760910034,Q4 (highest)
0.5232307314872742,0.8200668096542358,Q3
0.5781916379928589,0.7345503568649292,Q3
0.5037884712219238,0.8799922466278076,Q4 (highest)
0.4822542369365692,0.9080520272254944,Q4 (highest)
0.6123980283737183,0.6727228760719299,Q2
0.6023085117340088,0.6641695499420166,Q2
0.6112849116325378,0.6673584580421448,Q2
0.5632015466690063,0.7414208650588989,Q3
0.6001080870628357,0.666117787361145,Q2
0.524125337600708,0.8331627249717712,Q3
0.5375725626945496,0.8132243156433105,Q3
0.562562108039856,0.7548712491989136,Q3
0.48538896441459656,0.9040120840072632,Q4 (highest)
0.45592576265335083,0.9223278760910034,Q4 (highest)
0.5397307872772217,0.740179181098938,Q3
0.50682133436203,0.8628818988800049,Q4 (highest)
0.5166918039321899,0.8354789614677429,Q3
0.5143788456916809,0.8516849279403687,Q4 (highest)
0.5763848423957825,0.7146223187446594,Q2
0.5440778136253357,0.78666090965271,Q3
0.5675815939903259,0.7513649463653564,Q3
0.6198024153709412,0.6595325469970703,Q2
0.6300362348556519,0.6628477573394775,Q2
0.5889179110527039,0.7058799266815186,Q2
0.5633836388587952,0.7516957521438599,Q3
0.5964822769165039,0.6829115748405457,Q2
0.5820261836051941,0.7062625288963318,Q2
0.6612467765808105,0.5453056693077087,Q2
0.7136783003807068,0.4218951165676117,Q1 (lowest)
0.7100494503974915,0.4754471480846405,Q1 (lowest)
0.6805752515792847,0.5023535490036011,Q1 (lowest)
0.7100866436958313,0.4413584768772125,Q1 (lowest)
0.7468048930168152,0.3441554605960846,Q1 (lowest)
0.7814671397209167,0.25378304719924927,Q1 (lowest)
0.7820138931274414,0.182316392660141,Q1 (lowest)
0.7907763123512268,0.1302376687526703,Q1 (lowest)
0.7915019392967224,0.15384402871131897,Q1 (lowest)
0.7821668982505798,0.18232309818267822,Q1 (lowest)
0.7811751365661621,0.24631133675575256,Q1 (lowest)
0.7526378631591797,0.3192599415779114,Q1 (lowest)
0.7251049876213074,0.38366079330444336,Q1 (lowest)
0.7356029748916626,0.40767693519592285,Q1 (lowest)
0.7278954982757568,0.3756529688835144,Q1 (lowest)
0.7648245692253113,0.31223607063293457,Q1 (lowest)
0.7853781580924988,0.24329346418380737,Q1 (lowest)
0.7697320580482483,0.23681168258190155,Q1 (lowest)
0.7758762240409851,0.2770317494869232,Q1 (lowest)
0.7635375261306763,0.29453176259994507,Q1 (lowest)
0.7638182640075684,0.2815042734146118,Q1 (lowest)
0.6881963014602661,0.4930724501609802,Q1 (lowest)
0.6794126629829407,0.4944358468055725,Q1 (lowest)
0.7081591486930847,0.43587201833724976,Q1 (lowest)
0.7325916886329651,0.4118340015411377,Q1 (lowest)
0.7524691820144653,0.36533430218696594,Q1 (lowest)
0.7057964205741882,0.4526996612548828,Q1 (lowest)
0.6842994093894958,0.48753756284713745,Q1 (lowest)
0.7064048647880554,0.4602735936641693,Q1 (lowest)
0.6894285082817078,0.5353205800056458,Q1 (lowest)
0.669259786605835,0.5783483982086182,Q2
0.6404657363891602,0.5878612399101257,Q2
0.6967382431030273,0.5041965246200562,Q1 (lowest)
0.6919969320297241,0.49536463618278503,Q1 (lowest)
0.6356622576713562,0.6014511585235596,Q2
0.593185544013977,0.6829115748405457,Q2
0.5468289256095886,0.7772682905197144,Q3
0.5228516459465027,0.8439382910728455,Q3
0.542279839515686,0.7936190962791443,Q3
0.595629870891571,0.6941602230072021,Q2
0.6840545535087585,0.5687507390975952,Q2
0.7469426989555359,0.4156652092933655,Q1 (lowest)
0.7474302053451538,0.4095711410045624,Q1 (lowest)
0.7233688235282898,0.4678727388381958,Q1 (lowest)
0.6931276917457581,0.5183749794960022,Q1 (lowest)
0.683425784111023,0.5900992751121521,Q2
0.6773306727409363,0.5713006854057312,Q2
0.5683450102806091,0.726793110370636,Q2
0.6076300740242004,0.6669440865516663,Q2
0.6268332600593567,0.6628477573394775,Q2
0.7126273512840271,0.5170896649360657,Q1 (lowest)
0.7300218343734741,0.4686097204685211,Q1 (lowest)
0.693263590335846,0.5160572528839111,Q1 (lowest)
0.45972320437431335,0.9535431861877441,Q4 (highest)
0.5750246047973633,0.7605358958244324,Q3
0.5689067244529724,0.7256515622138977,Q2
0.6348516345024109,0.5935031771659851,Q2
0.5456761717796326,0.7796127796173096,Q3
0.5681522488594055,0.7464801669120789,Q3
0.47149792313575745,0.934070885181427,Q4 (highest)
0.5813332796096802,0.714221715927124,Q2
0.5817571878433228,0.7062625288963318,Q2
0.4450724720954895,0.9842681884765625,Q4 (highest)
0.5977603197097778,0.6842671632766724,Q2
0.5260033011436462,0.8043607473373413,Q3
0.5866646766662598,0.7063902020454407,Q2
0.4864853024482727,0.8949404954910278,Q4 (highest)
0.47357186675071716,0.9223278760910034,Q4 (highest)
0.56699538230896,0.7540296912193298,Q3
0.679618775844574,0.5678026080131531,Q2
0.7115641832351685,0.4499892592430115,Q1 (lowest)
0.750691294670105,0.3485287129878998,Q1 (lowest)
0.7571203112602234,0.32601839303970337,Q1 (lowest)
0.7364148497581482,0.36716797947883606,Q1 (lowest)
0.6854328513145447,0.48955246806144714,Q1 (lowest)
0.6861497163772583,0.5834575295448303,Q2
0.6089056134223938,0.677584707736969,Q2
0.6402561068534851,0.6188353896141052,Q2
0.680604875087738,0.5300573110580444,Q1 (lowest)
0.630611777305603,0.6859754323959351,Q2
0.554050624370575,0.7674940228462219,Q3
0.5130357146263123,0.8399393558502197,Q3
0.5227234363555908,0.8137197494506836,Q3
0.4669766426086426,0.9181523323059082,Q4 (highest)
0.4683380722999573,0.9349380135536194,Q4 (highest)
0.6071683764457703,0.6718714237213135,Q2
0.4725360870361328,0.9307215809822083,Q4 (highest)
0.5429587364196777,0.7919024229049683,Q3
0.530913770198822,0.8117485642433167,Q3
0.5890693068504333,0.6859754323959351,Q2
0.6482653021812439,0.6086419224739075,Q2
0.5789441466331482,0.7190894484519958,Q2
0.533730685710907,0.805995762348175,Q3
0.6602600812911987,0.6016743779182434,Q2
0.7276914119720459,0.4609833061695099,Q1 (lowest)
0.74257892370224,0.41785022616386414,Q1 (lowest)
0.7572796940803528,0.3348328173160553,Q1 (lowest)
0.6491807103157043,0.5672358274459839,Q2
0.5559712052345276,0.7581087946891785,Q3
0.5113618969917297,0.8464655876159668,Q4 (highest)
0.5199861526489258,0.8267256021499634,Q3
0.4535861909389496,0.9669219255447388,Q4 (highest)
0.5744627118110657,0.7143551111221313,Q2
0.6559409499168396,0.5503411293029785,Q2
0.6546620726585388,0.5702769160270691,Q2
0.6696733832359314,0.5200681090354919,Q1 (lowest)
0.6414288878440857,0.5853725075721741,Q2
0.571190357208252,0.7224099636077881,Q2
0.5425452589988708,0.7893638014793396,Q3
0.5156901478767395,0.837540864944458,Q3
0.4897226393222809,0.8895301222801208,Q4 (highest)
0.4559393525123596,0.9603790640830994,Q4 (highest)
0.5140778422355652,0.854383647441864,Q4 (highest)
0.534561812877655,0.7968922853469849,Q3
0.5626900792121887,0.7450419664382935,Q3
0.5387917757034302,0.7868671417236328,Q3
0.4643622934818268,0.9454799890518188,Q4 (highest)
0.4668620228767395,0.936711847782135,Q4 (highest)
0.5643055438995361,0.73499995470047,Q3
0.5278521180152893,0.8430038690567017,Q3
0.6954890489578247,0.5011643767356873,Q1 (lowest)
0.7554131746292114,0.3483625054359436,Q1 (lowest)
0.7285378575325012,0.4101777672767639,Q1 (lowest)
0.6592381000518799,0.5694488883018494,Q2
0.5918795466423035,0.7136889100074768,Q2
0.49389171600341797,0.8895301222801208,Q4 (highest)
0.5322562456130981,0.8137197494506836,Q3
0.5068938136100769,0.8628818988800049,Q4 (highest)
0.46375909447669983,0.9535431861877441,Q4 (highest)
0.584904134273529,0.7032240629196167,Q2
0.5667201280593872,0.7436158061027527,Q3
0.5853071212768555,0.7105247974395752,Q2
0.5997177362442017,0.6830241680145264,Q2
0.4505862295627594,0.9603790640830994,Q4 (highest)
0.46978315711021423,0.9034509062767029,Q4 (highest)
0.5121013522148132,0.7997888326644897,Q3
0.5503692030906677,0.7513649463653564,Q3
0.5571384429931641,0.7495572566986084,Q3
0.48451730608940125,0.8990909457206726,Q4 (highest)
0.5999477505683899,0.703349769115448,Q2
0.5329353213310242,0.8198072910308838,Q3
0.5711178183555603,0.721157431602478,Q2
0.6039888262748718,0.7079295516014099,Q2
0.5610818266868591,0.7660421133041382,Q3
0.639930009841919,0.6385852694511414,Q2
0.5472275614738464,0.7696968913078308,Q3
0.49318838119506836,0.8808614015579224,Q4 (highest)
0.5150500535964966,0.8354789614677429,Q3
0.4997708797454834,0.8704970479011536,Q4 (highest)
0.6299630403518677,0.6030938029289246,Q2
0.6366176009178162,0.6515318155288696,Q2
0.5800363421440125,0.7235307097434998,Q2
0.6453877687454224,0.5784148573875427,Q2
0.7410686016082764,0.4161719083786011,Q1 (lowest)
0.7603355050086975,0.2924998998641968,Q1 (lowest)
0.7776610255241394,0.2039574235677719,Q1 (lowest)
0.7884747982025146,0.1766231507062912,Q1 (lowest)
0.7760074734687805,0.21557770669460297,Q1 (lowest)
0.7629560828208923,0.25444766879081726,Q1 (lowest)
0.7766599655151367,0.23944036662578583,Q1 (lowest)
0.7691890597343445,0.2695762813091278,Q1 (lowest)
0.7790911793708801,0.2816159725189209,Q1 (lowest)
0.7636398077011108,0.2654319703578949,Q1 (lowest)
0.7771278619766235,0.2279263287782669,Q1 (lowest)
0.7767908573150635,0.25187599658966064,Q1 (lowest)
0.763600766658783,0.2633333206176758,Q1 (lowest)
0.7811204791069031,0.24965381622314453,Q1 (lowest)
0.7890557050704956,0.2162683755159378,Q1 (lowest)
0.777519166469574,0.26878979802131653,Q1 (lowest)
0.7225508093833923,0.3821313977241516,Q1 (lowest)
0.6699027419090271,0.5332310795783997,Q1 (lowest)
0.6037344336509705,0.6965662837028503,Q2
0.5912681818008423,0.7003588676452637,Q2
0.6297016143798828,0.6306895613670349,Q2
0.6639739274978638,0.573104739189148,Q2
0.7008804678916931,0.4550836384296417,Q1 (lowest)
0.6219991445541382,0.6164984703063965,Q2
0.5893430709838867,0.7052440643310547,Q2
0.5556793808937073,0.7660421133041382,Q3
0.5156728029251099,0.8430038690567017,Q3
0.5990227460861206,0.6896725296974182,Q2
0.587986171245575,0.6969299912452698,Q2
0.5481231808662415,0.7796127796173096,Q3
0.4450724720954895,0.9842681884765625,Q4 (highest)
0.4942726790904999,0.8799922466278076,Q4 (highest)
0.5650253295898438,0.7674940228462219,Q3
0.5770016312599182,0.7179962396621704,Q2
0.46279793977737427,0.9454799890518188,Q4 (highest)
0.6115763783454895,0.6530673503875732,Q2
0.7226920127868652,0.45109042525291443,Q1 (lowest)
0.7732787132263184,0.31157973408699036,Q1 (lowest)
0.7631136775016785,0.35634541511535645,Q1 (lowest)
0.7578837871551514,0.37678998708724976,Q1 (lowest)
0.7425400614738464,0.43014875054359436,Q1 (lowest)
0.669940173625946,0.6214460730552673,Q2
0.5025720596313477,0.8857843279838562,Q4 (highest)
0.5789647698402405,0.757764995098114,Q3
0.6671081185340881,0.5259003639221191,Q1 (lowest)
0.7027645111083984,0.4514111876487732,Q1 (lowest)
0.6295070052146912,0.6243410706520081,Q2
0.5641152262687683,0.7471233010292053,Q3
0.5677239298820496,0.7314354181289673,Q3
0.5158233046531677,0.8426939845085144,Q3
0.4895302951335907,0.8990909457206726,Q4 (highest)
0.4755292534828186,0.9181523323059082,Q4 (highest)
0.6039425134658813,0.6628477573394775,Q2
0.5656976699829102,0.7321720123291016,Q3
0.5174174308776855,0.8306058049201965,Q3
0.5412826538085938,0.7817933559417725,Q3
0.5507833957672119,0.7624684572219849,Q3
0.5487302541732788,0.7680419087409973,Q3
0.5156489610671997,0.8240222930908203,Q3
0.5541895627975464,0.7555475234985352,Q3
0.47834229469299316,0.9135674834251404,Q4 (highest)
0.6227168440818787,0.6454147696495056,Q2
0.6841005682945251,0.5060562491416931,Q1 (lowest)
0.7141929864883423,0.46192100644111633,Q1 (lowest)
0.7066820859909058,0.5045670866966248,Q1 (lowest)
0.733680009841919,0.45701882243156433,Q1 (lowest)
0.7174116969108582,0.4204256236553192,Q1 (lowest)
0.628754734992981,0.602270781993866,Q2
0.5297775268554688,0.8245585560798645,Q3
0.4668620228767395,0.936711847782135,Q4 (highest)
0.5584160089492798,0.746962308883667,Q3
0.5803083777427673,0.7386395931243896,Q3
0.5222343802452087,0.8221619725227356,Q3
0.4630446434020996,0.9142053723335266,Q4 (highest)
0.46716171503067017,0.9275433421134949,Q4 (highest)
0.466251939535141,0.9414055943489075,Q4 (highest)
0.46020713448524475,0.9510926604270935,Q4 (highest)
0.6391155123710632,0.5875137448310852,Q2
0.535437822341919,0.80046546459198,Q3
0.6461195349693298,0.5853725075721741,Q2
0.6566717028617859,0.5649842619895935,Q2
0.7070614695549011,0.4597150683403015,Q1 (lowest)
0.7159838080406189,0.42922142148017883,Q1 (lowest)
0.6608083844184875,0.5369424819946289,Q1 (lowest)
0.653300940990448,0.5657320618629456,Q2
0.6355111002922058,0.5912983417510986,Q2
0.5976735949516296,0.6669440865516663,Q2
0.6821083426475525,0.565046489238739,Q2
0.708808422088623,0.41785022616386414,Q1 (lowest)
0.5034424066543579,0.8662428259849548,Q4 (highest)
0.6073140501976013,0.6896725296974182,Q2
0.6375895738601685,0.6064957976341248,Q2
0.6904916167259216,0.5044280886650085,Q1 (lowest)
0.6145955920219421,0.6524901390075684,Q2
0.6169533729553223,0.6690253615379333,Q2
0.538753867149353,0.80046546459198,Q3
0.5161747932434082,0.8331627249717712,Q3
0.4972228705883026,0.8954487442970276,Q4 (highest)
0.569542407989502,0.7423580884933472,Q3
0.4774695336818695,0.9275433421134949,Q4 (highest)
0.4559393525123596,0.9603790640830994,Q4 (highest)
0.5233033299446106,0.8218982219696045,Q3
0.51644366979599,0.8677703142166138,Q4 (highest)
0.5566392540931702,0.7819930911064148,Q3
0.6082547307014465,0.6465297937393188,Q2
0.5718556642532349,0.740179181098938,Q3
0.5074157118797302,0.8585532903671265,Q4 (highest)
0.6443557739257812,0.6212819218635559,Q2
0.7193517088890076,0.4322107434272766,Q1 (lowest)
0.749594509601593,0.3108757734298706,Q1 (lowest)
0.7283021211624146,0.36433351039886475,Q1 (lowest)
0.6777632832527161,0.5272939205169678,Q1 (lowest)
0.555118203163147,0.7624684572219849,Q3
0.48611980676651,0.8990909457206726,Q4 (highest)
0.5078839063644409,0.8732956051826477,Q4 (highest)
0.469650000333786,0.9307215809822083,Q4 (highest)
0.507684051990509,0.8506886959075928,Q4 (highest)
0.5518413782119751,0.7806000709533691,Q3
0.6206529140472412,0.6398423314094543,Q2
0.5197359323501587,0.8320200443267822,Q3
0.45788413286209106,0.9561408758163452,Q4 (highest)
0.5375520586967468,0.7955742478370667,Q3
0.5127393007278442,0.8402424454689026,Q3
0.47316786646842957,0.936711847782135,Q4 (highest)
0.5857611298561096,0.7014747262001038,Q2
0.5667781829833984,0.7333571314811707,Q3
0.5526970028877258,0.7698817849159241,Q3
0.513373076915741,0.8264527916908264,Q3
0.511657178401947,0.8390346169471741,Q3
0.523353099822998,0.8071752190589905,Q3
0.5482664704322815,0.7724938988685608,Q3
0.5206877589225769,0.8448798656463623,Q3
0.5586533546447754,0.7464801669120789,Q3
0.5092220306396484,0.8516849279403687,Q4 (highest)
0.5150500535964966,0.8354789614677429,Q3
0.5359258055686951,0.8062308430671692,Q3
0.5856298804283142,0.7146223187446594,Q2
0.4716000258922577,0.9307215809822083,Q4 (highest)
0.4733814299106598,0.9315419793128967,Q4 (highest)
0.5289480686187744,0.8137197494506836,Q3
0.49014052748680115,0.8934327960014343,Q4 (highest)
0.5855769515037537,0.7122317552566528,Q2
0.6587653160095215,0.5628186464309692,Q2
0.6161488890647888,0.646996259689331,Q2
0.5523273348808289,0.7796127796173096,Q3
0.4809683859348297,0.9237772822380066,Q4 (highest)
0.5096487402915955,0.8704970479011536,Q4 (highest)
0.5671176314353943,0.7431430220603943,Q3
0.4888072609901428,0.9080520272254944,Q4 (highest)
0.7000622749328613,0.4402421712875366,Q1 (lowest)
0.7505272030830383,0.3042679727077484,Q1 (lowest)
0.781349778175354,0.21023158729076385,Q1 (lowest)
0.7756521105766296,0.2325076460838318,Q1 (lowest)
0.751656174659729,0.2963596284389496,Q1 (lowest)
0.7342524528503418,0.35009443759918213,Q1 (lowest)
0.7534604668617249,0.36827701330184937,Q1 (lowest)
0.7528170347213745,0.3393535315990448,Q1 (lowest)
0.7617709040641785,0.28094682097435,Q1 (lowest)
0.7806708812713623,0.21757107973098755,Q1 (lowest)
0.7867476940155029,0.23374547064304352,Q1 (lowest)
0.7570348381996155,0.3005959391593933,Q1 (lowest)
0.7536025643348694,0.3587931990623474,Q1 (lowest)
0.7463502883911133,0.38123464584350586,Q1 (lowest)
0.7415199279785156,0.3545525074005127,Q1 (lowest)
0.7766830325126648,0.29453176259994507,Q1 (lowest)
0.7691960334777832,0.2816159725189209,Q1 (lowest)
0.7377504706382751,0.40767693519592285,Q1 (lowest)
0.6409589052200317,0.5900992751121521,Q2
0.5046963691711426,0.8610580563545227,Q4 (highest)
0.5800795555114746,0.726793110370636,Q2
0.5747248530387878,0.7138218879699707,Q2
0.5470986366271973,0.7772682905197144,Q3
0.589827835559845,0.6830241680145264,Q2
0.6495544910430908,0.5664198994636536,Q2
0.6546646952629089,0.5552061200141907,Q2
0.6085869669914246,0.6674622893333435,Q2
0.593221127986908,0.6878148317337036,Q2
0.6484861373901367,0.5687507390975952,Q2
0.7190794348716736,0.4156652092933655,Q1 (lowest)
0.7422378659248352,0.39440882205963135,Q1 (lowest)
0.7188624739646912,0.5002543926239014,Q1 (lowest)
0.6945387125015259,0.5453056693077087,Q2
0.7201210856437683,0.4967881143093109,Q1 (lowest)
0.6996297836303711,0.5259003639221191,Q1 (lowest)
0.6462975144386292,0.6384063959121704,Q2
0.6798941493034363,0.598425030708313,Q2
0.7325973510742188,0.4609833061695099,Q1 (lowest)
0.7219468951225281,0.47512587904930115,Q1 (lowest)
0.5960686802864075,0.6850624084472656,Q2
0.5827293992042542,0.7279422283172607,Q2
0.4436376690864563,0.9888501763343811,Q4 (highest)
0.514525830745697,0.8399393558502197,Q3
0.6218079924583435,0.6168993711471558,Q2
0.5997063517570496,0.6669440865516663,Q2
0.5038996338844299,0.8198072910308838,Q3
0.5716966986656189,0.7072865962982178,Q2
0.5038781762123108,0.8599777817726135,Q4 (highest)
0.5688921809196472,0.7374178767204285,Q3
0.48061490058898926,0.9161525368690491,Q4 (highest)
0.6087937951087952,0.6588365435600281,Q2
0.5333611369132996,0.817237913608551,Q3
0.611262321472168,0.6560772657394409,Q2
0.6632150411605835,0.6207901835441589,Q2
0.5686215758323669,0.7304093241691589,Q3
0.6326855421066284,0.6102665662765503,Q2
0.7051762938499451,0.4429933726787567,Q1 (lowest)
0.6448045969009399,0.6018978357315063,Q2
0.5551140904426575,0.8093230724334717,Q3
0.5299140810966492,0.8083644509315491,Q3
0.4797190725803375,0.9092445373535156,Q4 (highest)
0.5072678923606873,0.8390346169471741,Q3
0.47413140535354614,0.924513578414917,Q4 (highest)
0.5912186503410339,0.7207419276237488,Q2
0.6807252168655396,0.5170896649360657,Q1 (lowest)
0.6463975310325623,0.5644872188568115,Q2
0.5306979417800903,0.817237913608551,Q3
0.5103403329849243,0.8451953530311584,Q3
0.5411846041679382,0.7819930911064148,Q3
0.6660912036895752,0.5569333434104919,Q2
0.6821140646934509,0.5044280886650085,Q1 (lowest)
0.6659858226776123,0.5550875067710876,Q2
0.5492827296257019,0.7696968913078308,Q3
0.5477632880210876,0.7759168744087219,Q3
0.4590786099433899,0.9535431861877441,Q4 (highest)
0.6044039130210876,0.6669440865516663,Q2
0.6425596475601196,0.5937894582748413,Q2
0.63301020860672,0.6465297937393188,Q2
0.5815783739089966,0.7253672480583191,Q2
0.6474276781082153,0.6116696000099182,Q2
0.5793142318725586,0.7058799266815186,Q2
0.6200291514396667,0.6206265687942505,Q2
0.5279322862625122,0.8253670334815979,Q3
0.5099906325340271,0.8547254204750061,Q4 (highest)
0.5424818992614746,0.78666090965271,Q3
0.5485159754753113,0.7743863463401794,Q3
0.566170871257782,0.756908655166626,Q3
0.5976735949516296,0.6669440865516663,Q2
0.5547618865966797,0.757764995098114,Q3
0.5985658168792725,0.6718714237213135,Q2
0.6067163348197937,0.6524901390075684,Q2
0.5225480198860168,0.8200668096542358,Q3
0.6046298146247864,0.7138218879699707,Q2
0.5513574481010437,0.7944848537445068,Q3
0.5588216781616211,0.7624684572219849,Q3
0.6583250761032104,0.5669844150543213,Q2
0.6313130855560303,0.6056589484214783,Q2
0.6834245324134827,0.5094943046569824,Q1 (lowest)
0.7394177317619324,0.3808622360229492,Q1 (lowest)
0.7258277535438538,0.4018816649913788,Q1 (lowest)
0.7338591814041138,0.3878096640110016,Q1 (lowest)
0.6808951497077942,0.4881784915924072,Q1 (lowest)
0.611315906047821,0.6556862592697144,Q2
0.5229981541633606,0.8264527916908264,Q3
0.5600849986076355,0.7796127796173096,Q3
0.5589855313301086,0.7879023551940918,Q3
0.5166065096855164,0.8390346169471741,Q3
0.4668620228767395,0.936711847782135,Q4 (highest)
0.4909420907497406,0.8990909457206726,Q4 (highest)
0.48376280069351196,0.9142053723335266,Q4 (highest)
0.5594601035118103,0.7596648931503296,Q3
0.6010568737983704,0.6669440865516663,Q2
0.5243511199951172,0.8402424454689026,Q3
0.49781885743141174,0.8799922466278076,Q4 (highest)
0.516730010509491,0.8320200443267822,Q3
0.5292731523513794,0.8245585560798645,Q3
0.5582329630851746,0.7709960341453552,Q3
0.489056259393692,0.8895301222801208,Q4 (highest)
0.6218845248222351,0.6167389154434204,Q2
0.5855879783630371,0.6930875778198242,Q2
0.5666424632072449,0.7437736392021179,Q3
0.4780575931072235,0.9161525368690491,Q4 (highest)
0.5657042860984802,0.7456796169281006,Q3
0.5730844140052795,0.740179181098938,Q3
0.5192045569419861,0.8451953530311584,Q3
0.5235638618469238,0.8221619725227356,Q3
0.5328606963157654,0.8182598352432251,Q3
0.4653330445289612,0.9414055943489075,Q4 (highest)
0.46473202109336853,0.9454799890518188,Q4 (highest)
0.5184779167175293,0.8346053957939148,Q3
0.5442240238189697,0.784613847732544,Q3
0.5461292862892151,0.7719305753707886,Q3
0.4929945170879364,0.9017894268035889,Q4 (highest)
0.5388998985290527,0.817237913608551,Q3
0.5422520041465759,0.7991153001785278,Q3
0.6555092334747314,0.6223514676094055,Q2
0.6962481141090393,0.4632789194583893,Q1 (lowest)
0.6613785624504089,0.5788136720657349,Q2
0.6167984008789062,0.6613337993621826,Q2
0.5521630644798279,0.7596648931503296,Q3
0.5501137971878052,0.7743863463401794,Q3
0.4796508848667145,0.9135674834251404,Q4 (highest)
0.5096487402915955,0.8704970479011536,Q4 (highest)
0.4853811264038086,0.9045772552490234,Q4 (highest)
0.6256806254386902,0.6541300415992737,Q2
0.6789404153823853,0.5386866331100464,Q1 (lowest)
0.7351035475730896,0.3974170386791229,Q1 (lowest)
0.7693189978599548,0.28292056918144226,Q1 (lowest)
0.7737739086151123,0.2181461602449417,Q1 (lowest)
0.7527435421943665,0.2936406135559082,Q1 (lowest)
0.7353864908218384,0.3923678994178772,Q1 (lowest)
0.6876561045646667,0.4930724501609802,Q1 (lowest)
0.6635249257087708,0.5328583121299744,Q1 (lowest)
0.7044238448143005,0.4711517095565796,Q1 (lowest)
0.7305416464805603,0.3665929436683655,Q1 (lowest)
0.7626832127571106,0.26978325843811035,Q1 (lowest)
0.7702831625938416,0.3010839521884918,Q1 (lowest)
0.7295511364936829,0.3938765823841095,Q1 (lowest)
0.7107614874839783,0.5023535490036011,Q1 (lowest)
0.6787612438201904,0.5519110560417175,Q2
0.6869638562202454,0.49359914660453796,Q1 (lowest)
0.7560307383537292,0.3837111294269562,Q1 (lowest)
0.7584338784217834,0.30329030752182007,Q1 (lowest)
0.7231267094612122,0.38967177271842957,Q1 (lowest)
0.6803956031799316,0.5183749794960022,Q1 (lowest)
0.6034501791000366,0.6592339277267456,Q2
0.5366347432136536,0.7912638187408447,Q3
0.6075443625450134,0.6571566462516785,Q2
0.5997381210327148,0.674437403678894,Q2
0.6028653979301453,0.6934443712234497,Q2
0.5636380910873413,0.7363558411598206,Q3
0.5046963691711426,0.8610580563545227,Q4 (highest)
0.5038899183273315,0.8585532903671265,Q4 (highest)
0.642404317855835,0.5903103947639465,Q2
0.7368956208229065,0.43282708525657654,Q1 (lowest)
0.7467256188392639,0.40456056594848633,Q1 (lowest)
0.712317168712616,0.4661761522293091,Q1 (lowest)
0.711375892162323,0.47609129548072815,Q1 (lowest)
0.7302020788192749,0.42574334144592285,Q1 (lowest)
0.7549154162406921,0.34980112314224243,Q1 (lowest)
0.7006016969680786,0.4749252200126648,Q1 (lowest)
0.6322942972183228,0.6632534861564636,Q2
0.5424036979675293,0.7883185148239136,Q3
0.5937463045120239,0.7156950831413269,Q2
0.6107414364814758,0.646157443523407,Q2
0.6588394045829773,0.5672358274459839,Q2
0.6841341853141785,0.5884184241294861,Q2
0.7059551477432251,0.48981112241744995,Q1 (lowest)
0.6982468366622925,0.4725733995437622,Q1 (lowest)
0.6097278594970703,0.643478512763977,Q2
0.641978919506073,0.591227650642395,Q2
0.5676406621932983,0.7535267472267151,Q3
0.5027199983596802,0.8643630146980286,Q4 (highest)
0.5499969720840454,0.7640668153762817,Q3
0.47927483916282654,0.9135674834251404,Q4 (highest)
0.6023564338684082,0.666117787361145,Q2
0.5556260943412781,0.7689592242240906,Q3
0.45972320437431335,0.9535431861877441,Q4 (highest)
0.6213859915733337,0.6177843809127808,Q2
0.5475517511367798,0.770438015460968,Q3
0.5122297406196594,0.8426939845085144,Q3
0.5256447196006775,0.8137197494506836,Q3
0.49738627672195435,0.8720870614051819,Q4 (highest)
0.45209747552871704,0.9687837958335876,Q4 (highest)
0.5014219284057617,0.8724883794784546,Q4 (highest)
0.5554792881011963,0.763888418674469,Q3
0.6039505004882812,0.7222703099250793,Q2
0.6049798130989075,0.6954796314239502,Q2
0.477316290140152,0.9444308280944824,Q4 (highest)
0.6011925935745239,0.6802293658256531,Q2
0.7066429257392883,0.4707978367805481,Q1 (lowest)
0.6200241446495056,0.6399324536323547,Q2
0.5572609305381775,0.747445821762085,Q3
0.49717798829078674,0.8639907836914062,Q4 (highest)
0.5275315642356873,0.8062308430671692,Q3
0.48696374893188477,0.8939325213432312,Q4 (highest)
0.5695013999938965,0.73499995470047,Q3
0.6377065777778625,0.6290620565414429,Q2
0.5949889421463013,0.6859754323959351,Q2
0.5278530120849609,0.8240222930908203,Q3
0.5988073348999023,0.6660147309303284,Q2
0.5658155083656311,0.7633544206619263,Q3
0.5704905390739441,0.7575933337211609,Q3
0.6626097559928894,0.5510955452919006,Q2
0.5842507481575012,0.7032240629196167,Q2
0.5743087530136108,0.7252253293991089,Q2
0.576712429523468,0.7131576538085938,Q2
0.5066928863525391,0.8628818988800049,Q4 (highest)
0.5193756222724915,0.837540864944458,Q3
0.5296285152435303,0.8117485642433167,Q3
0.4646839201450348,0.9414055943489075,Q4 (highest)
0.5695013999938965,0.73499995470047,Q3
0.4814407527446747,0.9161525368690491,Q4 (highest)
0.5297788977622986,0.8221619725227356,Q3
0.6083470582962036,0.6727228760719299,Q2
0.5931152105331421,0.6796753406524658,Q2
0.5204053521156311,0.8346053957939148,Q3
0.5216123461723328,0.8253670334815979,Q3
0.5719408392906189,0.726793110370636,Q2
0.5767528414726257,0.7333571314811707,Q3
0.6137738823890686,0.6454147696495056,Q2
0.5548571348190308,0.784613847732544,Q3
0.5018154978752136,0.8662428259849548,Q4 (highest)
0.5222050547599792,0.8390346169471741,Q3
0.5043480396270752,0.8643630146980286,Q4 (highest)
0.5552486777305603,0.7772682905197144,Q3
0.49192148447036743,0.8835157752037048,Q4 (highest)
0.6248083114624023,0.619403600692749,Q2
0.6697496771812439,0.5261061787605286,Q1 (lowest)
0.6874808669090271,0.5244138836860657,Q1 (lowest)
0.6952466368675232,0.49629759788513184,Q1 (lowest)
0.648694634437561,0.5804840326309204,Q2
0.6676145792007446,0.5478652715682983,Q2
0.6660758852958679,0.5571128129959106,Q2
0.5525191426277161,0.7893638014793396,Q3
0.5423159003257751,0.8009184002876282,Q3
0.5048324465751648,0.8599777817726135,Q4 (highest)
0.5113618969917297,0.8464655876159668,Q4 (highest)
0.4559393525123596,0.9603790640830994,Q4 (highest)
0.5507948994636536,0.7772682905197144,Q3
0.5064191222190857,0.8451953530311584,Q3
0.4713408648967743,0.9161525368690491,Q4 (highest)
0.6385270357131958,0.5827100872993469,Q2
0.5516664981842041,0.7680419087409973,Q3
0.5023612380027771,0.8799922466278076,Q4 (highest)
0.6136789321899414,0.6577479243278503,Q2
0.5258866548538208,0.8132243156433105,Q3
0.5140778422355652,0.854383647441864,Q4 (highest)
0.5110180974006653,0.8451953530311584,Q3
0.483735054731369,0.9080520272254944,Q4 (highest)
0.5067176818847656,0.8526896834373474,Q4 (highest)
0.5396319031715393,0.7968922853469849,Q3
0.5744023323059082,0.73499995470047,Q3
0.5316461324691772,0.8149659633636475,Q3
0.5977879762649536,0.6755167245864868,Q2
0.5008945465087891,0.8720870614051819,Q4 (highest)
0.5566725134849548,0.7610606551170349,Q3
0.5037066340446472,0.8662428259849548,Q4 (highest)
0.5562269687652588,0.7719305753707886,Q3
0.4998250901699066,0.867003858089447,Q4 (highest)
0.6083946824073792,0.6780229210853577,Q2
0.6593499183654785,0.5590375065803528,Q2
0.7165099382400513,0.4561401903629303,Q1 (lowest)
0.6969424486160278,0.49063244462013245,Q1 (lowest)
0.6469053626060486,0.575120747089386,Q2
0.5585392117500305,0.7944848537445068,Q3
0.5449219942092896,0.7743863463401794,Q3
0.5397328734397888,0.8286513686180115,Q3
0.6658898591995239,0.6061149835586548,Q2
0.7284852862358093,0.43455666303634644,Q1 (lowest)
0.7664055228233337,0.31924232840538025,Q1 (lowest)
0.7653903961181641,0.2754122316837311,Q1 (lowest)
0.7447074055671692,0.3137945532798767,Q1 (lowest)
0.7396546602249146,0.3463800251483917,Q1 (lowest)
0.7067500948905945,0.4881784915924072,Q1 (lowest)
0.6115652918815613,0.6621397733688354,Q2
0.5596802830696106,0.7696968913078308,Q3
0.6256335973739624,0.6156190037727356,Q2
0.7279495596885681,0.4408164620399475,Q1 (lowest)
0.7509890794754028,0.3088476061820984,Q1 (lowest)
0.7545080184936523,0.36843928694725037,Q1 (lowest)
0.688999593257904,0.5068517327308655,Q1 (lowest)
0.6092979311943054,0.6612332463264465,Q2
0.5429644584655762,0.7988914847373962,Q3
0.6261833906173706,0.6425631642341614,Q2
0.7179266810417175,0.45982664823532104,Q1 (lowest)
0.7245301604270935,0.3793308436870575,Q1 (lowest)
0.6707486510276794,0.510303258895874,Q1 (lowest)
0.6193822026252747,0.6368033289909363,Q2
0.49255138635635376,0.8939325213432312,Q4 (highest)
0.5147082209587097,0.8533643484115601,Q4 (highest)
0.5092220306396484,0.8516849279403687,Q4 (highest)
0.6017943024635315,0.6690253615379333,Q2
0.5303517580032349,0.8264527916908264,Q3
0.5027199983596802,0.8643630146980286,Q4 (highest)
0.44862228631973267,0.9778246283531189,Q4 (highest)
0.46279793977737427,0.9454799890518188,Q4 (highest)
0.5519170761108398,0.7764946222305298,Q3
0.5825257301330566,0.7052440643310547,Q2
0.6829860806465149,0.5208194851875305,Q1 (lowest)
0.7603138089179993,0.3674676716327667,Q1 (lowest)
0.7770858407020569,0.29242512583732605,Q1 (lowest)
0.7707973122596741,0.3232613503932953,Q1 (lowest)
0.7695159912109375,0.32908064126968384,Q1 (lowest)
0.7519088387489319,0.3985847234725952,Q1 (lowest)
0.7206354141235352,0.49536463618278503,Q1 (lowest)
0.7087517380714417,0.5272939205169678,Q1 (lowest)
0.5961447954177856,0.7052440643310547,Q2
0.5468670725822449,0.8261805176734924,Q3
0.6329081058502197,0.602270781993866,Q2
0.6261261105537415,0.6112008094787598,Q2
0.5539802312850952,0.7764946222305298,Q3
0.5508163571357727,0.7879023551940918,Q3
0.5641926527023315,0.7394076585769653,Q3
0.4675128161907196,0.936711847782135,Q4 (highest)
0.4925590455532074,0.8821795582771301,Q4 (highest)
0.5212159752845764,0.8261805176734924,Q3
0.4977882504463196,0.877429187297821,Q4 (highest)
0.5284184813499451,0.8218982219696045,Q3
0.6191312670707703,0.681454062461853,Q2
0.6574150323867798,0.5747290253639221,Q2
0.5705016255378723,0.7224099636077881,Q2
0.44916000962257385,0.9752398133277893,Q4 (highest)
0.5266073942184448,0.8117485642433167,Q3
0.469650000333786,0.9307215809822083,Q4 (highest)
0.4646839201450348,0.9414055943489075,Q4 (highest)
0.5535195469856262,0.756908655166626,Q3
0.544439971446991,0.8093230724334717,Q3
0.4450724720954895,0.9842681884765625,Q4 (highest)
0.6174024939537048,0.6529709696769714,Q2
0.6482898592948914,0.5645492672920227,Q2
0.6482926607131958,0.6311200261116028,Q2
0.6134549975395203,0.6720839142799377,Q2
0.4572157859802246,0.9548220038414001,Q4 (highest)
0.4758952260017395,0.9034509062767029,Q4 (highest)
0.48858949542045593,0.8585532903671265,Q4 (highest)
0.512394905090332,0.8526896834373474,Q4 (highest)
0.4968072474002838,0.8732956051826477,Q4 (highest)
0.5847271680831909,0.6934443712234497,Q2
0.5127393007278442,0.8402424454689026,Q3
0.6113324165344238,0.6429288387298584,Q2
0.5333332419395447,0.7979995608329773,Q3
0.5972261428833008,0.7207419276237488,Q2
0.6681610941886902,0.5472936630249023,Q2
0.662237286567688,0.5552654266357422,Q2
0.5396319031715393,0.7968922853469849,Q3
0.5158138275146484,0.8474270105361938,Q4 (highest)
0.5691164135932922,0.7252253293991089,Q2
0.4970303475856781,0.8770081996917725,Q4 (highest)
0.4967532157897949,0.8839653134346008,Q4 (highest)
0.5382493138313293,0.8018283843994141,Q3
0.563486635684967,0.7605358958244324,Q3
0.5750944018363953,0.7299713492393494,Q3
0.5984284281730652,0.675950288772583,Q2
0.5728234648704529,0.7190894484519958,Q2
0.518620491027832,0.8474270105361938,Q4 (highest)
0.5391319394111633,0.810046374797821,Q3
0.651222288608551,0.6079496145248413,Q2
0.650944709777832,0.5579527020454407,Q2
0.6055242419242859,0.6762760281562805,Q2
0.5955406427383423,0.6727228760719299,Q2
0.594021737575531,0.674437403678894,Q2
0.5897366404533386,0.7014747262001038,Q2
0.5116268396377563,0.8439382910728455,Q3
0.6112272143363953,0.6524901390075684,Q2
0.5480040311813354,0.7936190962791443,Q3
0.4800012707710266,0.9086459875106812,Q4 (highest)
0.5849029421806335,0.7304093241691589,Q3
0.4764682352542877,0.9161525368690491,Q4 (highest)
0.489056259393692,0.8895301222801208,Q4 (highest)
0.5538817048072815,0.7709960341453552,Q3
0.5735958814620972,0.7371137142181396,Q3
0.5873408317565918,0.7321720123291016,Q3
0.6027117967605591,0.7122317552566528,Q2
0.5246376991271973,0.8306058049201965,Q3
0.5804145932197571,0.7395617365837097,Q3
0.7014257907867432,0.5364545583724976,Q1 (lowest)
0.5784851312637329,0.7339527606964111,Q3
0.45566126704216003,0.9651642441749573,Q4 (highest)
0.4748506546020508,0.9237772822380066,Q4 (highest)
0.5182057619094849,0.8331627249717712,Q3
0.4899565875530243,0.8876386284828186,Q4 (highest)
0.5326644778251648,0.7860439419746399,Q3
0.5236642956733704,0.7854294180870056,Q3
0.5016103386878967,0.8346053957939148,Q3
0.5562392473220825,0.7741960287094116,Q3
0.5161747932434082,0.8331627249717712,Q3
0.5932928919792175,0.6899060606956482,Q2
0.5861298441886902,0.6969299912452698,Q2
0.6183242797851562,0.6648849844932556,Q2
0.49641361832618713,0.8876386284828186,Q4 (highest)
0.5339502692222595,0.8009184002876282,Q3
0.46601200103759766,0.9385421276092529,Q4 (highest)
0.5260912179946899,0.8169835805892944,Q3
0.5252147316932678,0.8423848748207092,Q3
0.6099923253059387,0.6865482926368713,Q2
0.5913087129592896,0.6963242888450623,Q2
0.5972189903259277,0.6678778529167175,Q2
0.5834298133850098,0.709612250328064,Q2
0.6171377301216125,0.6384063959121704,Q2
0.6417374610900879,0.6056589484214783,Q2
0.54132479429245,0.819031298160553,Q3
0.5312345623970032,0.8022855520248413,Q3
0.5479162335395813,0.7696968913078308,Q3
0.6342391967773438,0.6432034969329834,Q2
0.6910630464553833,0.4998009204864502,Q1 (lowest)
0.7261543869972229,0.47083714604377747,Q1 (lowest)
0.6548277139663696,0.6263507008552551,Q2
0.5308223962783813,0.8169835805892944,Q3
0.5074514150619507,0.8599777817726135,Q4 (highest)
0.5856243968009949,0.703349769115448,Q2
0.6617529988288879,0.5340322256088257,Q1 (lowest)
0.728779137134552,0.3798481523990631,Q1 (lowest)
0.7524492144584656,0.28737735748291016,Q1 (lowest)
0.7362399101257324,0.3750750422477722,Q1 (lowest)
0.6967958807945251,0.46192100644111633,Q1 (lowest)
0.6730629205703735,0.5713006854057312,Q2
0.5586428046226501,0.7709960341453552,Q3
0.472712904214859,0.9275433421134949,Q4 (highest)
0.6356579065322876,0.6628477573394775,Q2
0.7127636075019836,0.4594920575618744,Q1 (lowest)
0.74656081199646,0.317789763212204,Q1 (lowest)
0.7226564288139343,0.40279829502105713,Q1 (lowest)
0.6728614568710327,0.5827100872993469,Q2
0.5899975895881653,0.6888575553894043,Q2
0.6114121079444885,0.6385852694511414,Q2
0.6380695700645447,0.5886277556419373,Q2
0.5250363349914551,0.8149659633636475,Q3
0.6633176803588867,0.5836617946624756,Q2
0.6020737290382385,0.6963242888450623,Q2
0.532498836517334,0.8132243156433105,Q3
0.6052461862564087,0.6718714237213135,Q2
0.5268463492393494,0.8200668096542358,Q3
0.5045450329780579,0.868930459022522,Q4 (highest)
0.5206620097160339,0.8599777817726135,Q4 (highest)
0.5609933137893677,0.7854294180870056,Q3
0.7005676627159119,0.5482663512229919,Q2
0.7571162581443787,0.37967559695243835,Q1 (lowest)
0.7823777794837952,0.2625538110733032,Q1 (lowest)
0.7849108576774597,0.24643294513225555,Q1 (lowest)
0.7650312781333923,0.3484663665294647,Q1 (lowest)
0.7227047085762024,0.48959556221961975,Q1 (lowest)
0.6425288319587708,0.6725096702575684,Q2
0.58875572681427,0.7624684572219849,Q3
0.5727376341819763,0.7423580884933472,Q3
0.49826833605766296,0.8770081996917725,Q4 (highest)
0.5762494206428528,0.7394076585769653,Q3
0.5601341128349304,0.7540296912193298,Q3
0.4761865735054016,0.9181523323059082,Q4 (highest)
0.5603562593460083,0.7660421133041382,Q3
0.561209499835968,0.7530254125595093,Q3
0.5040919184684753,0.877429187297821,Q4 (highest)
0.45658132433891296,0.9603790640830994,Q4 (highest)
0.49047526717185974,0.9034509062767029,Q4 (highest)
0.49360352754592896,0.8799922466278076,Q4 (highest)
0.4725489318370819,0.924513578414917,Q4 (highest)
0.5072542428970337,0.8557568192481995,Q4 (highest)
0.5213107466697693,0.8331627249717712,Q3
0.4716000258922577,0.9307215809822083,Q4 (highest)
0.5773913264274597,0.7189524173736572,Q2
0.6665692925453186,0.5231919288635254,Q1 (lowest)
0.569722592830658,0.7345503568649292,Q3
0.44489023089408875,0.9888501763343811,Q4 (highest)
0.45374950766563416,0.9651642441749573,Q4 (highest)
0.514525830745697,0.8399393558502197,Q3
0.5129204392433167,0.8643630146980286,Q4 (highest)
0.578834056854248,0.7398701906204224,Q3
0.5406435132026672,0.7919024229049683,Q3
0.6283916234970093,0.633461058139801,Q2
0.5421087145805359,0.7806000709533691,Q3
0.4648059904575348,0.9237772822380066,Q4 (highest)
0.5398258566856384,0.7471233010292053,Q3
0.592222273349762,0.6859754323959351,Q2
0.6327425241470337,0.6043723821640015,Q2
0.5858842134475708,0.6983917355537415,Q2
0.5349435806274414,0.7988914847373962,Q3
0.6095659136772156,0.6529709696769714,Q2
0.654623806476593,0.5644872188568115,Q2
0.6394426226615906,0.597766637802124,Q2
0.648831844329834,0.608718991279602,Q2
0.5261996388435364,0.8297645449638367,Q3
0.5664713382720947,0.7394076585769653,Q3
0.6766752600669861,0.5234967470169067,Q1 (lowest)
0.6928071975708008,0.47922036051750183,Q1 (lowest)
0.627717137336731,0.6086419224739075,Q2
0.5133249163627625,0.8390346169471741,Q3
0.5443153381347656,0.7936190962791443,Q3
0.4728933274745941,0.9237772822380066,Q4 (highest)
0.5371538996696472,0.7902053594589233,Q3
0.6522339582443237,0.560553789138794,Q2
0.6579369902610779,0.5433367490768433,Q1 (lowest)
0.6828931570053101,0.5044280886650085,Q1 (lowest)
0.5393075346946716,0.789994478225708,Q3
0.49192148447036743,0.8835157752037048,Q4 (highest)
0.6174024939537048,0.6529709696769714,Q2
0.6483539938926697,0.5707882046699524,Q2
0.6150655150413513,0.6715531349182129,Q2
0.5288425087928772,0.8071752190589905,Q3
0.5897152423858643,0.7252253293991089,Q2
0.5175042152404785,0.8346053957939148,Q3
0.4559393525123596,0.9603790640830994,Q4 (highest)
0.49253931641578674,0.8895301222801208,Q4 (highest)
0.5725022554397583,0.7256515622138977,Q2
0.5014796853065491,0.8737016320228577,Q4 (highest)
0.5415078997612,0.8218982219696045,Q3
0.49763450026512146,0.8939325213432312,Q4 (highest)
0.5394052863121033,0.8261805176734924,Q3
0.4761678874492645,0.9454799890518188,Q4 (highest)
0.49861571192741394,0.8737016320228577,Q4 (highest)
0.6074520945549011,0.6529709696769714,Q2
0.6247333884239197,0.6484964489936829,Q2
0.5102506875991821,0.8526896834373474,Q4 (highest)
0.46926766633987427,0.9315419793128967,Q4 (highest)
0.46279793977737427,0.9454799890518188,Q4 (highest)
0.4783329963684082,0.9223278760910034,Q4 (highest)
0.44916000962257385,0.9752398133277893,Q4 (highest)
0.47681885957717896,0.9040120840072632,Q4 (highest)
0.4617350697517395,0.9017894268035889,Q4 (highest)
0.44979801774024963,0.9307215809822083,Q4 (highest)
0.4966847598552704,0.8603366017341614,Q4 (highest)
0.4931318461894989,0.8737016320228577,Q4 (highest)
0.5944766998291016,0.6588365435600281,Q2
0.5982139706611633,0.675950288772583,Q2
0.5478368997573853,0.7665850520133972,Q3
0.5240334868431091,0.8331627249717712,Q3
0.5356268286705017,0.8071752190589905,Q3
0.5045645833015442,0.8585532903671265,Q4 (highest)
0.47804123163223267,0.9216144680976868,Q4 (highest)
0.5275378823280334,0.8132243156433105,Q3
0.5324191451072693,0.8071752190589905,Q3
0.47834229469299316,0.9135674834251404,Q4 (highest)
0.5014219284057617,0.8724883794784546,Q4 (highest)
0.48352012038230896,0.9045772552490234,Q4 (highest)
0.45749005675315857,0.9603790640830994,Q4 (highest)
0.49703723192214966,0.8876386284828186,Q4 (highest)
0.5045645833015442,0.8585532903671265,Q4 (highest)
0.5536816120147705,0.763888418674469,Q3
0.5738617181777954,0.7290988564491272,Q3
0.4678228795528412,0.9414055943489075,Q4 (highest)
0.5361015200614929,0.8162235021591187,Q3
0.6268487572669983,0.6509591341018677,Q2
0.6681047677993774,0.5332310795783997,Q1 (lowest)
0.6132439970970154,0.7131576538085938,Q2
0.45449134707450867,0.9669219255447388,Q4 (highest)
0.5202152132987976,0.8533643484115601,Q4 (highest)
0.6656547784805298,0.614584743976593,Q2
0.7324987053871155,0.4274430274963379,Q1 (lowest)
0.7516669631004333,0.32005274295806885,Q1 (lowest)
0.735014021396637,0.34580594301223755,Q1 (lowest)
0.6916036009788513,0.4814438819885254,Q1 (lowest)
0.6266580820083618,0.6290620565414429,Q2
0.6212431192398071,0.6627464294433594,Q2
0.5964874625205994,0.6906083822250366,Q2
0.48451730608940125,0.8990909457206726,Q4 (highest)
0.5410475134849548,0.8052927851676941,Q3
0.5955068469047546,0.7014747262001038,Q2
0.7084364295005798,0.5007544159889221,Q1 (lowest)
0.7305399775505066,0.36397096514701843,Q1 (lowest)
0.7405881881713867,0.3858638107776642,Q1 (lowest)
0.6747826337814331,0.5510955452919006,Q2
0.5598389506340027,0.7575933337211609,Q3
0.4824540615081787,0.9034509062767029,Q4 (highest)
0.5552803874015808,0.763888418674469,Q3
0.6763982176780701,0.5277087092399597,Q1 (lowest)
0.6641747951507568,0.547579288482666,Q2
0.607964813709259,0.6524901390075684,Q2
0.4862440228462219,0.8954487442970276,Q4 (highest)
0.5326129198074341,0.8062308430671692,Q3
0.5397599339485168,0.8117485642433167,Q3
0.5965736508369446,0.6793437004089355,Q2
0.6114001274108887,0.677584707736969,Q2
0.5559001564979553,0.819031298160553,Q3
0.5778283476829529,0.7464801669120789,Q3
0.6637770533561707,0.6212819218635559,Q2
0.6793925166130066,0.5996005535125732,Q2
0.7289506793022156,0.4717428386211395,Q1 (lowest)
0.7661862373352051,0.34360867738723755,Q1 (lowest)
0.7852980494499207,0.24383550882339478,Q1 (lowest)
0.7822985649108887,0.2630358934402466,Q1 (lowest)
0.7568583488464355,0.3806391954421997,Q1 (lowest)
0.6877813339233398,0.5505149960517883,Q2
0.5659224390983582,0.7936190962791443,Q3
0.49140048027038574,0.9017894268035889,Q4 (highest)
0.5126054883003235,0.8737016320228577,Q4 (highest)
0.6492327451705933,0.6191599369049072,Q2
0.5306092500686646,0.8245585560798645,Q3
0.5775085687637329,0.7860439419746399,Q3
0.5981736779212952,0.6897892355918884,Q2
0.5010939836502075,0.8643630146980286,Q4 (highest)
0.4732040464878082,0.924513578414917,Q4 (highest)
0.4784020483493805,0.9237772822380066,Q4 (highest)
0.463167279958725,0.9548220038414001,Q4 (highest)
0.4806617200374603,0.9086459875106812,Q4 (highest)
0.5572083592414856,0.7696968913078308,Q3
0.5233956575393677,0.825637698173523,Q3
0.5250914692878723,0.819031298160553,Q3
0.5379773378372192,0.7885269522666931,Q3
0.45788413286209106,0.9561408758163452,Q4 (highest)
0.5837296843528748,0.6954796314239502,Q2
0.5801732540130615,0.7282307147979736,Q2
0.5947986245155334,0.6908431053161621,Q2
0.5537872314453125,0.757764995098114,Q3
0.537137508392334,0.7936190962791443,Q3
0.5168551802635193,0.8331627249717712,Q3
0.5128862261772156,0.8399393558502197,Q3
0.4834165573120117,0.8862445950508118,Q4 (highest)
0.4552849233150482,0.9548220038414001,Q4 (highest)
0.47113296389579773,0.9275433421134949,Q4 (highest)
0.4884701669216156,0.8949404954910278,Q4 (highest)
0.5359792709350586,0.8240222930908203,Q3
0.495559424161911,0.8876386284828186,Q4 (highest)
0.5181514024734497,0.8221619725227356,Q3
0.5278672575950623,0.8022855520248413,Q3
0.43778249621391296,0.9603790640830994,Q4 (highest)
0.460115909576416,0.8909742832183838,Q4 (highest)
0.6278141140937805,0.6056589484214783,Q2
0.6651407480239868,0.5230395793914795,Q1 (lowest)
0.6892339587211609,0.4730892479419708,Q1 (lowest)
0.5725566744804382,0.7224099636077881,Q2
0.5173968076705933,0.8423848748207092,Q3
0.5634199380874634,0.740179181098938,Q3
0.5168980956077576,0.8451953530311584,Q3
0.623775839805603,0.6127676963806152,Q2
0.6422419548034668,0.6007088422775269,Q2
0.5707353353500366,0.7292439937591553,Q3
0.6168833374977112,0.6313787698745728,Q2
0.6794376969337463,0.5094943046569824,Q1 (lowest)
0.6240256428718567,0.6260983943939209,Q2
0.6174919009208679,0.6259303689002991,Q2
0.6401020288467407,0.5890471935272217,Q2
0.5718704462051392,0.7269363403320312,Q2
0.6142005324363708,0.6510543823242188,Q2
0.6844505667686462,0.49470075964927673,Q1 (lowest)
0.7351481318473816,0.37915873527526855,Q1 (lowest)
0.7428726553916931,0.3484663665294647,Q1 (lowest)
0.5236544013023376,0.8245585560798645,Q3
0.6391748785972595,0.5834575295448303,Q2
0.5696935653686523,0.7282307147979736,Q2
0.5529765486717224,0.7653210759162903,Q3
0.5133370757102966,0.8628818988800049,Q4 (highest)
0.5346975326538086,0.825637698173523,Q3
0.46750006079673767,0.9454799890518188,Q4 (highest)
0.586764395236969,0.7131576538085938,Q2
0.6021440625190735,0.6577479243278503,Q2
0.5308815240859985,0.8139680027961731,Q3
0.5335357189178467,0.8093230724334717,Q3
0.573659360408783,0.7437736392021179,Q3
0.6420268416404724,0.6064957976341248,Q2
0.5415804982185364,0.789994478225708,Q3
0.5837359428405762,0.7530254125595093,Q3
0.47113296389579773,0.9275433421134949,Q4 (highest)
0.5378848910331726,0.8198072910308838,Q3
0.47515612840652466,0.9223278760910034,Q4 (highest)
0.5092220306396484,0.8516849279403687,Q4 (highest)
0.4839024543762207,0.9017894268035889,Q4 (highest)
0.48521852493286133,0.9017894268035889,Q4 (highest)
0.4653330445289612,0.9414055943489075,Q4 (highest)
0.4450724720954895,0.9842681884765625,Q4 (highest)
0.4775683581829071,0.8990909457206726,Q4 (highest)
0.45159807801246643,0.9385421276092529,Q4 (highest)
0.5407248735427856,0.7445651888847351,Q3
0.580174446105957,0.7105247974395752,Q2
0.48278164863586426,0.8895301222801208,Q4 (highest)
0.4875975549221039,0.8643630146980286,Q4 (highest)
0.5145146250724792,0.8198072910308838,Q3
0.48087620735168457,0.9216144680976868,Q4 (highest)
0.5183369517326355,0.8557568192481995,Q4 (highest)
0.5310990214347839,0.8093230724334717,Q3
0.5581206679344177,0.7548712491989136,Q3
0.4995722770690918,0.868930459022522,Q4 (highest)
0.48543378710746765,0.9181523323059082,Q4 (highest)
0.48521852493286133,0.9017894268035889,Q4 (highest)
0.46041399240493774,0.9548220038414001,Q4 (highest)
0.5024579167366028,0.8724883794784546,Q4 (highest)
0.5516374707221985,0.7680419087409973,Q3
0.4832009971141815,0.9080520272254944,Q4 (highest)
0.45209747552871704,0.9687837958335876,Q4 (highest)
0.5275909304618835,0.8245585560798645,Q3
0.5781916379928589,0.7345503568649292,Q3
0.5165504813194275,0.8516849279403687,Q4 (highest)
0.4788648784160614,0.9216144680976868,Q4 (highest)
0.5547284483909607,0.7991153001785278,Q3
0.6655265688896179,0.5853725075721741,Q2
0.7195777893066406,0.4095135033130646,Q1 (lowest)
0.7470574975013733,0.35763075947761536,Q1 (lowest)
0.7101156115531921,0.4349503517150879,Q1 (lowest)
0.6584092974662781,0.5395093560218811,Q1 (lowest)
0.5633708834648132,0.7806000709533691,Q3
0.49200087785720825,0.8895301222801208,Q4 (highest)
0.5092605948448181,0.8474270105361938,Q4 (highest)
0.584224283695221,0.718132495880127,Q2
0.6650317311286926,0.5505149960517883,Q2
0.6769088506698608,0.5132810473442078,Q1 (lowest)
0.7160435914993286,0.5079329609870911,Q1 (lowest)
0.6714209318161011,0.5770907998085022,Q2
0.5935366153717041,0.6926127672195435,Q2
0.4832398593425751,0.9017894268035889,Q4 (highest)
0.5775552988052368,0.7114419341087341,Q2
0.6217749714851379,0.6271095275878906,Q2
0.7085180878639221,0.47512587904930115,Q1 (lowest)
0.6946317553520203,0.4571288824081421,Q1 (lowest)
0.6339225769042969,0.6095686554908752,Q2
0.6382197737693787,0.583525538444519,Q2
0.6258139610290527,0.6098785996437073,Q2
0.6130591034889221,0.6556862592697144,Q2
0.6487458944320679,0.5937894582748413,Q2
0.5981980562210083,0.7052440643310547,Q2
0.522674560546875,0.8198072910308838,Q3
0.6286486983299255,0.6024949550628662,Q2
0.6716630458831787,0.5519110560417175,Q2
0.6994649767875671,0.5510374307632446,Q2
0.5752399563789368,0.7955742478370667,Q3
0.49681463837623596,0.9017894268035889,Q4 (highest)
0.6637848615646362,0.6353892087936401,Q2
0.7394876480102539,0.43987151980400085,Q1 (lowest)
0.7621094584465027,0.36038443446159363,Q1 (lowest)
0.7793392539024353,0.2802390456199646,Q1 (lowest)
0.790084183216095,0.20778924226760864,Q1 (lowest)
0.7837618589401245,0.2539227306842804,Q1 (lowest)
0.7595999836921692,0.36273014545440674,Q1 (lowest)
0.6856654286384583,0.5106373429298401,Q1 (lowest)
0.6025671362876892,0.6798967123031616,Q2
0.6147758960723877,0.7074150443077087,Q2
0.6482922434806824,0.6245911717414856,Q2
0.6674437522888184,0.5178301930427551,Q1 (lowest)
0.6368350386619568,0.602270781993866,Q2
0.6407051682472229,0.5903103947639465,Q2
0.6539806723594666,0.5944349765777588,Q2
0.5092220306396484,0.8516849279403687,Q4 (highest)
0.5304455161094666,0.8221619725227356,Q3
0.519188642501831,0.8357715010643005,Q3
0.514610230922699,0.854383647441864,Q4 (highest)
0.5018061995506287,0.8628818988800049,Q4 (highest)
0.5490251779556274,0.7660421133041382,Q3
0.5625137686729431,0.7386395931243896,Q3
0.6293253302574158,0.614584743976593,Q2
0.5521407127380371,0.763888418674469,Q3
0.4844312369823456,0.9034509062767029,Q4 (highest)
0.6156215667724609,0.6298313140869141,Q2
0.5415489673614502,0.7854294180870056,Q3
0.48426491022109985,0.8996238112449646,Q4 (highest)
0.5276809334754944,0.8264527916908264,Q3
0.5660602450370789,0.7314354181289673,Q3
0.5256447196006775,0.8137197494506836,Q3
0.5140493512153625,0.837540864944458,Q3
0.48830461502075195,0.8643630146980286,Q4 (highest)
0.4653330445289612,0.9414055943489075,Q4 (highest)
0.48843154311180115,0.8808614015579224,Q4 (highest)
0.470049113035202,0.8895301222801208,Q4 (highest)
0.44798728823661804,0.9778246283531189,Q4 (highest)
0.5395801663398743,0.78666090965271,Q3
0.5411846041679382,0.7819930911064148,Q3
0.5936664938926697,0.6793437004089355,Q2
0.6402777433395386,0.5810887217521667,Q2
0.5562484860420227,0.7513649463653564,Q3
0.5831856727600098,0.703349769115448,Q2
0.5459135174751282,0.8149659633636475,Q3
0.5954112410545349,0.6993726491928101,Q2
0.5541789531707764,0.78666090965271,Q3
0.5562484860420227,0.7513649463653564,Q3
0.6358821392059326,0.5944349765777588,Q2
0.5795957446098328,0.7072865962982178,Q2
0.5566960573196411,0.757764995098114,Q3
0.667768657207489,0.5259003639221191,Q1 (lowest)
0.7051051259040833,0.438395619392395,Q1 (lowest)
0.708328902721405,0.438395619392395,Q1 (lowest)
0.7083914279937744,0.44672179222106934,Q1 (lowest)
0.6846246719360352,0.5034573078155518,Q1 (lowest)
0.6939558982849121,0.4711517095565796,Q1 (lowest)
0.7215496897697449,0.3877067267894745,Q1 (lowest)
0.755454957485199,0.3139989376068115,Q1 (lowest)
0.756469190120697,0.3047025501728058,Q1 (lowest)
0.7629534602165222,0.2656964063644409,Q1 (lowest)
0.6368312239646912,0.5850977897644043,Q2
0.6081476807594299,0.6515318155288696,Q2
0.5844159126281738,0.6954796314239502,Q2
0.6571378111839294,0.5423313975334167,Q1 (lowest)
0.5493799448013306,0.7653210759162903,Q3
0.5324200987815857,0.8137197494506836,Q3
0.5223540663719177,0.8306058049201965,Q3
0.46963220834732056,0.9349380135536194,Q4 (highest)
0.5888811349868774,0.7032240629196167,Q2
0.6503854990005493,0.5770248174667358,Q2
0.6822463870048523,0.4849938452243805,Q1 (lowest)
0.638985276222229,0.6041461229324341,Q2
0.6464058756828308,0.6353011131286621,Q2
0.5438074469566345,0.7938351631164551,Q3
0.563392162322998,0.7698817849159241,Q3
0.4888077676296234,0.8934327960014343,Q4 (highest)
0.5171726942062378,0.8493732810020447,Q4 (highest)
0.4519719183444977,0.9752398133277893,Q4 (highest)
0.4924519658088684,0.8857843279838562,Q4 (highest)
0.49731627106666565,0.8909742832183838,Q4 (highest)
0.5895689129829407,0.6754085421562195,Q2
0.6248965859413147,0.6037696599960327,Q2
0.6592435240745544,0.5332310795783997,Q1 (lowest)
0.6304391026496887,0.6167389154434204,Q2
0.542163074016571,0.7637102603912354,Q3
0.4724886417388916,0.8724883794784546,Q4 (highest)
0.4694490432739258,0.9181523323059082,Q4 (highest)
0.4653330445289612,0.9414055943489075,Q4 (highest)
0.47908449172973633,0.9223278760910034,Q4 (highest)
0.5137472152709961,0.8516849279403687,Q4 (highest)
0.5521802306175232,0.7819930911064148,Q3
0.5370069742202759,0.8043607473373413,Q3
0.46279793977737427,0.9454799890518188,Q4 (highest)
0.5456549525260925,0.7802044153213501,Q3
0.46807804703712463,0.9414055943489075,Q4 (highest)
0.5202928781509399,0.8426939845085144,Q3
0.5235958695411682,0.8267256021499634,Q3
0.602715790271759,0.732319712638855,Q3
0.637772262096405,0.6628477573394775,Q2
0.5275436639785767,0.8423848748207092,Q3
0.49728354811668396,0.8737016320228577,Q4 (highest)
0.5882671475410461,0.7437736392021179,Q3
0.6726466417312622,0.572910726070404,Q2
0.6919121742248535,0.5457584261894226,Q2
0.7131089568138123,0.5029506683349609,Q1 (lowest)
0.6860021948814392,0.5354282855987549,Q1 (lowest)
0.5889846682548523,0.7339527606964111,Q3
0.5319235324859619,0.8261805176734924,Q3
0.4998250901699066,0.867003858089447,Q4 (highest)
0.5186488032341003,0.8390346169471741,Q3
0.6326591372489929,0.6178650856018066,Q2
0.5390651822090149,0.7936190962791443,Q3
0.5999730229377747,0.6860898733139038,Q2
0.5891607403755188,0.72185218334198,Q2
0.5323132872581482,0.8169835805892944,Q3
0.5178239941596985,0.8311696648597717,Q3
0.5898828506469727,0.6829115748405457,Q2
0.687563955783844,0.47823989391326904,Q1 (lowest)
0.7267664074897766,0.37294742465019226,Q1 (lowest)
0.7385426759719849,0.3492785394191742,Q1 (lowest)
0.6945822834968567,0.45804867148399353,Q1 (lowest)
0.5152190327644348,0.8439382910728455,Q3
0.5916776061058044,0.6865482926368713,Q2
0.6649138331413269,0.5269317030906677,Q1 (lowest)
0.6840295791625977,0.4881784915924072,Q1 (lowest)
0.7240126729011536,0.4707978367805481,Q1 (lowest)
0.6098632216453552,0.6802293658256531,Q2
0.46328315138816833,0.9444308280944824,Q4 (highest)
0.5937678217887878,0.6954796314239502,Q2
0.704151451587677,0.49452412128448486,Q1 (lowest)
0.7566985487937927,0.38123464584350586,Q1 (lowest)
0.7060001492500305,0.5079329609870911,Q1 (lowest)
0.6068732738494873,0.6736854314804077,Q2
0.6124739050865173,0.7314354181289673,Q3
0.6867826581001282,0.5821005702018738,Q2
0.7167019844055176,0.5061497092247009,Q1 (lowest)
0.7454503774642944,0.4206392467021942,Q1 (lowest)
0.7716646790504456,0.31924232840538025,Q1 (lowest)
0.7855018973350525,0.24245204031467438,Q1 (lowest)
0.777673602104187,0.25169235467910767,Q1 (lowest)
0.7601457238197327,0.3065990209579468,Q1 (lowest)
0.7307266592979431,0.40411150455474854,Q1 (lowest)
0.7161746025085449,0.4868561327457428,Q1 (lowest)
0.7200726866722107,0.49692201614379883,Q1 (lowest)
0.7369575500488281,0.43351060152053833,Q1 (lowest)
0.6995334029197693,0.4457484781742096,Q1 (lowest)
0.7091166377067566,0.4204256236553192,Q1 (lowest)
0.7253366112709045,0.41545701026916504,Q1 (lowest)
0.5451669692993164,0.7772682905197144,Q3
0.5906761288642883,0.72185218334198,Q2
0.6385102272033691,0.5903103947639465,Q2
0.6947485208511353,0.5550875067710876,Q2
0.6370367407798767,0.6829115748405457,Q2
0.5240144729614258,0.854383647441864,Q4 (highest)
0.5799307227134705,0.7032240629196167,Q2
0.5699502825737,0.7235307097434998,Q2
0.4822542369365692,0.9080520272254944,Q4 (highest)
0.5443585515022278,0.7755327820777893,Q3
0.5411846041679382,0.7819930911064148,Q3
0.5976735949516296,0.6669440865516663,Q2
0.47007375955581665,0.9080520272254944,Q4 (highest)
0.48460254073143005,0.8939325213432312,Q4 (highest)
0.5138580203056335,0.8393353819847107,Q3
0.5978692770004272,0.6727228760719299,Q2
0.4776834547519684,0.9135674834251404,Q4 (highest)
0.5549620985984802,0.755378246307373,Q3
0.5182644128799438,0.8423848748207092,Q3
0.4853811264038086,0.9045772552490234,Q4 (highest)
0.5083605647087097,0.8506886959075928,Q4 (highest)
0.5114964842796326,0.8533643484115601,Q4 (highest)
0.5860125422477722,0.6949988007545471,Q2
0.4680900573730469,0.934070885181427,Q4 (highest)
0.5968637466430664,0.6686072945594788,Q2
0.634079098701477,0.6102665662765503,Q2
0.6774910092353821,0.5503990650177002,Q2
0.685100257396698,0.49611958861351013,Q1 (lowest)
0.7084383964538574,0.43455666303634644,Q1 (lowest)
0.7297570705413818,0.4026869833469391,Q1 (lowest)
0.7000269889831543,0.4538520276546478,Q1 (lowest)
0.7142497897148132,0.43455666303634644,Q1 (lowest)
0.7365785837173462,0.36085113883018494,Q1 (lowest)
0.5379797220230103,0.7919024229049683,Q3
0.5645707249641418,0.7386395931243896,Q3
0.5392040610313416,0.7902053594589233,Q3
0.606066882610321,0.6510543823242188,Q2
0.6469907164573669,0.5937894582748413,Q2
0.6017152667045593,0.6600311994552612,Q2
0.5114625692367554,0.8516849279403687,Q4 (highest)
0.5166731476783752,0.8426939845085144,Q3
0.62505704164505,0.6173816919326782,Q2
0.6819867491722107,0.5072272419929504,Q1 (lowest)
0.6252122521400452,0.6429288387298584,Q2
0.5366700887680054,0.8331627249717712,Q3
0.539617121219635,0.7893638014793396,Q3
0.51237952709198,0.8423848748207092,Q3
0.5162808299064636,0.8464655876159668,Q4 (highest)
0.48515644669532776,0.9216144680976868,Q4 (highest)
0.4506964683532715,0.9752398133277893,Q4 (highest)
0.5405752658843994,0.789994478225708,Q3
0.5715044140815735,0.770438015460968,Q3
0.473906010389328,0.9216144680976868,Q4 (highest)
0.44916000962257385,0.9752398133277893,Q4 (highest)
0.48218879103660583,0.9040120840072632,Q4 (highest)
0.5373215079307556,0.7912638187408447,Q3
0.4559393525123596,0.9603790640830994,Q4 (highest)
0.5289067625999451,0.8132243156433105,Q3
0.48857006430625916,0.8939325213432312,Q4 (highest)
0.5304959416389465,0.8071752190589905,Q3
0.5696487426757812,0.7314354181289673,Q3
0.6436850428581238,0.5821005702018738,Q2
0.5538085103034973,0.7581087946891785,Q3
0.5001594424247742,0.8724883794784546,Q4 (highest)
0.47420093417167664,0.9315419793128967,Q4 (highest)
0.4964040219783783,0.8934327960014343,Q4 (highest)
0.48715001344680786,0.8949404954910278,Q4 (highest)
0.48692208528518677,0.9045772552490234,Q4 (highest)
0.5339502692222595,0.8009184002876282,Q3
0.5056619048118591,0.8610580563545227,Q4 (highest)
0.5265911221504211,0.825637698173523,Q3
0.6366606950759888,0.6233437657356262,Q2
0.6468674540519714,0.6018978357315063,Q2
0.6168714761734009,0.6902568936347961,Q2
0.5468557476997375,0.8110164999961853,Q3
0.5104714632034302,0.8516849279403687,Q4 (highest)
0.4535861909389496,0.9669219255447388,Q4 (highest)
0.4639310836791992,0.9444308280944824,Q4 (highest)
0.5917212963104248,0.6954796314239502,Q2
0.5440607666969299,0.789994478225708,Q3
0.5994190573692322,0.6888575553894043,Q2
0.6524850726127625,0.5735582113265991,Q2
0.5705577731132507,0.7772682905197144,Q3
0.5094925165176392,0.8662428259849548,Q4 (highest)
0.5673478245735168,0.73499995470047,Q3
0.46279793977737427,0.9454799890518188,Q4 (highest)
0.5175447463989258,0.8533643484115601,Q4 (highest)
0.5299891829490662,0.8062308430671692,Q3
0.6399174332618713,0.5967468619346619,Q2
0.6688403487205505,0.5160572528839111,Q1 (lowest)
0.6927292943000793,0.47641420364379883,Q1 (lowest)
0.7245866060256958,0.3918939232826233,Q1 (lowest)
0.7040247321128845,0.4557022750377655,Q1 (lowest)
0.6243438124656677,0.6464366316795349,Q2
0.6087120175361633,0.6793437004089355,Q2
0.6948023438453674,0.4811129570007324,Q1 (lowest)
0.7622959017753601,0.3463800251483917,Q1 (lowest)
0.721327006816864,0.47209838032722473,Q1 (lowest)
0.5980509519577026,0.6695492267608643,Q2
0.5269805192947388,0.8354789614677429,Q3
0.6020159125328064,0.6762760281562805,Q2
0.7267338633537292,0.4781583845615387,Q1 (lowest)
0.7595216631889343,0.37053874135017395,Q1 (lowest)
0.7024573683738708,0.5208194851875305,Q1 (lowest)
0.6248530745506287,0.6906083822250366,Q2
0.5639064908027649,0.789994478225708,Q3
0.5801935195922852,0.763888418674469,Q3
0.6178120970726013,0.7079295516014099,Q2
0.7021037340164185,0.5315852165222168,Q1 (lowest)
0.7380298972129822,0.3771056830883026,Q1 (lowest)
0.7620502710342407,0.3463800251483917,Q1 (lowest)
0.7378079295158386,0.36433351039886475,Q1 (lowest)
0.7676612138748169,0.3372735381126404,Q1 (lowest)
0.7759706377983093,0.29820817708969116,Q1 (lowest)
0.766932487487793,0.3404226303100586,Q1 (lowest)
0.7482668161392212,0.4111931025981903,Q1 (lowest)
0.6884903311729431,0.5515028834342957,Q2
0.6134290099143982,0.6449520587921143,Q2
0.6505436897277832,0.5759721398353577,Q2
0.7287179231643677,0.43570709228515625,Q1 (lowest)
0.7035364508628845,0.47922036051750183,Q1 (lowest)
0.6321282386779785,0.6086419224739075,Q2
0.5877628326416016,0.7052440643310547,Q2
0.6298025250434875,0.6212819218635559,Q2
0.6893067955970764,0.49377498030662537,Q1 (lowest)
0.7185306549072266,0.5011643767356873,Q1 (lowest)
0.7069781422615051,0.5319027900695801,Q1 (lowest)
0.6833366751670837,0.5903103947639465,Q2
0.6484034657478333,0.5770248174667358,Q2
0.6161116361618042,0.6526823043823242,Q2
0.612315833568573,0.6515318155288696,Q2
0.5590261816978455,0.7471233010292053,Q3
0.5514761805534363,0.7610606551170349,Q3
0.4966127872467041,0.8737016320228577,Q4 (highest)
0.5651143193244934,0.7333571314811707,Q3
0.4824540615081787,0.9034509062767029,Q4 (highest)
0.5740947127342224,0.716503918170929,Q2
0.6242608428001404,0.6117478609085083,Q2
0.5783078074455261,0.7079295516014099,Q2
0.5196334719657898,0.8071752190589905,Q3
0.4431931674480438,0.9444308280944824,Q4 (highest)
0.48642560839653015,0.8876386284828186,Q4 (highest)
0.5112385153770447,0.8516849279403687,Q4 (highest)
0.5565104484558105,0.7575933337211609,Q3
0.6121258735656738,0.6509591341018677,Q2
0.5555132031440735,0.752858579158783,Q3
0.6032559275627136,0.6588365435600281,Q2
0.5199659466743469,0.8253670334815979,Q3
0.48784923553466797,0.8954487442970276,Q4 (highest)
0.49360352754592896,0.8799922466278076,Q4 (highest)
0.48801395297050476,0.9080520272254944,Q4 (highest)
0.4785693287849426,0.911685049533844,Q4 (highest)
0.5902127623558044,0.7002353072166443,Q2
0.5868087410926819,0.7136889100074768,Q2
0.6611570715904236,0.5694488883018494,Q2
0.661575436592102,0.5383585095405579,Q1 (lowest)
0.6183115839958191,0.6541300415992737,Q2
0.627598226070404,0.6061149835586548,Q2
0.5125862956047058,0.8439382910728455,Q3
0.5244225859642029,0.8162235021591187,Q3
0.6044607162475586,0.6529709696769714,Q2
0.5171432495117188,0.8311696648597717,Q3
0.626934826374054,0.6061149835586548,Q2
0.5266073942184448,0.8117485642433167,Q3
0.5328815579414368,0.8062308430671692,Q3
0.49017879366874695,0.8939325213432312,Q4 (highest)
0.5294192433357239,0.805995762348175,Q3
0.5348338484764099,0.7991153001785278,Q3
0.5279278755187988,0.8132243156433105,Q3
0.5747118592262268,0.721157431602478,Q2
0.5682806372642517,0.747445821762085,Q3
0.45849037170410156,0.9548220038414001,Q4 (highest)
0.6349835395812988,0.5996005535125732,Q2
0.6211298108100891,0.6651924848556519,Q2
0.5310305953025818,0.8162235021591187,Q3
0.5250691771507263,0.8331627249717712,Q3
0.501272976398468,0.8639907836914062,Q4 (highest)
0.5422353744506836,0.789994478225708,Q3
0.5590160489082336,0.7626451849937439,Q3
0.5419495701789856,0.784613847732544,Q3
0.49613067507743835,0.8835157752037048,Q4 (highest)
0.5080244541168213,0.8533643484115601,Q4 (highest)
0.44630464911460876,0.9888501763343811,Q4 (highest)
0.5172465443611145,0.8426939845085144,Q3
0.5010939836502075,0.8643630146980286,Q4 (highest)
0.4559393525123596,0.9603790640830994,Q4 (highest)
0.5637521743774414,0.7530254125595093,Q3
0.46766170859336853,0.9092445373535156,Q4 (highest)
0.46110478043556213,0.8919497728347778,Q4 (highest)
0.4863499701023102,0.8808614015579224,Q4 (highest)
0.49738094210624695,0.8516849279403687,Q4 (highest)
0.5612210631370544,0.747445821762085,Q3
0.5382930040359497,0.7912638187408447,Q3
0.5751615762710571,0.7513649463653564,Q3
0.6136919856071472,0.6541300415992737,Q2
0.6194912791252136,0.6259303689002991,Q2
0.515614926815033,0.8343155384063721,Q3
0.5849482417106628,0.714221715927124,Q2
0.5720095634460449,0.7386395931243896,Q3
0.5833860039710999,0.7003588676452637,Q2
0.5269451141357422,0.817237913608551,Q3
0.5099378824234009,0.8474270105361938,Q4 (highest)
0.5543050765991211,0.7724938988685608,Q3
0.6059872508049011,0.6755167245864868,Q2
0.6677697896957397,0.5515028834342957,Q2
0.6479737162590027,0.6240913271903992,Q2
0.615010678768158,0.6325039863586426,Q2
0.5760806202888489,0.7436158061027527,Q3
0.5083185434341431,0.8603366017341614,Q4 (highest)
0.5831771492958069,0.7304093241691589,Q3
0.45788413286209106,0.9561408758163452,Q4 (highest)
0.6028695106506348,0.6604310870170593,Q2
0.5574812889099121,0.7660421133041382,Q3
0.5701619982719421,0.7304093241691589,Q3
0.4594388008117676,0.9561408758163452,Q4 (highest)
0.49044010043144226,0.8939325213432312,Q4 (highest)
0.6230940222740173,0.6243410706520081,Q2
0.6153393387794495,0.6603310108184814,Q2
0.6963552832603455,0.4930724501609802,Q1 (lowest)
0.7271647453308105,0.38814452290534973,Q1 (lowest)
0.6854800581932068,0.5044280886650085,Q1 (lowest)
0.6622602343559265,0.5705962181091309,Q2
0.7058885097503662,0.5200681090354919,Q1 (lowest)
0.7498326301574707,0.40582937002182007,Q1 (lowest)
0.7761842608451843,0.29711195826530457,Q1 (lowest)
0.7231406569480896,0.40143874287605286,Q1 (lowest)
0.6714572906494141,0.5188218355178833,Q1 (lowest)
0.6445857882499695,0.5772228240966797,Q2
0.6916524767875671,0.5219770669937134,Q1 (lowest)
0.7500613331794739,0.4050389230251312,Q1 (lowest)
0.754365861415863,0.3898018002510071,Q1 (lowest)
0.6728146076202393,0.5642391443252563,Q2
0.5400456786155701,0.8162235021591187,Q3
0.5304936766624451,0.8448798656463623,Q3
0.6861017942428589,0.5837299823760986,Q2
0.7387880682945251,0.4032164514064789,Q1 (lowest)
0.7232092022895813,0.4881784915924072,Q1 (lowest)
0.7087517380714417,0.5272939205169678,Q1 (lowest)
0.7296897172927856,0.4695836305618286,Q1 (lowest)
0.7493293285369873,0.3665929436683655,Q1 (lowest)
0.7719263434410095,0.31801652908325195,Q1 (lowest)
0.732934296131134,0.4599755108356476,Q1 (lowest)
0.6124715805053711,0.6641695499420166,Q2
0.47308626770973206,0.9275433421134949,Q4 (highest)
0.6068809628486633,0.709612250328064,Q2
0.7218994498252869,0.4918488562107086,Q1 (lowest)
0.6563712358474731,0.5788136720657349,Q2
0.5182498097419739,0.8390346169471741,Q3
0.6058777570724487,0.6906083822250366,Q2
0.5969395041465759,0.7110482454299927,Q2
0.688320517539978,0.5445722341537476,Q2
0.7035725116729736,0.5269317030906677,Q1 (lowest)
0.6556841135025024,0.583525538444519,Q2
0.6996399760246277,0.5150788426399231,Q1 (lowest)
0.6287721395492554,0.6123748421669006,Q2
0.5008633732795715,0.8662428259849548,Q4 (highest)
0.5402905344963074,0.789994478225708,Q3
0.6250377893447876,0.6115132570266724,Q2
0.5683265924453735,0.7282307147979736,Q2
0.5545223951339722,0.7548712491989136,Q3
0.4880710542201996,0.8737016320228577,Q4 (highest)
0.4466000497341156,0.9842681884765625,Q4 (highest)
0.5849810838699341,0.7002353072166443,Q2
0.5048114061355591,0.8704970479011536,Q4 (highest)
0.5069280862808228,0.8639907836914062,Q4 (highest)
0.49728354811668396,0.8737016320228577,Q4 (highest)
0.5351535677909851,0.80046546459198,Q3
0.5424818992614746,0.78666090965271,Q3
0.4876287877559662,0.8939325213432312,Q4 (highest)
0.46666213870048523,0.9385421276092529,Q4 (highest)
0.5354799032211304,0.7936190962791443,Q3
0.4819217622280121,0.9045772552490234,Q4 (highest)
0.6316519379615784,0.6300883889198303,Q2
0.6145219206809998,0.6625440716743469,Q2
0.4883304536342621,0.9045772552490234,Q4 (highest)
0.5645052194595337,0.752858579158783,Q3
0.6777178645133972,0.5210705995559692,Q1 (lowest)
0.5941606163978577,0.6980251669883728,Q2
0.5266073942184448,0.8117485642433167,Q3
0.5089965462684631,0.8493732810020447,Q4 (highest)
0.5356268286705017,0.8071752190589905,Q3
0.5293397307395935,0.8149659633636475,Q3
0.6120667457580566,0.6577479243278503,Q2
0.4910459518432617,0.8895301222801208,Q4 (highest)
0.5437156558036804,0.7782409191131592,Q3
0.5930671095848083,0.6825742125511169,Q2
0.48720112442970276,0.8934327960014343,Q4 (highest)
0.5443176031112671,0.8009184002876282,Q3
0.5129998326301575,0.8464655876159668,Q4 (highest)
0.5502678751945496,0.7696968913078308,Q3
0.5060493350028992,0.8628818988800049,Q4 (highest)
0.5946564674377441,0.6798967123031616,Q2
0.5466825366020203,0.7796127796173096,Q3
0.5024798512458801,0.8628818988800049,Q4 (highest)
0.48470839858055115,0.9092445373535156,Q4 (highest)
0.5659984946250916,0.7487420439720154,Q3
0.59772789478302,0.6825742125511169,Q2
0.5002846717834473,0.8770081996917725,Q4 (highest)
0.5423806309700012,0.7868671417236328,Q3
0.5851510167121887,0.7236713171005249,Q2
0.5214294195175171,0.8311696648597717,Q3
0.530195415019989,0.825637698173523,Q3
0.4735487997531891,0.9237772822380066,Q4 (highest)
0.5747248530387878,0.7138218879699707,Q2
0.5654595494270325,0.7495572566986084,Q3
0.5402213335037231,0.7912638187408447,Q3
0.4988104999065399,0.8732956051826477,Q4 (highest)
0.47885438799858093,0.9651642441749573,Q4 (highest)
0.48028135299682617,0.9080520272254944,Q4 (highest)
0.46807804703712463,0.9414055943489075,Q4 (highest)
0.49318838119506836,0.8808614015579224,Q4 (highest)
0.4529467523097992,0.9669219255447388,Q4 (highest)
0.5216123461723328,0.8253670334815979,Q3
0.4725489318370819,0.924513578414917,Q4 (highest)
0.49471399188041687,0.8639907836914062,Q4 (highest)
0.574974536895752,0.703349769115448,Q2
0.5629372000694275,0.7280863523483276,Q2
0.5931307673454285,0.6934443712234497,Q2
0.5449245572090149,0.7879023551940918,Q3
0.5477415919303894,0.7796127796173096,Q3
0.597908079624176,0.7214349508285522,Q2
0.5647580027580261,0.7450419664382935,Q3
0.5018153190612793,0.8808614015579224,Q4 (highest)
0.526427686214447,0.825637698173523,Q3
0.47455283999443054,0.9275433421134949,Q4 (highest)
0.641909122467041,0.6449520587921143,Q2
0.708480179309845,0.4457484781742096,Q1 (lowest)
0.7051252722740173,0.44371289014816284,Q1 (lowest)
0.6387988924980164,0.6300883889198303,Q2
0.5068938136100769,0.8628818988800049,Q4 (highest)
0.6491362452507019,0.6428372859954834,Q2
0.5227085947990417,0.8354789614677429,Q3
0.522580623626709,0.8261805176734924,Q3
0.4878663122653961,0.8934327960014343,Q4 (highest)
0.5374590754508972,0.7968922853469849,Q3
0.5733100771903992,0.7305554747581482,Q3
0.6489015817642212,0.5590375065803528,Q2
0.5807011723518372,0.7089632749557495,Q2
0.5337976813316345,0.8043607473373413,Q3
0.49192148447036743,0.8835157752037048,Q4 (highest)
0.47447648644447327,0.9237772822380066,Q4 (highest)
0.49738627672195435,0.8720870614051819,Q4 (highest)
0.5479162335395813,0.7696968913078308,Q3
0.6607663035392761,0.5328583121299744,Q1 (lowest)
0.732510507106781,0.36827701330184937,Q1 (lowest)
0.7319344878196716,0.36422014236450195,Q1 (lowest)
0.7531449198722839,0.3941957354545593,Q1 (lowest)
0.7592098116874695,0.3717392086982727,Q1 (lowest)
0.7734243869781494,0.3108757734298706,Q1 (lowest)
0.7591115832328796,0.330425888299942,Q1 (lowest)
0.6256916522979736,0.6412887573242188,Q2
0.5793313384056091,0.7363558411598206,Q3
0.669452965259552,0.5983517169952393,Q2
0.7422208786010742,0.431177020072937,Q1 (lowest)
0.7620872259140015,0.3604732155799866,Q1 (lowest)
0.7190276980400085,0.4998009204864502,Q1 (lowest)
0.6602962017059326,0.6432034969329834,Q2
0.5799528956413269,0.7555475234985352,Q3
0.6131076216697693,0.6628477573394775,Q2
0.7126273512840271,0.5170896649360657,Q1 (lowest)
0.7252224087715149,0.48248156905174255,Q1 (lowest)
0.6461939811706543,0.6619380116462708,Q2
0.5822500586509705,0.7624684572219849,Q3
0.6724850535392761,0.6156190037727356,Q2
0.7146524786949158,0.4408164620399475,Q1 (lowest)
0.7731285095214844,0.3088476061820984,Q1 (lowest)
0.7282741665840149,0.43570709228515625,Q1 (lowest)
0.6287080645561218,0.6037696599960327,Q2
0.5757579207420349,0.7374178767204285,Q3
0.6572592854499817,0.6360066533088684,Q2
0.731686532497406,0.4636957347393036,Q1 (lowest)
0.6813899874687195,0.563991367816925,Q2
0.5371538996696472,0.7902053594589233,Q3
0.5127393007278442,0.8402424454689026,Q3
0.5179634094238281,0.8430038690567017,Q3
0.6571112275123596,0.5878612399101257,Q2
0.5980581641197205,0.6796753406524658,Q2
0.5125862956047058,0.8439382910728455,Q3
0.6017217040061951,0.677913248538971,Q2
0.5909935832023621,0.6941602230072021,Q2
0.49062052369117737,0.8862445950508118,Q4 (highest)
0.4578566253185272,0.9603790640830994,Q4 (highest)
0.44081661105155945,0.9454799890518188,Q4 (highest)
0.4265577495098114,0.9454799890518188,Q4 (highest)
0.4230829179286957,0.9669219255447388,Q4 (highest)
0.44529104232788086,0.9454799890518188,Q4 (highest)
0.5177629590034485,0.8599777817726135,Q4 (highest)
0.6542569994926453,0.6162582635879517,Q2
0.5847271680831909,0.6934443712234497,Q2
0.5037053227424622,0.8603366017341614,Q4 (highest)
0.5230529308319092,0.819031298160553,Q3
0.4725360870361328,0.9307215809822083,Q4 (highest)
0.5302190184593201,0.8043607473373413,Q3
0.5931305289268494,0.6830241680145264,Q2
0.5960976481437683,0.6701797246932983,Q2
0.6224753856658936,0.6168993711471558,Q2
0.5640113949775696,0.7423580884933472,Q3
0.5900478363037109,0.6825742125511169,Q2
0.47896575927734375,0.9181523323059082,Q4 (highest)
0.4828507602214813,0.9040120840072632,Q4 (highest)
0.5389158725738525,0.789994478225708,Q3
0.586383044719696,0.6934443712234497,Q2
0.5620136260986328,0.7502123713493347,Q3
0.5132659077644348,0.8939325213432312,Q4 (highest)
0.5111708641052246,0.8448798656463623,Q3
0.7191018462181091,0.46648353338241577,Q1 (lowest)
0.6083763241767883,0.6753004193305969,Q2
0.44916000962257385,0.9752398133277893,Q4 (highest)
0.49919795989990234,0.8724883794784546,Q4 (highest)
0.5816105604171753,0.7039790153503418,Q2
0.5769402980804443,0.7363558411598206,Q3
0.6848527193069458,0.5147375464439392,Q1 (lowest)
0.5059131979942322,0.8557568192481995,Q4 (highest)
0.5771123766899109,0.7089632749557495,Q2
0.48989325761795044,0.8919497728347778,Q4 (highest)
0.5117011070251465,0.8423848748207092,Q3
0.5768573880195618,0.7094823122024536,Q2
0.5080244541168213,0.8533643484115601,Q4 (highest)
0.6026414036750793,0.6899060606956482,Q2
0.4594388008117676,0.9561408758163452,Q4 (highest)
0.5654065012931824,0.7327635288238525,Q3
0.5880479216575623,0.6866630911827087,Q2
0.5114625692367554,0.8516849279403687,Q4 (highest)
0.5297631621360779,0.8052927851676941,Q3
0.5553681254386902,0.7637102603912354,Q3
0.4745621383190155,0.9216144680976868,Q4 (highest)
0.5609858632087708,0.7431430220603943,Q3
0.5981029868125916,0.6674622893333435,Q2
0.45658132433891296,0.9603790640830994,Q4 (highest)
0.47924232482910156,0.9237772822380066,Q4 (highest)
0.536999523639679,0.8117485642433167,Q3
0.5724042057991028,0.7290988564491272,Q3
0.6092695593833923,0.6708123683929443,Q2
0.5062991976737976,0.877429187297821,Q4 (highest)
0.5228453874588013,0.825637698173523,Q3
0.46020713448524475,0.9510926604270935,Q4 (highest)
0.4829200804233551,0.9086459875106812,Q4 (highest)
0.572605550289154,0.718132495880127,Q2
0.48696374893188477,0.8939325213432312,Q4 (highest)
0.49824103713035583,0.8808614015579224,Q4 (highest)
0.5562652945518494,0.7622917890548706,Q3
0.4970303475856781,0.8770081996917725,Q4 (highest)
0.46020713448524475,0.9510926604270935,Q4 (highest)
0.46328315138816833,0.9444308280944824,Q4 (highest)
0.4652183949947357,0.9444308280944824,Q4 (highest)
0.5855033993721008,0.7190894484519958,Q2
0.4697387218475342,0.936711847782135,Q4 (highest)
0.5294192433357239,0.805995762348175,Q3
0.47447648644447327,0.9237772822380066,Q4 (highest)
0.5050620436668396,0.8628818988800049,Q4 (highest)
0.5299492478370667,0.8137197494506836,Q3
0.4966127872467041,0.8737016320228577,Q4 (highest)
0.5266073942184448,0.8117485642433167,Q3
0.5541519522666931,0.7665850520133972,Q3
0.5453910827636719,0.7796127796173096,Q3
0.46004626154899597,0.9548220038414001,Q4 (highest)
0.5585350394248962,0.7540296912193298,Q3
0.5294586420059204,0.8132243156433105,Q3
0.5260912179946899,0.8169835805892944,Q3
0.48711395263671875,0.9045772552490234,Q4 (highest)
0.5977351665496826,0.7136889100074768,Q2
0.6658264994621277,0.5759721398353577,Q2
0.7100337147712708,0.43587201833724976,Q1 (lowest)
0.6651611328125,0.5725231170654297,Q2
0.6024840474128723,0.6930875778198242,Q2
0.6788939237594604,0.5526713132858276,Q2
0.5550180673599243,0.7743863463401794,Q3
0.5449030995368958,0.8117485642433167,Q3
0.4832398593425751,0.9017894268035889,Q4 (highest)
0.49728354811668396,0.8737016320228577,Q4 (highest)
0.4529467523097992,0.9669219255447388,Q4 (highest)
0.5831745266914368,0.7101330757141113,Q2
0.5841972231864929,0.7062625288963318,Q2
0.5966209769248962,0.677913248538971,Q2
0.5032833814620972,0.8639907836914062,Q4 (highest)
0.5595769882202148,0.7513649463653564,Q3
0.5059001445770264,0.854383647441864,Q4 (highest)
0.5897176265716553,0.6832495331764221,Q2
0.5537693500518799,0.7637102603912354,Q3
0.581919252872467,0.703349769115448,Q2
0.679859459400177,0.49259090423583984,Q1 (lowest)
0.7372412085533142,0.3417581617832184,Q1 (lowest)
0.7771744132041931,0.2570294439792633,Q1 (lowest)
0.7807367444038391,0.2723020315170288,Q1 (lowest)
0.7826405763626099,0.26094570755958557,Q1 (lowest)
0.7861908674240112,0.23769287765026093,Q1 (lowest)
0.7661099433898926,0.34393244981765747,Q1 (lowest)
0.7129215598106384,0.4973691701889038,Q1 (lowest)
0.5736285448074341,0.7174521684646606,Q2
0.6281363368034363,0.6568616628646851,Q2
0.7346304655075073,0.4548657536506653,Q1 (lowest)
0.7726746201515198,0.31447669863700867,Q1 (lowest)
0.7555291652679443,0.38555842638015747,Q1 (lowest)
0.7291533350944519,0.4711517095565796,Q1 (lowest)
0.6895797252655029,0.5306355357170105,Q1 (lowest)
0.664497435092926,0.5437850952148438,Q2
0.7273390889167786,0.47384557127952576,Q1 (lowest)
0.7521166801452637,0.3978506922721863,Q1 (lowest)
0.7133093476295471,0.515274167060852,Q1 (lowest)
0.5662528276443481,0.7445651888847351,Q3
0.4755910038948059,0.9315419793128967,Q4 (highest)
0.6528759002685547,0.6596322059631348,Q2
0.7334904074668884,0.4583069682121277,Q1 (lowest)
0.7689018249511719,0.3172331154346466,Q1 (lowest)
0.7591511607170105,0.3587052524089813,Q1 (lowest)
0.7208992838859558,0.45632290840148926,Q1 (lowest)
0.7153241038322449,0.5098745822906494,Q1 (lowest)
0.7214837670326233,0.4713485836982727,Q1 (lowest)
0.7384013533592224,0.3823062777519226,Q1 (lowest)
0.49938106536865234,0.8741092085838318,Q4 (highest)
0.6033369898796082,0.6926127672195435,Q2
0.5262412428855896,0.8198072910308838,Q3
0.5461292862892151,0.7719305753707886,Q3
0.6127328872680664,0.6690253615379333,Q2
0.5099542737007141,0.8493732810020447,Q4 (highest)
0.5830186009407043,0.6969299912452698,Q2
0.6151242852210999,0.6342476010322571,Q2
0.5558735728263855,0.7535267472267151,Q3
0.5654065012931824,0.7327635288238525,Q3
0.5567351579666138,0.7503765225410461,Q3
0.44798728823661804,0.9778246283531189,Q4 (highest)
0.5063920021057129,0.8533643484115601,Q4 (highest)
0.47113296389579773,0.9275433421134949,Q4 (highest)
0.5735450983047485,0.7235307097434998,Q2
0.5595962405204773,0.7445651888847351,Q3
0.5308864116668701,0.8071752190589905,Q3
0.46523743867874146,0.9181523323059082,Q4 (highest)
0.43728265166282654,0.9548220038414001,Q4 (highest)
0.5109785199165344,0.8610580563545227,Q4 (highest)
0.5947396755218506,0.7014747262001038,Q2
0.5799736976623535,0.7581087946891785,Q3
0.664845883846283,0.5845495462417603,Q2
0.6752408146858215,0.5061497092247009,Q1 (lowest)
0.6625588536262512,0.5491282343864441,Q2
0.6848461031913757,0.5158611536026001,Q1 (lowest)
0.6357159614562988,0.6328514814376831,Q2
0.6377816200256348,0.6085648536682129,Q2
0.640937089920044,0.5850977897644043,Q2
0.5742567181587219,0.7189524173736572,Q2
0.4966127872467041,0.8737016320228577,Q4 (highest)
0.5138580203056335,0.8393353819847107,Q3
0.48499202728271484,0.9086459875106812,Q4 (highest)
0.48611980676651,0.8990909457206726,Q4 (highest)
0.5530980825424194,0.757764995098114,Q3
0.5208101272583008,0.8547254204750061,Q4 (highest)
0.4942638576030731,0.8949404954910278,Q4 (highest)
0.5157381296157837,0.8402424454689026,Q3
0.6395230293273926,0.5827100872993469,Q2
0.5744627118110657,0.7143551111221313,Q2
0.6250377893447876,0.6115132570266724,Q2
0.6572272777557373,0.5786141753196716,Q2
0.5485256314277649,0.770438015460968,Q3
0.5596432089805603,0.7624684572219849,Q3
0.6257257461547852,0.6698641777038574,Q2
0.625973105430603,0.6517231464385986,Q2
0.5686215758323669,0.7304093241691589,Q3
0.5343839526176453,0.805995762348175,Q3
0.5965611338615417,0.7256515622138977,Q2
0.6339285373687744,0.6061149835586548,Q2
0.5585560202598572,0.752858579158783,Q3
0.6070708632469177,0.6509591341018677,Q2
0.6604624390602112,0.5590375065803528,Q2
0.5843161940574646,0.7052440643310547,Q2
0.5484163165092468,0.7782409191131592,Q3
0.539416491985321,0.7991153001785278,Q3
0.5569378137588501,0.7513649463653564,Q3
0.5244225859642029,0.8162235021591187,Q3
0.5761896371841431,0.714221715927124,Q2
0.5319199562072754,0.8022855520248413,Q3
0.48639774322509766,0.9086459875106812,Q4 (highest)
0.5583367347717285,0.7471233010292053,Q3
0.5535195469856262,0.756908655166626,Q3
0.6343023777008057,0.597256064414978,Q2
0.5564091801643372,0.7755327820777893,Q3
0.46527454257011414,0.9510926604270935,Q4 (highest)
0.6011332869529724,0.6736854314804077,Q2
0.4688858091831207,0.9385421276092529,Q4 (highest)
0.5503475069999695,0.7633544206619263,Q3
0.6179664731025696,0.6311200261116028,Q2
0.5484727025032043,0.7854294180870056,Q3
0.543635368347168,0.7979995608329773,Q3
0.492950439453125,0.8996238112449646,Q4 (highest)
0.5080244541168213,0.8533643484115601,Q4 (highest)
0.521520733833313,0.8451953530311584,Q3
0.5272539258003235,0.8221619725227356,Q3
0.4832398593425751,0.9017894268035889,Q4 (highest)
0.5066823959350586,0.8799922466278076,Q4 (highest)
0.5170795321464539,0.8354789614677429,Q3
0.45849037170410156,0.9548220038414001,Q4 (highest)
0.46926766633987427,0.9315419793128967,Q4 (highest)
0.5338061451911926,0.8071752190589905,Q3
0.5048324465751648,0.8599777817726135,Q4 (highest)
0.4925590455532074,0.8821795582771301,Q4 (highest)
0.5170795321464539,0.8354789614677429,Q3
0.47834229469299316,0.9135674834251404,Q4 (highest)
0.466251939535141,0.9414055943489075,Q4 (highest)
0.49107933044433594,0.9045772552490234,Q4 (highest)
0.5884446501731873,0.6926127672195435,Q2
0.5201190114021301,0.8264527916908264,Q3
0.48426491022109985,0.8996238112449646,Q4 (highest)
0.5553358793258667,0.7680419087409973,Q3
0.48822852969169617,0.8954487442970276,Q4 (highest)
0.5309501886367798,0.8221619725227356,Q3
0.49518558382987976,0.8808614015579224,Q4 (highest)
0.5055144429206848,0.8639907836914062,Q4 (highest)
0.5134262442588806,0.8430038690567017,Q3
0.4590786099433899,0.9535431861877441,Q4 (highest)
0.5235958695411682,0.8267256021499634,Q3
0.47400590777397156,0.9315419793128967,Q4 (highest)
0.5925898551940918,0.7190894484519958,Q2
0.6836090087890625,0.5008909702301025,Q1 (lowest)
0.6940149068832397,0.4552654027938843,Q1 (lowest)
0.7006054520606995,0.4450560510158539,Q1 (lowest)
0.6859504580497742,0.5168925523757935,Q1 (lowest)
0.6678780913352966,0.5482663512229919,Q2
0.5927121043205261,0.6888575553894043,Q2
0.5767291188240051,0.716503918170929,Q2
0.5689144730567932,0.7555475234985352,Q3
0.5171162486076355,0.8346053957939148,Q3
0.4742277264595032,0.9223278760910034,Q4 (highest)
0.5283388495445251,0.8149659633636475,Q3
0.5809899568557739,0.7052440643310547,Q2
0.6216322779655457,0.6214460730552673,Q2
0.5943694710731506,0.7110482454299927,Q2
0.574096143245697,0.7224099636077881,Q2
0.7566279768943787,0.3460516929626465,Q1 (lowest)
0.7802144885063171,0.2753048539161682,Q1 (lowest)
0.7758072018623352,0.258944571018219,Q1 (lowest)
0.7720014452934265,0.24555091559886932,Q1 (lowest)
0.7706193327903748,0.27562716603279114,Q1 (lowest)
0.7723166346549988,0.3161769211292267,Q1 (lowest)
0.7394876480102539,0.43987151980400085,Q1 (lowest)
0.6858484148979187,0.5798811316490173,Q2
0.6425288915634155,0.6443060040473938,Q2
0.6990336775779724,0.5472936630249023,Q2
0.7332833409309387,0.4071919918060303,Q1 (lowest)
0.7773820161819458,0.2908629775047302,Q1 (lowest)
0.7785363793373108,0.2846626341342926,Q1 (lowest)
0.768645703792572,0.3329576551914215,Q1 (lowest)
0.7599623799324036,0.3688340485095978,Q1 (lowest)
0.7580567598342896,0.376135915517807,Q1 (lowest)
0.7662481665611267,0.3433460295200348,Q1 (lowest)
0.7695450186729431,0.3289504647254944,Q1 (lowest)
0.733281135559082,0.4589357376098633,Q1 (lowest)
0.6752765774726868,0.6091820597648621,Q2
0.6438619494438171,0.6715531349182129,Q2
0.696509063243866,0.5556811094284058,Q2
0.7397825717926025,0.4075341820716858,Q1 (lowest)
0.7286455631256104,0.3675138056278229,Q1 (lowest)
0.7128831744194031,0.4524843990802765,Q1 (lowest)
0.6339586973190308,0.591227650642395,Q2
0.6208414435386658,0.6412887573242188,Q2
0.6630458235740662,0.5345144867897034,Q1 (lowest)
0.6174113750457764,0.6260983943939209,Q2
0.6438454389572144,0.6025696992874146,Q2
0.6455067992210388,0.5664198994636536,Q2
0.5537044405937195,0.7674940228462219,Q3
0.5349435806274414,0.7988914847373962,Q3
0.6070248484611511,0.6510543823242188,Q2
0.5035980939865112,0.8821795582771301,Q4 (highest)
0.5713360905647278,0.7240937948226929,Q2
0.46874186396598816,0.934070885181427,Q4 (highest)
0.47515612840652466,0.9223278760910034,Q4 (highest)
0.583459198474884,0.7279422283172607,Q2
0.5233446955680847,0.8557568192481995,Q4 (highest)
0.546491265296936,0.7968922853469849,Q3
0.5230529308319092,0.819031298160553,Q3
0.59601229429245,0.7110482454299927,Q2
0.5628980994224548,0.7550399899482727,Q3
0.5501840710639954,0.7724938988685608,Q3
0.45209747552871704,0.9687837958335876,Q4 (highest)
0.5992287397384644,0.6922574043273926,Q2
0.6886391639709473,0.5194689035415649,Q1 (lowest)
0.6952697038650513,0.5294283628463745,Q1 (lowest)
0.612858772277832,0.6369808316230774,Q2
0.5951935648918152,0.6793437004089355,Q2
0.6587899327278137,0.5445722341537476,Q2
0.679513156414032,0.5550875067710876,Q2
0.6095611453056335,0.677584707736969,Q2
0.5421111583709717,0.7868671417236328,Q3
0.5140493512153625,0.837540864944458,Q3
0.46279793977737427,0.9454799890518188,Q4 (highest)
0.44798728823661804,0.9778246283531189,Q4 (highest)
0.6225938200950623,0.6391230821609497,Q2
0.694039523601532,0.5068517327308655,Q1 (lowest)
0.7315118908882141,0.36843928694725037,Q1 (lowest)
0.5848284959793091,0.6974158883094788,Q2
0.6554922461509705,0.5445722341537476,Q2
0.583869457244873,0.6993726491928101,Q2
0.547163188457489,0.7740060687065125,Q3
0.4884701669216156,0.8949404954910278,Q4 (highest)
0.5168551802635193,0.8331627249717712,Q3
0.5375667214393616,0.7893638014793396,Q3
0.5689635276794434,0.7269363403320312,Q2
0.5059650540351868,0.8677703142166138,Q4 (highest)
0.5488901734352112,0.7696968913078308,Q3
0.4921812117099762,0.8939325213432312,Q4 (highest)
0.5682289004325867,0.7304093241691589,Q3
0.6222524642944336,0.6600311994552612,Q2
0.46020713448524475,0.9510926604270935,Q4 (highest)
0.6016233563423157,0.72185218334198,Q2
0.5247127413749695,0.8198072910308838,Q3
0.5138580203056335,0.8393353819847107,Q3
0.5954282879829407,0.6715531349182129,Q2
0.5083196759223938,0.8493732810020447,Q4 (highest)
0.5919736623764038,0.6820132732391357,Q2
0.5412983298301697,0.7919024229049683,Q3
0.4813138544559479,0.9092445373535156,Q4 (highest)
0.5472275614738464,0.7696968913078308,Q3
0.5918571352958679,0.6906083822250366,Q2
0.5019462704658508,0.8639907836914062,Q4 (highest)
0.5755327343940735,0.7394076585769653,Q3
0.5131790041923523,0.8393353819847107,Q3
0.5587878227233887,0.7476072907447815,Q3
0.6175180673599243,0.646157443523407,Q2
0.6055365800857544,0.6541300415992737,Q2
0.5783762335777283,0.7063902020454407,Q2
0.5022473931312561,0.8737016320228577,Q4 (highest)
0.5081931352615356,0.868930459022522,Q4 (highest)
0.46473202109336853,0.9454799890518188,Q4 (highest)
0.469650000333786,0.9307215809822083,Q4 (highest)
0.4643622934818268,0.9454799890518188,Q4 (highest)
0.5699348449707031,0.7374178767204285,Q3
0.5038899183273315,0.8585532903671265,Q4 (highest)
0.4997708797454834,0.8704970479011536,Q4 (highest)
0.45273610949516296,0.9687837958335876,Q4 (highest)
0.5140493512153625,0.837540864944458,Q3
0.46279793977737427,0.9454799890518188,Q4 (highest)
0.5316252112388611,0.8132243156433105,Q3
0.4506964683532715,0.9752398133277893,Q4 (highest)
0.5010809898376465,0.8677703142166138,Q4 (highest)
0.4606356620788574,0.9535431861877441,Q4 (highest)
0.5381926894187927,0.8286513686180115,Q3
0.5831969380378723,0.6965662837028503,Q2
0.5265704989433289,0.8132243156433105,Q3
0.5936238765716553,0.6820132732391357,Q2
0.6266799569129944,0.6524901390075684,Q2
0.49283286929130554,0.8857843279838562,Q4 (highest)
0.4833558201789856,0.911685049533844,Q4 (highest)
0.48053857684135437,0.911685049533844,Q4 (highest)
0.46279793977737427,0.9454799890518188,Q4 (highest)
0.4743903577327728,0.9307215809822083,Q4 (highest)
0.5218693017959595,0.825637698173523,Q3
0.5026837587356567,0.8610580563545227,Q4 (highest)
0.5367298126220703,0.8221619725227356,Q3
0.5933408737182617,0.6820132732391357,Q2
0.634448230266571,0.5943630933761597,Q2
0.6553096175193787,0.551736056804657,Q2
0.6813876628875732,0.5263122916221619,Q1 (lowest)
0.6322519183158875,0.6280410289764404,Q2
0.46666213870048523,0.9385421276092529,Q4 (highest)
0.5117484331130981,0.8464655876159668,Q4 (highest)
0.5861901640892029,0.7039790153503418,Q2
0.5534994006156921,0.7637102603912354,Q3
0.5441160202026367,0.7802044153213501,Q3
0.5579209327697754,0.7581087946891785,Q3
0.4763199985027313,0.9237772822380066,Q4 (highest)
0.46328315138816833,0.9444308280944824,Q4 (highest)
0.5695798397064209,0.7445651888847351,Q3
0.4832398593425751,0.9017894268035889,Q4 (highest)
0.6026763916015625,0.6600311994552612,Q2
0.46020713448524475,0.9510926604270935,Q4 (highest)
0.47733640670776367,0.9216144680976868,Q4 (highest)
0.5632649660110474,0.7371137142181396,Q3
0.6543059945106506,0.5802158713340759,Q2
0.7471373081207275,0.41501152515411377,Q1 (lowest)
0.7519320249557495,0.39850303530693054,Q1 (lowest)
0.7424967885017395,0.36636340618133545,Q1 (lowest)
0.7570801973342896,0.3388410806655884,Q1 (lowest)
0.7415884137153625,0.39558497071266174,Q1 (lowest)
0.7439900636672974,0.403719425201416,Q1 (lowest)
0.7528765797615051,0.35730311274528503,Q1 (lowest)
0.7413434982299805,0.4188157916069031,Q1 (lowest)
0.713101863861084,0.445505827665329,Q1 (lowest)
0.7444857954978943,0.4034677743911743,Q1 (lowest)
0.7553225755691528,0.32434436678886414,Q1 (lowest)
0.7851123213768005,0.24436870217323303,Q1 (lowest)
0.7902900576591492,0.20603081583976746,Q1 (lowest)
0.7866400480270386,0.23451587557792664,Q1 (lowest)
0.7835132479667664,0.25550320744514465,Q1 (lowest)
0.7827985286712646,0.25997209548950195,Q1 (lowest)
0.7854242920875549,0.24298006296157837,Q1 (lowest)
0.7803059220314026,0.2747825086116791,Q1 (lowest)
0.7554930448532104,0.3617435097694397,Q1 (lowest)
0.7375054359436035,0.4402759373188019,Q1 (lowest)
0.7311984896659851,0.4651421308517456,Q1 (lowest)
0.7246688008308411,0.4548657536506653,Q1 (lowest)
0.673916757106781,0.5044280886650085,Q1 (lowest)
0.6862742304801941,0.5311097502708435,Q1 (lowest)
0.6719555258750916,0.5142995119094849,Q1 (lowest)
0.5632015466690063,0.7414208650588989,Q3
0.4832398593425751,0.9017894268035889,Q4 (highest)
0.6153833270072937,0.6412887573242188,Q2
0.6226058602333069,0.619403600692749,Q2
0.5420631170272827,0.7802044153213501,Q3
0.5430276989936829,0.7782409191131592,Q3
0.6016797423362732,0.6648849844932556,Q2
0.4925590455532074,0.8821795582771301,Q4 (highest)
0.4675128161907196,0.936711847782135,Q4 (highest)
0.5197290778160095,0.8331627249717712,Q3
0.5048324465751648,0.8599777817726135,Q4 (highest)
0.539219856262207,0.8132243156433105,Q3
0.530515730381012,0.8399393558502197,Q3
0.5269805192947388,0.8354789614677429,Q3
0.600384533405304,0.7124958634376526,Q2
0.4683697819709778,0.9444308280944824,Q4 (highest)
0.5000724196434021,0.8857843279838562,Q4 (highest)
0.5263545513153076,0.8474270105361938,Q4 (highest)
0.5194093585014343,0.8533643484115601,Q4 (highest)
0.580413281917572,0.7110482454299927,Q2
0.5261883735656738,0.8083644509315491,Q3
0.5419157147407532,0.7624684572219849,Q3
0.4510597288608551,0.9752398133277893,Q4 (highest)
0.4832398593425751,0.9017894268035889,Q4 (highest)
0.6117381453514099,0.6412887573242188,Q2
0.64227694272995,0.6085648536682129,Q2
0.4819734990596771,0.9086459875106812,Q4 (highest)
0.6188986897468567,0.6335483193397522,Q2
0.5613872408866882,0.7581087946891785,Q3
0.48028135299682617,0.9080520272254944,Q4 (highest)
0.5162949562072754,0.8343155384063721,Q3
0.4906235337257385,0.8876386284828186,Q4 (highest)
0.46020713448524475,0.9510926604270935,Q4 (highest)
0.531463623046875,0.805995762348175,Q3
0.6742550730705261,0.6016743779182434,Q2
0.635847270488739,0.6064957976341248,Q2
0.5550180673599243,0.7743863463401794,Q3
0.49497729539871216,0.8909742832183838,Q4 (highest)
0.5833641290664673,0.7110482454299927,Q2
0.5293043255805969,0.8062308430671692,Q3
0.5001906752586365,0.8662428259849548,Q4 (highest)
0.6273306608200073,0.6052796840667725,Q2
0.6058358550071716,0.6515318155288696,Q2
0.5595962405204773,0.7445651888847351,Q3
0.4967532157897949,0.8839653134346008,Q4 (highest)
0.5341127514839172,0.7997888326644897,Q3
0.5778002142906189,0.7089632749557495,Q2
0.6485546827316284,0.5766952633857727,Q2
0.5810831189155579,0.721157431602478,Q2
0.4956014156341553,0.8799922466278076,Q4 (highest)
0.6038233637809753,0.6556862592697144,Q2
0.522674560546875,0.8198072910308838,Q3
0.5865095257759094,0.6965662837028503,Q2
0.6193997263908386,0.6233437657356262,Q2
0.5198341608047485,0.825637698173523,Q3
0.5744627118110657,0.7143551111221313,Q2
0.5688929557800293,0.7270797491073608,Q2
0.5360604524612427,0.7938351631164551,Q3
0.5074514150619507,0.8599777817726135,Q4 (highest)
0.5380865335464478,0.7944848537445068,Q3
0.562905490398407,0.7513649463653564,Q3
0.6027176976203918,0.6627464294433594,Q2
0.49360352754592896,0.8799922466278076,Q4 (highest)
0.6406536102294922,0.5878612399101257,Q2
0.5985261797904968,0.6651924848556519,Q2
0.4941736161708832,0.8821795582771301,Q4 (highest)
0.5306016206741333,0.8137197494506836,Q3
0.5493799448013306,0.7653210759162903,Q3
0.47851428389549255,0.9275433421134949,Q4 (highest)
0.5872552990913391,0.7394076585769653,Q3
0.4763199985027313,0.9237772822380066,Q4 (highest)
0.4945550858974457,0.8821795582771301,Q4 (highest)
0.578403651714325,0.721157431602478,Q2
0.47927483916282654,0.9135674834251404,Q4 (highest)
0.5117011070251465,0.8423848748207092,Q3
0.4495212733745575,0.9778246283531189,Q4 (highest)
0.4764682352542877,0.9161525368690491,Q4 (highest)
0.5038781762123108,0.8599777817726135,Q4 (highest)
0.5107006430625916,0.8554120063781738,Q4 (highest)
0.5176460146903992,0.8464655876159668,Q4 (highest)
0.4908399283885956,0.8857843279838562,Q4 (highest)
0.5327867269515991,0.7991153001785278,Q3
0.4668620228767395,0.936711847782135,Q4 (highest)
0.4543895721435547,0.9651642441749573,Q4 (highest)
0.4529467523097992,0.9669219255447388,Q4 (highest)
0.4622982442378998,0.8799922466278076,Q4 (highest)
0.4871961176395416,0.8996238112449646,Q4 (highest)
0.5168551802635193,0.8331627249717712,Q3
0.538079559803009,0.7883185148239136,Q3
0.5183059573173523,0.8393353819847107,Q3
0.5892741084098816,0.747445821762085,Q3
0.4846281111240387,0.9181523323059082,Q4 (highest)
0.530421257019043,0.8081257939338684,Q3
0.45374950766563416,0.9651642441749573,Q4 (highest)
0.5671709179878235,0.7333571314811707,Q3
0.515614926815033,0.8343155384063721,Q3
0.5250914692878723,0.819031298160553,Q3
0.5061788558959961,0.8643630146980286,Q4 (highest)
0.491507351398468,0.8857843279838562,Q4 (highest)
0.5934025049209595,0.7269363403320312,Q2
0.5812245607376099,0.73499995470047,Q3
0.47376561164855957,0.9307215809822083,Q4 (highest)
0.6150557994842529,0.6515318155288696,Q2
0.5798207521438599,0.7279422283172607,Q2
0.5688620805740356,0.7535267472267151,Q3
0.5395808219909668,0.7991153001785278,Q3
0.5038781762123108,0.8599777817726135,Q4 (highest)
0.5711243152618408,0.73499995470047,Q3
0.5045645833015442,0.8585532903671265,Q4 (highest)
0.47765102982521057,0.9237772822380066,Q4 (highest)
0.6031917333602905,0.6555886268615723,Q2
0.5856860280036926,0.7032240629196167,Q2
0.46843409538269043,0.936711847782135,Q4 (highest)
0.5608275532722473,0.7530254125595093,Q3
0.503203809261322,0.8599777817726135,Q4 (highest)
0.49415847659111023,0.8876386284828186,Q4 (highest)
0.6608681678771973,0.6272785663604736,Q2
0.6830915808677673,0.5281242728233337,Q1 (lowest)
0.6806918978691101,0.5766952633857727,Q2
0.7168567776679993,0.505729615688324,Q1 (lowest)
0.7312234044075012,0.4481205940246582,Q1 (lowest)
0.6676312685012817,0.5614690184593201,Q2
0.6717972159385681,0.5804840326309204,Q2
0.6924545764923096,0.4821074306964874,Q1 (lowest)
0.7479068040847778,0.3602069318294525,Q1 (lowest)
0.7559221982955933,0.3078426420688629,Q1 (lowest)
0.769312858581543,0.2870011031627655,Q1 (lowest)
0.7753169536590576,0.2429368793964386,Q1 (lowest)
0.7852821946144104,0.19220538437366486,Q1 (lowest)
0.7880021929740906,0.14661304652690887,Q1 (lowest)
0.7943111062049866,0.16495037078857422,Q1 (lowest)
0.7933529615402222,0.1767769455909729,Q1 (lowest)
0.7930834293365479,0.1796344667673111,Q1 (lowest)
0.7879541516304016,0.2248513251543045,Q1 (lowest)
0.7746147513389587,0.3050413429737091,Q1 (lowest)
0.7278076410293579,0.39427560567855835,Q1 (lowest)
0.6948896646499634,0.46192100644111633,Q1 (lowest)
0.6720225214958191,0.5472936630249023,Q2
0.609747052192688,0.6568616628646851,Q2
0.5756336450576782,0.7299713492393494,Q3
0.5534994006156921,0.7637102603912354,Q3
0.5747901797294617,0.7136889100074768,Q2
0.5854639410972595,0.6992497444152832,Q2
0.5530980825424194,0.757764995098114,Q3
0.6021127104759216,0.6695492267608643,Q2
0.5465888381004333,0.7709960341453552,Q3
0.48352012038230896,0.9045772552490234,Q4 (highest)
0.5133345723152161,0.8451953530311584,Q3
0.4742277264595032,0.9223278760910034,Q4 (highest)
0.5042479634284973,0.8639907836914062,Q4 (highest)
0.4906235337257385,0.8876386284828186,Q4 (highest)
0.5653218626976013,0.7371137142181396,Q3
0.544857919216156,0.7759168744087219,Q3
0.4785693287849426,0.911685049533844,Q4 (highest)
0.44988390803337097,0.9778246283531189,Q4 (highest)
0.5636380910873413,0.7363558411598206,Q3
0.5585564970970154,0.7772682905197144,Q3
0.609956681728363,0.7282307147979736,Q2
0.6633527874946594,0.6363603472709656,Q2
0.642964243888855,0.6391230821609497,Q2
0.6129987239837646,0.6414703130722046,Q2
0.6162391901016235,0.6850624084472656,Q2
0.4559393525123596,0.9603790640830994,Q4 (highest)
0.5562623143196106,0.7437736392021179,Q3
0.6218393445014954,0.6306895613670349,Q2
0.5386643409729004,0.7885269522666931,Q3
0.4932275712490082,0.8821795582771301,Q4 (highest)
0.5079175233840942,0.854383647441864,Q4 (highest)
0.4687267243862152,0.9237772822380066,Q4 (highest)
0.47964954376220703,0.9161525368690491,Q4 (highest)
0.502899169921875,0.8639907836914062,Q4 (highest)
0.5061831474304199,0.8599777817726135,Q4 (highest)
0.5850664973258972,0.6969299912452698,Q2
0.5529288649559021,0.7581087946891785,Q3
0.5160776972770691,0.837540864944458,Q3
0.6056295037269592,0.6715531349182129,Q2
0.7212474346160889,0.48086509108543396,Q1 (lowest)
0.7417455911636353,0.36397096514701843,Q1 (lowest)
0.6006912589073181,0.6621397733688354,Q2
0.6084346175193787,0.646157443523407,Q2
0.5332804918289185,0.8022855520248413,Q3
0.5585117936134338,0.756908655166626,Q3
0.5279278755187988,0.8132243156433105,Q3
0.5468289256095886,0.7772682905197144,Q3
0.6639008522033691,0.549704909324646,Q2
0.6054351925849915,0.6509591341018677,Q2
0.5773913264274597,0.7189524173736572,Q2
0.4912879168987274,0.8862445950508118,Q4 (highest)
0.48918744921684265,0.8934327960014343,Q4 (highest)
0.48880767822265625,0.9017894268035889,Q4 (highest)
0.538753867149353,0.80046546459198,Q3
0.5415762066841125,0.7811956405639648,Q3
0.4874715805053711,0.8996238112449646,Q4 (highest)
0.564177930355072,0.7386395931243896,Q3
0.47834229469299316,0.9135674834251404,Q4 (highest)
0.6775858998298645,0.49452412128448486,Q1 (lowest)
0.6937599778175354,0.49786221981048584,Q1 (lowest)
0.6415713429450989,0.5749247670173645,Q2
0.6607477068901062,0.5342999696731567,Q1 (lowest)
0.5581257939338684,0.7581087946891785,Q3
0.5387665629386902,0.7883185148239136,Q3
0.5439122915267944,0.7912638187408447,Q3
0.589542031288147,0.6897892355918884,Q2
0.562960147857666,0.7450419664382935,Q3
0.5249618291854858,0.8320200443267822,Q3
0.544688880443573,0.7782409191131592,Q3
0.48426491022109985,0.8996238112449646,Q4 (highest)
0.5746858716011047,0.7513649463653564,Q3
0.508736252784729,0.8526896834373474,Q4 (highest)
0.5191336870193481,0.8677703142166138,Q4 (highest)
0.52668696641922,0.8149659633636475,Q3
0.507366955280304,0.8547254204750061,Q4 (highest)
0.5792528986930847,0.7290988564491272,Q3
0.4906235337257385,0.8876386284828186,Q4 (highest)
0.498148649930954,0.8704970479011536,Q4 (highest)
0.4699203670024872,0.9315419793128967,Q4 (highest)
0.4880908131599426,0.8949404954910278,Q4 (highest)
0.5385984778404236,0.798222005367279,Q3
0.4839024543762207,0.9017894268035889,Q4 (highest)
0.5295271873474121,0.8071752190589905,Q3
0.49521955847740173,0.8799922466278076,Q4 (highest)
0.5010939836502075,0.8643630146980286,Q4 (highest)
0.4935154616832733,0.867003858089447,Q4 (highest)
0.496917724609375,0.8506886959075928,Q4 (highest)
0.4728933274745941,0.9237772822380066,Q4 (highest)
0.4634455740451813,0.9454799890518188,Q4 (highest)
0.49957677721977234,0.8737016320228577,Q4 (highest)
0.469650000333786,0.9307215809822083,Q4 (highest)
0.5038174986839294,0.8628818988800049,Q4 (highest)
0.5616898536682129,0.7508699297904968,Q3
0.4948287010192871,0.877429187297821,Q4 (highest)
0.5390859246253967,0.7997888326644897,Q3
0.5557290315628052,0.7802044153213501,Q3
0.4635826647281647,0.9510926604270935,Q4 (highest)
0.5982195734977722,0.6793437004089355,Q2
0.5697355270385742,0.7253672480583191,Q2
0.6557433009147644,0.5850977897644043,Q2
0.5583061575889587,0.7772682905197144,Q3
0.5477858781814575,0.8132243156433105,Q3
0.4896567463874817,0.9017894268035889,Q4 (highest)
0.44798728823661804,0.9778246283531189,Q4 (highest)
0.5626730918884277,0.7471233010292053,Q3
0.4646839201450348,0.9414055943489075,Q4 (highest)
0.4925590455532074,0.8821795582771301,Q4 (highest)
0.5616971254348755,0.7476072907447815,Q3
0.6418775916099548,0.6329384446144104,Q2
0.6741697788238525,0.5261061787605286,Q1 (lowest)
0.5914776921272278,0.6897892355918884,Q2
0.5277056694030762,0.8331627249717712,Q3
0.6128399968147278,0.6429288387298584,Q2
0.6692301630973816,0.534997820854187,Q1 (lowest)
0.5745638012886047,0.7535267472267151,Q3
0.5464622378349304,0.8132243156433105,Q3
0.6583200693130493,0.5895374417304993,Q2
0.7163787484169006,0.4112512767314911,Q1 (lowest)
0.7534428834915161,0.2852332890033722,Q1 (lowest)
0.777161717414856,0.2223738729953766,Q1 (lowest)
0.7724285125732422,0.22268106043338776,Q1 (lowest)
0.7806712985038757,0.20407843589782715,Q1 (lowest)
0.7796396613121033,0.17344146966934204,Q1 (lowest)
0.7882238626480103,0.16462287306785583,Q1 (lowest)
0.7944137454032898,0.1648123413324356,Q1 (lowest)
0.7928365468978882,0.182195246219635,Q1 (lowest)
0.7671436667442322,0.26064082980155945,Q1 (lowest)
0.7492273449897766,0.3696027398109436,Q1 (lowest)
0.7042223811149597,0.5123639106750488,Q1 (lowest)
0.6353563070297241,0.6561751961708069,Q2
0.6057589650154114,0.6708123683929443,Q2
0.4817398190498352,0.8954487442970276,Q4 (highest)
0.4817577302455902,0.911685049533844,Q4 (highest)
0.5097256898880005,0.8464655876159668,Q4 (highest)
0.4968286454677582,0.877429187297821,Q4 (highest)
0.45273610949516296,0.9687837958335876,Q4 (highest)
0.5152062773704529,0.8393353819847107,Q3
0.4646839201450348,0.9414055943489075,Q4 (highest)
0.49503007531166077,0.8770081996917725,Q4 (highest)
0.5531825423240662,0.7575933337211609,Q3
0.5779653191566467,0.7252253293991089,Q2
0.5978406071662903,0.6754085421562195,Q2
0.6481253504753113,0.5875831842422485,Q2
0.6998723745346069,0.549704909324646,Q2
0.7064642906188965,0.5332310795783997,Q1 (lowest)
0.7013129591941833,0.4681827127933502,Q1 (lowest)
0.6179492473602295,0.6506733894348145,Q2
0.6206481456756592,0.6328514814376831,Q2
0.5506858825683594,0.7640668153762817,Q3
0.5657338500022888,0.7394076585769653,Q3
0.5759512782096863,0.73818039894104,Q3
0.45658132433891296,0.9603790640830994,Q4 (highest)
0.45062705874443054,0.9603790640830994,Q4 (highest)
0.47248944640159607,0.9080520272254944,Q4 (highest)
0.47366848587989807,0.8996238112449646,Q4 (highest)
0.4964175224304199,0.8741092085838318,Q4 (highest)
0.5574483275413513,0.7879023551940918,Q3
0.5467842221260071,0.7936190962791443,Q3
0.5744859576225281,0.7548712491989136,Q3
0.5645707249641418,0.7386395931243896,Q3
0.5393075346946716,0.789994478225708,Q3
0.5854437947273254,0.7339527606964111,Q3
0.547825276851654,0.7698817849159241,Q3
0.6393208503723145,0.5960939526557922,Q2
0.7444505095481873,0.4239339530467987,Q1 (lowest)
0.7636277675628662,0.2970195710659027,Q1 (lowest)
0.5079175233840942,0.854383647441864,Q4 (highest)
0.5284941792488098,0.8078875541687012,Q3
0.6277760863304138,0.6077194213867188,Q2
0.5354799032211304,0.7936190962791443,Q3
0.5434677600860596,0.7879023551940918,Q3
0.49067816138267517,0.8934327960014343,Q4 (highest)
0.5479068756103516,0.7724938988685608,Q3
0.6571822166442871,0.5408326387405396,Q1 (lowest)
0.5549367070198059,0.7540296912193298,Q3
0.4661475121974945,0.9444308280944824,Q4 (highest)
0.5866613388061523,0.7131576538085938,Q2
0.4808688163757324,0.9135674834251404,Q4 (highest)
0.519188642501831,0.8357715010643005,Q3
0.5074635744094849,0.8628818988800049,Q4 (highest)
0.5440665483474731,0.7997888326644897,Q3
0.5924326777458191,0.6915489435195923,Q2
0.49391642212867737,0.8835157752037048,Q4 (highest)
0.5584160089492798,0.746962308883667,Q3
0.5526202321052551,0.7696968913078308,Q3
0.623400866985321,0.6135557293891907,Q2
0.638782262802124,0.5850977897644043,Q2
0.59724360704422,0.7189524173736572,Q2
0.627912700176239,0.6108110547065735,Q2
0.6194803714752197,0.6217748522758484,Q2
0.5133249163627625,0.8390346169471741,Q3
0.6203100681304932,0.6348614692687988,Q2
0.6141711473464966,0.6328514814376831,Q2
0.5127393007278442,0.8402424454689026,Q3
0.5308440327644348,0.8132243156433105,Q3
0.46328315138816833,0.9444308280944824,Q4 (highest)
0.5507833957672119,0.7624684572219849,Q3
0.5772255063056946,0.7101330757141113,Q2
0.5719408392906189,0.726793110370636,Q2
0.49017879366874695,0.8939325213432312,Q4 (highest)
0.5154741406440735,0.8346053957939148,Q3
0.562243640422821,0.7660421133041382,Q3
0.4680900573730469,0.934070885181427,Q4 (highest)
0.44798728823661804,0.9778246283531189,Q4 (highest)
0.5292086005210876,0.8169835805892944,Q3
0.5166065096855164,0.8390346169471741,Q3
0.49486762285232544,0.9045772552490234,Q4 (highest)
0.5855109691619873,0.6980251669883728,Q2
0.45658132433891296,0.9603790640830994,Q4 (highest)
0.4529467523097992,0.9669219255447388,Q4 (highest)
0.4864853024482727,0.8949404954910278,Q4 (highest)
0.5019462704658508,0.8639907836914062,Q4 (highest)
0.5225977301597595,0.8267256021499634,Q3
0.4650871753692627,0.9510926604270935,Q4 (highest)
0.5090004801750183,0.8547254204750061,Q4 (highest)
0.5215269327163696,0.8221619725227356,Q3
0.4892960488796234,0.8770081996917725,Q4 (highest)
0.45692452788352966,0.9223278760910034,Q4 (highest)
0.5260295867919922,0.8264527916908264,Q3
0.4817577302455902,0.911685049533844,Q4 (highest)
0.5415762066841125,0.7811956405639648,Q3
0.5479162335395813,0.7696968913078308,Q3
0.5333410501480103,0.8052927851676941,Q3
0.4997708797454834,0.8704970479011536,Q4 (highest)
0.4804967939853668,0.9181523323059082,Q4 (highest)
0.48565512895584106,0.9034509062767029,Q4 (highest)
0.47927483916282654,0.9135674834251404,Q4 (highest)
0.604557454586029,0.6833624243736267,Q2
0.6472932696342468,0.5782819390296936,Q2
0.6566097140312195,0.5895374417304993,Q2
0.6030009388923645,0.6830241680145264,Q2
0.5262071490287781,0.8139680027961731,Q3
0.5210415124893188,0.8245585560798645,Q3
0.5624382495880127,0.738792896270752,Q3
0.6708823442459106,0.5133777856826782,Q1 (lowest)
0.6046374440193176,0.6897892355918884,Q2
0.540052592754364,0.8311696648597717,Q3
0.642813503742218,0.6399324536323547,Q2
0.6826109886169434,0.5263122916221619,Q1 (lowest)
0.5914944410324097,0.7279422283172607,Q2
0.5686648488044739,0.7772682905197144,Q3
0.6544553637504578,0.5782819390296936,Q2
0.7355435490608215,0.40650948882102966,Q1 (lowest)
0.7637655735015869,0.2854764461517334,Q1 (lowest)
0.7540364265441895,0.3206719756126404,Q1 (lowest)
0.748607873916626,0.3212578296661377,Q1 (lowest)
0.7544669508934021,0.28689998388290405,Q1 (lowest)
0.779759407043457,0.23456673324108124,Q1 (lowest)
0.7757691740989685,0.23771369457244873,Q1 (lowest)
0.7817805409431458,0.23805731534957886,Q1 (lowest)
0.7889217734336853,0.21733810007572174,Q1 (lowest)
0.7801956534385681,0.2754122316837311,Q1 (lowest)
0.7518702149391174,0.39872100949287415,Q1 (lowest)
0.6420735716819763,0.5772228240966797,Q2
0.5207571387290955,0.8354789614677429,Q3
0.5429975390434265,0.7811956405639648,Q3
0.5438919067382812,0.7726821303367615,Q3
0.49521318078041077,0.8423848748207092,Q3
0.5101020932197571,0.810046374797821,Q3
0.509414792060852,0.8320200443267822,Q3
0.47834229469299316,0.9135674834251404,Q4 (highest)
0.5787922739982605,0.716503918170929,Q2
0.5420631170272827,0.7802044153213501,Q3
0.5312345623970032,0.8022855520248413,Q3
0.5174174308776855,0.8306058049201965,Q3
0.48857131600379944,0.8919497728347778,Q4 (highest)
0.4687756597995758,0.9414055943489075,Q4 (highest)
0.5168731212615967,0.8390346169471741,Q3
0.6580747961997986,0.5869590044021606,Q2
0.6825129389762878,0.49470075964927673,Q1 (lowest)
0.659716010093689,0.5457584261894226,Q2
0.6976146101951599,0.5218256115913391,Q1 (lowest)
0.6315878629684448,0.6660147309303284,Q2
0.6373447179794312,0.6595325469970703,Q2
0.6106741428375244,0.6506733894348145,Q2
0.6860941052436829,0.4778327941894531,Q1 (lowest)
0.6417155265808105,0.584755003452301,Q2
0.5185073614120483,0.8297645449638367,Q3
0.5153379440307617,0.8245585560798645,Q3
0.47586536407470703,0.9216144680976868,Q4 (highest)
0.6536554098129272,0.5792133212089539,Q2
0.6758643388748169,0.528436541557312,Q1 (lowest)
0.5916868448257446,0.7062625288963318,Q2
0.4436376690864563,0.9888501763343811,Q4 (highest)
0.6171688437461853,0.6888575553894043,Q2
0.6862568259239197,0.5319027900695801,Q1 (lowest)
0.6811535358428955,0.5437290072441101,Q2
0.7007991671562195,0.4622596204280853,Q1 (lowest)
0.7434207797050476,0.3564322888851166,Q1 (lowest)
0.5480415225028992,0.7680419087409973,Q3
0.4976089596748352,0.8821795582771301,Q4 (highest)
0.5334571003913879,0.8078875541687012,Q3
0.5714747905731201,0.7339527606964111,Q3
0.6217448115348816,0.6243410706520081,Q2
0.5488744378089905,0.7802044153213501,Q3
0.501272976398468,0.8639907836914062,Q4 (highest)
0.5964273810386658,0.6830241680145264,Q2
0.57172030210495,0.7371137142181396,Q3
0.4873824119567871,0.9040120840072632,Q4 (highest)
0.5905954241752625,0.681454062461853,Q2
0.5816750526428223,0.7253672480583191,Q2
0.5732682943344116,0.7240937948226929,Q2
0.4948287010192871,0.877429187297821,Q4 (highest)
0.6168311834335327,0.6306895613670349,Q2
0.6727871894836426,0.5328583121299744,Q1 (lowest)
0.6131280064582825,0.6522021293640137,Q2
0.4668620228767395,0.936711847782135,Q4 (highest)
0.4878663122653961,0.8934327960014343,Q4 (highest)
0.5128862261772156,0.8399393558502197,Q3
0.4797190725803375,0.9092445373535156,Q4 (highest)
0.6289753317832947,0.6085648536682129,Q2
0.5917044878005981,0.6833624243736267,Q2
0.47549089789390564,0.9216144680976868,Q4 (highest)
0.5182057619094849,0.8331627249717712,Q3
0.4970882833003998,0.8741092085838318,Q4 (highest)
0.5300308465957642,0.8081257939338684,Q3
0.4559393525123596,0.9603790640830994,Q4 (highest)
0.5215269327163696,0.8221619725227356,Q3
0.44798728823661804,0.9778246283531189,Q4 (highest)
0.5348338484764099,0.7991153001785278,Q3
0.49360352754592896,0.8799922466278076,Q4 (highest)
0.45849037170410156,0.9548220038414001,Q4 (highest)
0.4816369116306305,0.9275433421134949,Q4 (highest)
0.4728933274745941,0.9237772822380066,Q4 (highest)
0.4634455740451813,0.9454799890518188,Q4 (highest)
0.5528485774993896,0.7893638014793396,Q3
0.5774725675582886,0.7476072907447815,Q3
0.46213498711586,0.9510926604270935,Q4 (highest)
0.5045645833015442,0.8585532903671265,Q4 (highest)
0.5166211128234863,0.8423848748207092,Q3
0.5396906733512878,0.7988914847373962,Q3
0.5466774106025696,0.7741960287094116,Q3
0.4506964683532715,0.9752398133277893,Q4 (highest)
0.4653330445289612,0.9414055943489075,Q4 (highest)
0.44862228631973267,0.9778246283531189,Q4 (highest)
0.45374950766563416,0.9651642441749573,Q4 (highest)
0.48857131600379944,0.8919497728347778,Q4 (highest)
0.45849037170410156,0.9548220038414001,Q4 (highest)
0.5054594874382019,0.8732956051826477,Q4 (highest)
0.5845959782600403,0.7038528919219971,Q2
0.5140493512153625,0.837540864944458,Q3
0.5290072560310364,0.8110164999961853,Q3
0.49062052369117737,0.8862445950508118,Q4 (highest)
0.525719940662384,0.8149659633636475,Q3
0.4913923442363739,0.8934327960014343,Q4 (highest)
0.47770556807518005,0.9223278760910034,Q4 (highest)
0.5111708641052246,0.8448798656463623,Q3
0.5566472411155701,0.7622917890548706,Q3
0.46966442465782166,0.934070885181427,Q4 (highest)
0.490847110748291,0.8919497728347778,Q4 (highest)
0.47420093417167664,0.9315419793128967,Q4 (highest)
0.5907802581787109,0.7079295516014099,Q2
0.6644018292427063,0.5418861508369446,Q1 (lowest)
0.5252912640571594,0.8261805176734924,Q3
0.5849108695983887,0.7437736392021179,Q3
0.5492827296257019,0.7696968913078308,Q3
0.6016426682472229,0.6874685883522034,Q2
0.5407909154891968,0.7827948331832886,Q3
0.46192795038223267,0.9535431861877441,Q4 (highest)
0.5749284625053406,0.7282307147979736,Q2
0.581919252872467,0.703349769115448,Q2
0.48521852493286133,0.9017894268035889,Q4 (highest)
0.622334361076355,0.6199734210968018,Q2
0.7100853323936462,0.46403735876083374,Q1 (lowest)
0.6626636385917664,0.5996742248535156,Q2
0.6263863444328308,0.6662208437919617,Q2
0.6823239922523499,0.576234757900238,Q2
0.7180960774421692,0.5023535490036011,Q1 (lowest)
0.7076327204704285,0.4314672350883484,Q1 (lowest)
0.6699027419090271,0.5332310795783997,Q1 (lowest)
0.6816256642341614,0.549704909324646,Q2
0.6970776319503784,0.46252337098121643,Q1 (lowest)
0.7499099373817444,0.3495500981807709,Q1 (lowest)
0.7281400561332703,0.39165741205215454,Q1 (lowest)
0.7057328820228577,0.460684210062027,Q1 (lowest)
0.7252745032310486,0.46192100644111633,Q1 (lowest)
0.7213318943977356,0.39427560567855835,Q1 (lowest)
0.75983726978302,0.3050413429737091,Q1 (lowest)
0.7629811763763428,0.34264081716537476,Q1 (lowest)
0.739738941192627,0.34330564737319946,Q1 (lowest)
0.7584686279296875,0.30465421080589294,Q1 (lowest)
0.7824262976646423,0.2622579038143158,Q1 (lowest)
0.7557129263877869,0.3727099299430847,Q1 (lowest)
0.6759613156318665,0.5188218355178833,Q1 (lowest)
0.6401233077049255,0.6695492267608643,Q2
0.6375203132629395,0.6695492267608643,Q2
0.6433557868003845,0.6522021293640137,Q2
0.6485430002212524,0.5698306560516357,Q2
0.4898349344730377,0.8149659633636475,Q3
0.5773691534996033,0.6368033289909363,Q2
0.5519567728042603,0.7464801669120789,Q3
0.5656458139419556,0.7450419664382935,Q3
0.518373429775238,0.8320200443267822,Q3
0.5641746520996094,0.7555475234985352,Q3
0.5883843302726746,0.6859754323959351,Q2
0.5561404824256897,0.757764995098114,Q3
0.6004024744033813,0.6613337993621826,Q2
0.469650000333786,0.9307215809822083,Q4 (highest)
0.4879056513309479,0.8919497728347778,Q4 (highest)
0.4971940219402313,0.8724883794784546,Q4 (highest)
0.49861571192741394,0.8737016320228577,Q4 (highest)
0.47712621092796326,0.9161525368690491,Q4 (highest)
0.4971006512641907,0.8799922466278076,Q4 (highest)
0.6202904582023621,0.6369808316230774,Q2
0.6136800050735474,0.6510543823242188,Q2
0.5091657638549805,0.854383647441864,Q4 (highest)
0.5237289667129517,0.8264527916908264,Q3
0.6588860750198364,0.5708521008491516,Q2
0.7200176119804382,0.4249613881111145,Q1 (lowest)
0.6752957105636597,0.5210705995559692,Q1 (lowest)
0.5830186009407043,0.6969299912452698,Q2
0.4340841770172119,0.9535431861877441,Q4 (highest)
0.526772141456604,0.8022855520248413,Q3
0.5178176760673523,0.8331627249717712,Q3
0.506344735622406,0.8399393558502197,Q3
0.5670390129089355,0.7487420439720154,Q3
0.5552051663398743,0.7622917890548706,Q3
0.6590514183044434,0.560553789138794,Q2
0.7074633836746216,0.44371289014816284,Q1 (lowest)
0.636218249797821,0.596964955329895,Q2
0.5337902903556824,0.8139680027961731,Q3
0.5368428230285645,0.8043607473373413,Q3
0.6510176062583923,0.5963838696479797,Q2
0.7256669402122498,0.4349503517150879,Q1 (lowest)
0.7388398051261902,0.33678653836250305,Q1 (lowest)
0.7600111961364746,0.2750903367996216,Q1 (lowest)
0.63738614320755,0.5927181243896484,Q2
0.47003650665283203,0.934070885181427,Q4 (highest)
0.5106493830680847,0.8533643484115601,Q4 (highest)
0.5523598790168762,0.7626451849937439,Q3
0.5021993517875671,0.8662428259849548,Q4 (highest)
0.4680900573730469,0.934070885181427,Q4 (highest)
0.5967349410057068,0.679012656211853,Q2
0.5913563966751099,0.6798967123031616,Q2
0.530904233455658,0.8043607473373413,Q3
0.580490231513977,0.7394076585769653,Q3
0.6026033163070679,0.6673584580421448,Q2
0.6197959184646606,0.6328514814376831,Q2
0.5499969720840454,0.7640668153762817,Q3
0.5696527361869812,0.7513649463653564,Q3
0.5262357592582703,0.8464655876159668,Q4 (highest)
0.44798728823661804,0.9778246283531189,Q4 (highest)
0.46311625838279724,0.9414055943489075,Q4 (highest)
0.5136513710021973,0.8331627249717712,Q3
0.6448294520378113,0.5766952633857727,Q2
0.6970980763435364,0.461170494556427,Q1 (lowest)
0.6164803504943848,0.6280410289764404,Q2
0.501272976398468,0.8639907836914062,Q4 (highest)
0.5117484331130981,0.8464655876159668,Q4 (highest)
0.5598206520080566,0.7508699297904968,Q3
0.5721642971038818,0.7224099636077881,Q2
0.6472887396812439,0.578880250453949,Q2
0.6168419122695923,0.6314651370048523,Q2
0.5562463998794556,0.7555475234985352,Q3
0.5114012956619263,0.8430038690567017,Q3
0.5212159752845764,0.8261805176734924,Q3
0.5321255922317505,0.80046546459198,Q3
0.5315699577331543,0.8016003370285034,Q3
0.48670369386672974,0.9017894268035889,Q4 (highest)
0.6067494750022888,0.6550039052963257,Q2
0.5503475069999695,0.7633544206619263,Q3
0.48616811633110046,0.9017894268035889,Q4 (highest)
0.5212159752845764,0.8261805176734924,Q3
0.49900752305984497,0.8720870614051819,Q4 (highest)
0.4735102355480194,0.9454799890518188,Q4 (highest)
0.5359112024307251,0.8139680027961731,Q3
0.46667155623435974,0.9444308280944824,Q4 (highest)
0.5729943513870239,0.7535267472267151,Q3
0.4948287010192871,0.877429187297821,Q4 (highest)
0.5537893176078796,0.7698817849159241,Q3
0.5354627966880798,0.8071752190589905,Q3
0.48720112442970276,0.8934327960014343,Q4 (highest)
0.5108963251113892,0.8474270105361938,Q4 (highest)
0.4717869758605957,0.9275433421134949,Q4 (highest)
0.4966127872467041,0.8737016320228577,Q4 (highest)
0.5229981541633606,0.8264527916908264,Q3
0.46768656373023987,0.9349380135536194,Q4 (highest)
0.4521060883998871,0.9548220038414001,Q4 (highest)
0.5155621767044067,0.8261805176734924,Q3
0.4864012897014618,0.8990909457206726,Q4 (highest)
0.5805982947349548,0.7052440643310547,Q2
0.4989001750946045,0.868930459022522,Q4 (highest)
0.5306586623191833,0.8169835805892944,Q3
0.466251939535141,0.9414055943489075,Q4 (highest)
0.4790552258491516,0.9216144680976868,Q4 (highest)
0.5036904811859131,0.8724883794784546,Q4 (highest)
0.6358759999275208,0.6034690141677856,Q2
0.688259482383728,0.5200681090354919,Q1 (lowest)
0.6562017202377319,0.5707882046699524,Q2
0.6276094317436218,0.6669440865516663,Q2
0.4590786099433899,0.9535431861877441,Q4 (highest)
0.5355546474456787,0.8245585560798645,Q3
0.4814407527446747,0.9161525368690491,Q4 (highest)
0.5127393007278442,0.8402424454689026,Q3
0.4755292534828186,0.9181523323059082,Q4 (highest)
0.5359250903129578,0.7988914847373962,Q3
0.5198341608047485,0.825637698173523,Q3
0.5408446192741394,0.789994478225708,Q3
0.6311665177345276,0.6077194213867188,Q2
0.6980816721916199,0.4682214856147766,Q1 (lowest)
0.6695927977561951,0.5129426717758179,Q1 (lowest)
0.6172911524772644,0.6595325469970703,Q2
0.7307964563369751,0.45584815740585327,Q1 (lowest)
0.7689361572265625,0.32642117142677307,Q1 (lowest)
0.7541601061820984,0.3746667504310608,Q1 (lowest)
0.7408464550971985,0.38193172216415405,Q1 (lowest)
0.747615396976471,0.3401448130607605,Q1 (lowest)
0.7282823920249939,0.3657909333705902,Q1 (lowest)
0.6745918393135071,0.5076503753662109,Q1 (lowest)
0.6087213754653931,0.6529709696769714,Q2
0.6366804838180542,0.6561751961708069,Q2
0.6907822489738464,0.5123639106750488,Q1 (lowest)
0.7325679063796997,0.4129754900932312,Q1 (lowest)
0.7211479544639587,0.49163109064102173,Q1 (lowest)
0.6908521056175232,0.4930724501609802,Q1 (lowest)
0.7357372641563416,0.4159035086631775,Q1 (lowest)
0.7539833784103394,0.3179292380809784,Q1 (lowest)
0.7701169848442078,0.3093606233596802,Q1 (lowest)
0.7384735941886902,0.40143874287605286,Q1 (lowest)
0.7288286089897156,0.47209838032722473,Q1 (lowest)
0.6840780377388,0.5340322256088257,Q1 (lowest)
0.5945091843605042,0.703349769115448,Q2
0.46092110872268677,0.9017894268035889,Q4 (highest)
0.5123217701911926,0.8016003370285034,Q3
0.5758128762245178,0.6896725296974182,Q2
0.5337976813316345,0.8043607473373413,Q3
0.5990187525749207,0.6834751963615417,Q2
0.6733633875846863,0.5235984325408936,Q1 (lowest)
0.4430072009563446,0.9888501763343811,Q4 (highest)
0.4800012707710266,0.9086459875106812,Q4 (highest)
0.48053857684135437,0.911685049533844,Q4 (highest)
0.4862440228462219,0.8954487442970276,Q4 (highest)
0.4811277389526367,0.9135674834251404,Q4 (highest)
0.6230568289756775,0.6793437004089355,Q2
0.5378407835960388,0.7902053594589233,Q3
0.5816575288772583,0.7114419341087341,Q2
0.5354799032211304,0.7936190962791443,Q3
0.6875336766242981,0.4954977035522461,Q1 (lowest)
0.659486711025238,0.5629417896270752,Q2
0.5228634476661682,0.8261805176734924,Q3
0.6273306608200073,0.6052796840667725,Q2
0.6965987086296082,0.4522692859172821,Q1 (lowest)
0.727432906627655,0.3848477303981781,Q1 (lowest)
0.6643855571746826,0.5450233221054077,Q2
0.5698921084403992,0.7304093241691589,Q3
0.5919736623764038,0.6820132732391357,Q2
0.7054088711738586,0.4889072775840759,Q1 (lowest)
0.7431715726852417,0.35367345809936523,Q1 (lowest)
0.7687216997146606,0.26323407888412476,Q1 (lowest)
0.7746672034263611,0.24014760553836823,Q1 (lowest)
0.6945822834968567,0.45804867148399353,Q1 (lowest)
0.5705016255378723,0.7224099636077881,Q2
0.5329577326774597,0.8093230724334717,Q3
0.6178131103515625,0.6252596378326416,Q2
0.5690340399742126,0.726793110370636,Q2
0.48426491022109985,0.8996238112449646,Q4 (highest)
0.48521852493286133,0.9017894268035889,Q4 (highest)
0.5571384429931641,0.7495572566986084,Q3
0.5963230133056641,0.681454062461853,Q2
0.48218879103660583,0.9040120840072632,Q4 (highest)
0.5634199380874634,0.740179181098938,Q3
0.5136327743530273,0.8245585560798645,Q3
0.5754122138023376,0.7089632749557495,Q2
0.64407879114151,0.5695124268531799,Q2
0.5981029868125916,0.6674622893333435,Q2
0.6176776885986328,0.6328514814376831,Q2
0.5409570932388306,0.7912638187408447,Q3
0.49062052369117737,0.8862445950508118,Q4 (highest)
0.5523598790168762,0.7626451849937439,Q3
0.6266096234321594,0.6068010330200195,Q2
0.6559216380119324,0.5450233221054077,Q2
0.553048312664032,0.7741960287094116,Q3
0.5230955481529236,0.8399393558502197,Q3
0.6390330195426941,0.6013768315315247,Q2
0.6297330260276794,0.6173816919326782,Q2
0.4646839201450348,0.9414055943489075,Q4 (highest)
0.5703944563865662,0.7314354181289673,Q3
0.5283777117729187,0.8081257939338684,Q3
0.5029099583625793,0.8741092085838318,Q4 (highest)
0.5977240800857544,0.6668405532836914,Q2
0.5279278755187988,0.8132243156433105,Q3
0.562201201915741,0.7696968913078308,Q3
0.5021414160728455,0.8770081996917725,Q4 (highest)
0.5304959416389465,0.8071752190589905,Q3
0.46085262298583984,0.9510926604270935,Q4 (highest)
0.501272976398468,0.8639907836914062,Q4 (highest)
0.48426491022109985,0.8996238112449646,Q4 (highest)
0.5292772650718689,0.8198072910308838,Q3
0.4832398593425751,0.9017894268035889,Q4 (highest)
0.4839024543762207,0.9017894268035889,Q4 (highest)
0.5609858632087708,0.7431430220603943,Q3
0.5306442379951477,0.8018283843994141,Q3
0.5706724524497986,0.7105247974395752,Q2
0.4720931053161621,0.9216144680976868,Q4 (highest)
0.5097256898880005,0.8464655876159668,Q4 (highest)
0.5752575993537903,0.7581087946891785,Q3
0.47233304381370544,0.936711847782135,Q4 (highest)
0.5464168787002563,0.7885269522666931,Q3
0.5651721358299255,0.7374178767204285,Q3
0.5156543850898743,0.8451953530311584,Q3
0.49861571192741394,0.8737016320228577,Q4 (highest)
0.4634455740451813,0.9454799890518188,Q4 (highest)
0.4728933274745941,0.9237772822380066,Q4 (highest)
0.547681450843811,0.7516957521438599,Q3
0.4427470266819,0.9561408758163452,Q4 (highest)
0.44908538460731506,0.9444308280944824,Q4 (highest)
0.4616049826145172,0.9275433421134949,Q4 (highest)
0.5415762066841125,0.7811956405639648,Q3
0.5751069188117981,0.72185218334198,Q2
0.4559393525123596,0.9603790640830994,Q4 (highest)
0.4606356620788574,0.9535431861877441,Q4 (highest)
0.5294192433357239,0.805995762348175,Q3
0.5612832903862,0.7516957521438599,Q3
0.45658132433891296,0.9603790640830994,Q4 (highest)
0.5637257695198059,0.7811956405639648,Q3
0.544459342956543,0.8264527916908264,Q3
0.5673478245735168,0.73499995470047,Q3
0.6630659699440002,0.5277087092399597,Q1 (lowest)
0.722085177898407,0.38343435525894165,Q1 (lowest)
0.6867476105690002,0.4911528527736664,Q1 (lowest)
0.6076486110687256,0.6954796314239502,Q2
0.5026639699935913,0.877429187297821,Q4 (highest)
0.547325611114502,0.8043607473373413,Q3
0.46843409538269043,0.936711847782135,Q4 (highest)
0.5479162335395813,0.7696968913078308,Q3
0.4832398593425751,0.9017894268035889,Q4 (highest)
0.5070353746414185,0.8554120063781738,Q4 (highest)
0.45849037170410156,0.9548220038414001,Q4 (highest)
0.5232759714126587,0.8343155384063721,Q3
0.5836422443389893,0.7270797491073608,Q2
0.6829413771629333,0.5395093560218811,Q1 (lowest)
0.7022367715835571,0.4980417788028717,Q1 (lowest)
0.7157769799232483,0.48749488592147827,Q1 (lowest)
0.6253198385238647,0.6673584580421448,Q2
0.5781344771385193,0.747445821762085,Q3
0.6408607363700867,0.5903103947639465,Q2
0.726743221282959,0.4276012182235718,Q1 (lowest)
0.7075163125991821,0.4414941966533661,Q1 (lowest)
0.6627505421638489,0.5317968130111694,Q1 (lowest)
0.6692485809326172,0.5300573110580444,Q1 (lowest)
0.7176499962806702,0.39427560567855835,Q1 (lowest)
0.6666349768638611,0.5707882046699524,Q2
0.5275346636772156,0.8261805176734924,Q3
0.5216264128684998,0.8354789614677429,Q3
0.6455797553062439,0.5772228240966797,Q2
0.6824559569358826,0.5351591110229492,Q1 (lowest)
0.6290208101272583,0.6926127672195435,Q2
0.5921352505683899,0.6965662837028503,Q2
0.6809346079826355,0.5311097502708435,Q1 (lowest)
0.7238431572914124,0.378496378660202,Q1 (lowest)
0.7694177627563477,0.26524344086647034,Q1 (lowest)
0.7679998278617859,0.3357972502708435,Q1 (lowest)
0.7252224087715149,0.48248156905174255,Q1 (lowest)
0.6222056150436401,0.6830241680145264,Q2
0.5204011797904968,0.8286513686180115,Q3
0.5727590918540955,0.7143551111221313,Q2
0.5780684351921082,0.6949988007545471,Q2
0.5641926527023315,0.7394076585769653,Q3
0.47804203629493713,0.9142053723335266,Q4 (highest)
0.4535861909389496,0.9669219255447388,Q4 (highest)
0.5038899183273315,0.8585532903671265,Q4 (highest)
0.5842911005020142,0.7179962396621704,Q2
0.5558924674987793,0.7626451849937439,Q3
0.5161747932434082,0.8331627249717712,Q3
0.45788413286209106,0.9561408758163452,Q4 (highest)
0.5071717500686646,0.868930459022522,Q4 (highest)
0.5626900792121887,0.7450419664382935,Q3
0.5968942642211914,0.6727228760719299,Q2
0.6561776995658875,0.5430570244789124,Q1 (lowest)
0.5396376848220825,0.7802044153213501,Q3
0.5057811737060547,0.8132243156433105,Q3
0.4778265655040741,0.8821795582771301,Q4 (highest)
0.4602711796760559,0.9414055943489075,Q4 (highest)
0.4956014156341553,0.8799922466278076,Q4 (highest)
0.6233640909194946,0.6348614692687988,Q2
0.6999589800834656,0.44190192222595215,Q1 (lowest)
0.7549499869346619,0.3284490406513214,Q1 (lowest)
0.7151166796684265,0.4341636896133423,Q1 (lowest)
0.6932346224784851,0.5204684734344482,Q1 (lowest)
0.6761195063591003,0.5642391443252563,Q2
0.6880505681037903,0.5179786682128906,Q1 (lowest)
0.7599649429321289,0.2985028326511383,Q1 (lowest)
0.7715343832969666,0.21473264694213867,Q1 (lowest)
0.7390493750572205,0.33195188641548157,Q1 (lowest)
0.7048425674438477,0.4281080961227417,Q1 (lowest)
0.6295927166938782,0.6018978357315063,Q2
0.504612386226654,0.8643630146980286,Q4 (highest)
0.5396978259086609,0.785021185874939,Q3
0.4510597288608551,0.9752398133277893,Q4 (highest)
0.5863314867019653,0.6969299912452698,Q2
0.5923251509666443,0.677913248538971,Q2
0.6503273248672485,0.573104739189148,Q2
0.6209198832511902,0.629318118095398,Q2
0.6107839941978455,0.6412887573242188,Q2
0.6329067349433899,0.5948663949966431,Q2
0.6060790419578552,0.6496291756629944,Q2
0.5018061995506287,0.8628818988800049,Q4 (highest)
0.5245423316955566,0.8062308430671692,Q3
0.5595294833183289,0.721157431602478,Q2
0.426057904958725,0.9842681884765625,Q4 (highest)
0.5915347337722778,0.674437403678894,Q2
0.5480415225028992,0.7680419087409973,Q3
0.46328315138816833,0.9444308280944824,Q4 (highest)
0.5804274678230286,0.7063902020454407,Q2
0.6679140329360962,0.5377582311630249,Q1 (lowest)
0.6540871262550354,0.5816277265548706,Q2
0.6473568081855774,0.6013768315315247,Q2
0.5947617292404175,0.6802293658256531,Q2
0.5551834106445312,0.756908655166626,Q3
0.48720112442970276,0.8934327960014343,Q4 (highest)
0.47927483916282654,0.9135674834251404,Q4 (highest)
0.5104929804801941,0.8448798656463623,Q3
0.594805896282196,0.6728296279907227,Q2
0.600557804107666,0.6651924848556519,Q2
0.5919573903083801,0.6859754323959351,Q2
0.6388601064682007,0.5807525515556335,Q2
0.5495960116386414,0.7879023551940918,Q3
0.5403346419334412,0.7879023551940918,Q3
0.5370120406150818,0.8110164999961853,Q3
0.4712168276309967,0.9315419793128967,Q4 (highest)
0.5263177156448364,0.8306058049201965,Q3
0.5299298167228699,0.8261805176734924,Q3
0.5448517799377441,0.7968922853469849,Q3
0.5198946595191956,0.8390346169471741,Q3
0.5334274172782898,0.8083644509315491,Q3
0.5558735728263855,0.7535267472267151,Q3
0.46345090866088867,0.9237772822380066,Q4 (highest)
0.5662387013435364,0.7136889100074768,Q2
0.610844075679779,0.6509591341018677,Q2
0.49738627672195435,0.8720870614051819,Q4 (highest)
0.5501724481582642,0.7637102603912354,Q3
0.5219289660453796,0.8393353819847107,Q3
0.4609966278076172,0.9561408758163452,Q4 (highest)
0.5525035858154297,0.7724938988685608,Q3
0.46473202109336853,0.9454799890518188,Q4 (highest)
0.4866924285888672,0.911685049533844,Q4 (highest)
0.5584160089492798,0.746962308883667,Q3
0.4638427197933197,0.936711847782135,Q4 (highest)
0.46454840898513794,0.934070885181427,Q4 (highest)
0.5507557392120361,0.7513649463653564,Q3
0.4585958421230316,0.9454799890518188,Q4 (highest)
0.43319711089134216,0.9237772822380066,Q4 (highest)
0.4756503105163574,0.9135674834251404,Q4 (highest)
0.48499202728271484,0.9086459875106812,Q4 (highest)
0.4806617200374603,0.9086459875106812,Q4 (highest)
0.5240517258644104,0.8169835805892944,Q3
0.4763199985027313,0.9237772822380066,Q4 (highest)
0.5044285655021667,0.8662428259849548,Q4 (highest)
0.48451730608940125,0.8990909457206726,Q4 (highest)
0.5186019539833069,0.8354789614677429,Q3
0.594937264919281,0.7190894484519958,Q2
0.6500821113586426,0.5794801712036133,Q2
0.6567612290382385,0.55057293176651,Q2
0.7222016453742981,0.4373623728752136,Q1 (lowest)
0.7032843828201294,0.43626832962036133,Q1 (lowest)
0.636095404624939,0.6206265687942505,Q2
0.5399875044822693,0.8169835805892944,Q3
0.5258866548538208,0.8132243156433105,Q3
0.5624451041221619,0.740179181098938,Q3
0.5424510836601257,0.7827948331832886,Q3
0.5589175224304199,0.770438015460968,Q3
0.5655322074890137,0.7548712491989136,Q3
0.5470573306083679,0.7806000709533691,Q3
0.6037870645523071,0.6780229210853577,Q2
0.6362390518188477,0.6506733894348145,Q2
0.6642922759056091,0.6342476010322571,Q2
0.6524850130081177,0.6052796840667725,Q2
0.7009422183036804,0.4801233112812042,Q1 (lowest)
0.7389964461326599,0.38709041476249695,Q1 (lowest)
0.678456723690033,0.5500516891479492,Q2
0.5720414519309998,0.7437736392021179,Q3
0.5802373290061951,0.7386395931243896,Q3
0.6649774312973022,0.5444032549858093,Q2
0.724372923374176,0.38290709257125854,Q1 (lowest)
0.7003495097160339,0.5139594674110413,Q1 (lowest)
0.6128036379814148,0.666117787361145,Q2
0.6052773594856262,0.6695492267608643,Q2
0.67854243516922,0.5414973497390747,Q1 (lowest)
0.5170297622680664,0.8516849279403687,Q4 (highest)
0.5351760387420654,0.8286513686180115,Q3
0.6529638171195984,0.5756441950798035,Q2
0.7479380965232849,0.3980679214000702,Q1 (lowest)
0.7802520990371704,0.2750903367996216,Q1 (lowest)
0.7672995924949646,0.3388410806655884,Q1 (lowest)
0.7257024049758911,0.4811129570007324,Q1 (lowest)
0.5982195734977722,0.6793437004089355,Q2
0.6114376187324524,0.6399324536323547,Q2
0.6370195150375366,0.6049767732620239,Q2
0.5789572596549988,0.7299713492393494,Q3
0.568952202796936,0.732319712638855,Q3
0.4902918040752411,0.8799922466278076,Q4 (highest)
0.481793612241745,0.877429187297821,Q4 (highest)
0.5237452983856201,0.7938351631164551,Q3
0.49299636483192444,0.868930459022522,Q4 (highest)
0.46904125809669495,0.9275433421134949,Q4 (highest)
0.46328315138816833,0.9444308280944824,Q4 (highest)
0.5063920021057129,0.8533643484115601,Q4 (highest)
0.559361457824707,0.7450419664382935,Q3
0.5239505171775818,0.7936190962791443,Q3
0.4639532268047333,0.8770081996917725,Q4 (highest)
0.47265979647636414,0.8770081996917725,Q4 (highest)
0.4958467483520508,0.8585532903671265,Q4 (highest)
0.4544007480144501,0.9385421276092529,Q4 (highest)
0.5467881560325623,0.7674940228462219,Q3
0.6232928037643433,0.6368033289909363,Q2
0.6266898512840271,0.6367146968841553,Q2
0.6709524989128113,0.5215737223625183,Q1 (lowest)
0.7405505776405334,0.38373634219169617,Q1 (lowest)
0.7489503026008606,0.32008805871009827,Q1 (lowest)
0.7412303686141968,0.3627975881099701,Q1 (lowest)
0.726504921913147,0.3898018002510071,Q1 (lowest)
0.7430699467658997,0.36920636892318726,Q1 (lowest)
0.7478196024894714,0.31017476320266724,Q1 (lowest)
0.764864981174469,0.24126313626766205,Q1 (lowest)
0.775557279586792,0.2011585235595703,Q1 (lowest)
0.7564489245414734,0.2770453095436096,Q1 (lowest)
0.719690203666687,0.3948623836040497,Q1 (lowest)
0.6521322727203369,0.5519694685935974,Q2
0.5783333778381348,0.7106555104255676,Q2
0.5942310094833374,0.6754085421562195,Q2
0.6300676465034485,0.6068010330200195,Q2
0.5353893637657166,0.8043607473373413,Q3
0.6635981798171997,0.5353205800056458,Q1 (lowest)
0.6178131103515625,0.6252596378326416,Q2
0.5474998354911804,0.7691433429718018,Q3
0.4922775328159332,0.8895301222801208,Q4 (highest)
0.4460330903530121,0.8990909457206726,Q4 (highest)
0.4400772154331207,0.9237772822380066,Q4 (highest)
0.6109552383422852,0.6329384446144104,Q2
0.4899565875530243,0.8876386284828186,Q4 (highest)
0.5469762682914734,0.7743863463401794,Q3
0.6164616346359253,0.6353892087936401,Q2
0.6200618743896484,0.6595325469970703,Q2
0.46279793977737427,0.9454799890518188,Q4 (highest)
0.5192185044288635,0.8554120063781738,Q4 (highest)
0.45209747552871704,0.9687837958335876,Q4 (highest)
0.49738627672195435,0.8720870614051819,Q4 (highest)
0.4848403036594391,0.9017894268035889,Q4 (highest)
0.6445885300636292,0.5725876688957214,Q2
0.6545289158821106,0.560553789138794,Q2
0.6468719840049744,0.5903103947639465,Q2
0.5626818537712097,0.7575933337211609,Q3
0.45273610949516296,0.9687837958335876,Q4 (highest)
0.5559994578361511,0.7755327820777893,Q3
0.5684759020805359,0.7637102603912354,Q3
0.5289459228515625,0.8430038690567017,Q3
0.49130916595458984,0.8949404954910278,Q4 (highest)
0.47707852721214294,0.9216144680976868,Q4 (highest)
0.597922682762146,0.7002353072166443,Q2
0.5809087753295898,0.718132495880127,Q2
0.6036273837089539,0.6718714237213135,Q2
0.4864853024482727,0.8949404954910278,Q4 (highest)
0.5076600909233093,0.8137197494506836,Q3
0.4914033114910126,0.8245585560798645,Q3
0.5531030297279358,0.714221715927124,Q2
0.5493727922439575,0.7696968913078308,Q3
0.5220012068748474,0.8253670334815979,Q3
0.48416540026664734,0.9040120840072632,Q4 (highest)
0.48251157999038696,0.9181523323059082,Q4 (highest)
0.5024604797363281,0.8934327960014343,Q4 (highest)
0.5190269351005554,0.8346053957939148,Q3
0.5630103945732117,0.7724938988685608,Q3
0.5081937909126282,0.8732956051826477,Q4 (highest)
0.46768656373023987,0.9349380135536194,Q4 (highest)
0.5414077043533325,0.8093230724334717,Q3
0.5671388506889343,0.7292439937591553,Q3
0.5825857520103455,0.6860898733139038,Q2
0.4503968358039856,0.9275433421134949,Q4 (highest)
0.5052377581596375,0.8557568192481995,Q4 (highest)
0.4925895631313324,0.8835157752037048,Q4 (highest)
0.5183278322219849,0.837540864944458,Q3
0.4780575931072235,0.9161525368690491,Q4 (highest)
0.49360352754592896,0.8799922466278076,Q4 (highest)
0.5810460448265076,0.718132495880127,Q2
0.672748327255249,0.5396742820739746,Q1 (lowest)
0.7157005667686462,0.427348256111145,Q1 (lowest)
0.7327799201011658,0.3890231251716614,Q1 (lowest)
0.7445483207702637,0.331498384475708,Q1 (lowest)
0.7022878527641296,0.4518040418624878,Q1 (lowest)
0.6385196447372437,0.6486847996711731,Q2
0.4680900573730469,0.934070885181427,Q4 (highest)
0.5500847101211548,0.763888418674469,Q3
0.46020713448524475,0.9510926604270935,Q4 (highest)
0.47784677147865295,0.9237772822380066,Q4 (highest)
0.4942638576030731,0.8949404954910278,Q4 (highest)
0.6454275846481323,0.5679918527603149,Q2
0.5379619002342224,0.7991153001785278,Q3
0.5496987700462341,0.7919024229049683,Q3
0.655824601650238,0.5618361830711365,Q2
0.7522701621055603,0.39050528407096863,Q1 (lowest)
0.7466372847557068,0.39872100949287415,Q1 (lowest)
0.7040626406669617,0.4707978367805481,Q1 (lowest)
0.6737781763076782,0.559097945690155,Q2
0.606942355632782,0.7110482454299927,Q2
0.49578315019607544,0.8934327960014343,Q4 (highest)
0.5163241624832153,0.8585532903671265,Q4 (highest)
0.6360923051834106,0.6335483193397522,Q2
0.7051700949668884,0.49894198775291443,Q1 (lowest)
0.7438904047012329,0.36300015449523926,Q1 (lowest)
0.7719243764877319,0.291530579328537,Q1 (lowest)
0.7527554631233215,0.39558497071266174,Q1 (lowest)
0.6813452839851379,0.5614690184593201,Q2
0.5882627367973328,0.7279422283172607,Q2
0.5984184145927429,0.6727228760719299,Q2
0.5975569486618042,0.7032240629196167,Q2
0.534197986125946,0.7885269522666931,Q3
0.5004714131355286,0.8557568192481995,Q4 (highest)
0.48383983969688416,0.8516849279403687,Q4 (highest)
0.4440155029296875,0.9454799890518188,Q4 (highest)
0.4901444613933563,0.8677703142166138,Q4 (highest)
0.5746597647666931,0.718132495880127,Q2
0.5269650220870972,0.8110164999961853,Q3
0.4822542369365692,0.9080520272254944,Q4 (highest)
0.531903862953186,0.8009184002876282,Q3
0.47111526131629944,0.9385421276092529,Q4 (highest)
0.5389708876609802,0.7879023551940918,Q3
0.561750054359436,0.7106555104255676,Q2
0.4728095233440399,0.8799922466278076,Q4 (highest)
0.4499382972717285,0.9223278760910034,Q4 (highest)
0.4627555310726166,0.9181523323059082,Q4 (highest)
0.5320334434509277,0.8264527916908264,Q3
0.6150628924369812,0.6230952143669128,Q2
0.5603562593460083,0.7660421133041382,Q3
0.4983294606208801,0.877429187297821,Q4 (highest)
0.6592645645141602,0.614584743976593,Q2
0.7172794938087463,0.4253675937652588,Q1 (lowest)
0.7535382509231567,0.29404783248901367,Q1 (lowest)
0.7631320357322693,0.254284143447876,Q1 (lowest)
0.7620645761489868,0.26926636695861816,Q1 (lowest)
0.759413480758667,0.2840230464935303,Q1 (lowest)
0.747686505317688,0.3177201449871063,Q1 (lowest)
0.7477571964263916,0.31714630126953125,Q1 (lowest)
0.7582005858421326,0.2826250195503235,Q1 (lowest)
0.7414857745170593,0.3445209264755249,Q1 (lowest)
0.646625816822052,0.563991367816925,Q2
0.555061936378479,0.7605358958244324,Q3
0.5664850473403931,0.7339527606964111,Q3
0.5473379492759705,0.789994478225708,Q3
0.5092220306396484,0.8516849279403687,Q4 (highest)
0.5112826824188232,0.8474270105361938,Q4 (highest)
0.6340356469154358,0.6058868765830994,Q2
0.5510808825492859,0.7660421133041382,Q3
0.5556231737136841,0.7719305753707886,Q3
0.4735487997531891,0.9237772822380066,Q4 (highest)
0.5294451713562012,0.8093230724334717,Q3
0.5423537492752075,0.7796127796173096,Q3
0.5717025995254517,0.7106555104255676,Q2
0.43736276030540466,0.9603790640830994,Q4 (highest)
0.535815417766571,0.7991153001785278,Q3
0.5935229659080505,0.6842671632766724,Q2
0.5509161353111267,0.7689592242240906,Q3
0.535741925239563,0.7944848537445068,Q3
0.49158865213394165,0.8909742832183838,Q4 (highest)
0.4922323226928711,0.8862445950508118,Q4 (highest)
0.4832398593425751,0.9017894268035889,Q4 (highest)
0.6222432255744934,0.6412887573242188,Q2
0.571613073348999,0.7235307097434998,Q2
0.5312345623970032,0.8022855520248413,Q3
0.5631152391433716,0.7374178767204285,Q3
0.4966127872467041,0.8737016320228577,Q4 (highest)
0.47447648644447327,0.9237772822380066,Q4 (highest)
0.5272284150123596,0.817237913608551,Q3
0.5255234837532043,0.8139680027961731,Q3
0.5688929557800293,0.7270797491073608,Q2
0.4691559970378876,0.9385421276092529,Q4 (highest)
0.4988104999065399,0.8732956051826477,Q4 (highest)
0.5392254590988159,0.7893638014793396,Q3
0.5530020594596863,0.7696968913078308,Q3
0.5731726288795471,0.721157431602478,Q2
0.5422291159629822,0.8043607473373413,Q3
0.49330100417137146,0.8954487442970276,Q4 (highest)
0.5230529308319092,0.819031298160553,Q3
0.5562463998794556,0.7555475234985352,Q3
0.6714736819267273,0.5392347574234009,Q1 (lowest)
0.5998949408531189,0.6741147637367249,Q2
0.49335619807243347,0.8639907836914062,Q4 (highest)
0.46865659952163696,0.8821795582771301,Q4 (highest)
0.4963482916355133,0.8821795582771301,Q4 (highest)
0.4737255275249481,0.9161525368690491,Q4 (highest)
0.4730166494846344,0.934070885181427,Q4 (highest)
0.5218332409858704,0.8451953530311584,Q3
0.5133249163627625,0.8390346169471741,Q3
0.5345796942710876,0.8137197494506836,Q3
0.5162137150764465,0.8533643484115601,Q4 (highest)
0.4559393525123596,0.9603790640830994,Q4 (highest)
0.5067905783653259,0.8320200443267822,Q3
0.44798728823661804,0.9778246283531189,Q4 (highest)
0.4757901132106781,0.9237772822380066,Q4 (highest)
0.4776834547519684,0.9135674834251404,Q4 (highest)
0.45529577136039734,0.9651642441749573,Q4 (highest)
0.48266229033470154,0.9135674834251404,Q4 (highest)
0.562416672706604,0.7772682905197144,Q3
0.6897619366645813,0.5503990650177002,Q2
0.6926836371421814,0.5085939168930054,Q1 (lowest)
0.6790271401405334,0.5135230422019958,Q1 (lowest)
0.7042559385299683,0.4360370635986328,Q1 (lowest)
0.7372788190841675,0.3627975881099701,Q1 (lowest)
0.717144250869751,0.43923282623291016,Q1 (lowest)
0.652356743812561,0.619403600692749,Q2
0.5154741406440735,0.8346053957939148,Q3
0.4755292534828186,0.9181523323059082,Q4 (highest)
0.46328315138816833,0.9444308280944824,Q4 (highest)
0.4668620228767395,0.936711847782135,Q4 (highest)
0.48696374893188477,0.8939325213432312,Q4 (highest)
0.5510808825492859,0.7660421133041382,Q3
0.5137472152709961,0.8516849279403687,Q4 (highest)
0.4800012707710266,0.9086459875106812,Q4 (highest)
0.5216346979141235,0.8399393558502197,Q3
0.5247050523757935,0.8516849279403687,Q4 (highest)
0.5173324942588806,0.837540864944458,Q3
0.647217869758606,0.6108110547065735,Q2
0.7153054475784302,0.425931453704834,Q1 (lowest)
0.7170764207839966,0.47428473830223083,Q1 (lowest)
0.6533326506614685,0.5853725075721741,Q2
0.6530588865280151,0.5831174254417419,Q2
0.7214738726615906,0.47036615014076233,Q1 (lowest)
0.744519054889679,0.3872956931591034,Q1 (lowest)
0.7200726866722107,0.49692201614379883,Q1 (lowest)
0.6647865176200867,0.6177843809127808,Q2
0.5791527628898621,0.7740060687065125,Q3
0.47455283999443054,0.9275433421134949,Q4 (highest)
0.5416221022605896,0.8331627249717712,Q3
0.6301784515380859,0.6428372859954834,Q2
0.6730995774269104,0.5122194290161133,Q1 (lowest)
0.7349246144294739,0.3808622360229492,Q1 (lowest)
0.7297891974449158,0.39440882205963135,Q1 (lowest)
0.7324768900871277,0.3970654308795929,Q1 (lowest)
0.7228620648384094,0.4795072078704834,Q1 (lowest)
0.6517993807792664,0.5804840326309204,Q2
0.5435056090354919,0.7772682905197144,Q3
0.6564764976501465,0.549704909324646,Q2
0.6533248424530029,0.560310423374176,Q2
0.6241461634635925,0.6526823043823242,Q2
0.4780527651309967,0.911685049533844,Q4 (highest)
0.5775985717773438,0.6980251669883728,Q2
0.5038380026817322,0.8169835805892944,Q3
0.4769243896007538,0.9080520272254944,Q4 (highest)
0.46964511275291443,0.9275433421134949,Q4 (highest)
0.4548482894897461,0.9181523323059082,Q4 (highest)
0.45333513617515564,0.8835157752037048,Q4 (highest)
0.5014117360115051,0.8198072910308838,Q3
0.42771682143211365,0.9842681884765625,Q4 (highest)
0.5240517258644104,0.8169835805892944,Q3
0.49325472116470337,0.8895301222801208,Q4 (highest)
0.5380859375,0.7971130013465881,Q3
0.521695613861084,0.8200668096542358,Q3
0.4897180199623108,0.8954487442970276,Q4 (highest)
0.5897574424743652,0.6865482926368713,Q2
0.5896437764167786,0.7240937948226929,Q2
0.6680306792259216,0.5659193992614746,Q2
0.7175453901290894,0.43564116954803467,Q1 (lowest)
0.7257766127586365,0.3954777419567108,Q1 (lowest)
0.7515285015106201,0.31913691759109497,Q1 (lowest)
0.7359635233879089,0.39071425795555115,Q1 (lowest)
0.7017785310745239,0.4569087326526642,Q1 (lowest)
0.6955339312553406,0.4557022750377655,Q1 (lowest)
0.7248345613479614,0.38814452290534973,Q1 (lowest)
0.694112241268158,0.4957195818424225,Q1 (lowest)
0.7033759951591492,0.43916574120521545,Q1 (lowest)
0.6426343321800232,0.5788136720657349,Q2
0.5304959416389465,0.8071752190589905,Q3
0.47357186675071716,0.9223278760910034,Q4 (highest)
0.46041399240493774,0.9548220038414001,Q4 (highest)
0.503203809261322,0.8599777817726135,Q4 (highest)
0.5734063386917114,0.716503918170929,Q2
0.5667781829833984,0.7333571314811707,Q3
0.5898828506469727,0.6829115748405457,Q2
0.5042101144790649,0.8533643484115601,Q4 (highest)
0.5905122756958008,0.6830241680145264,Q2
0.5579127073287964,0.7513649463653564,Q3
0.5117011070251465,0.8423848748207092,Q3
0.599814236164093,0.6625440716743469,Q2
0.5697645545005798,0.7280863523483276,Q2
0.5216554999351501,0.8218982219696045,Q3
0.5806178450584412,0.7032240629196167,Q2
0.5932332277297974,0.6833624243736267,Q2
0.4793502390384674,0.9142053723335266,Q4 (highest)
0.49170705676078796,0.8839653134346008,Q4 (highest)
0.5045645833015442,0.8585532903671265,Q4 (highest)
0.5201190114021301,0.8264527916908264,Q3
0.5290914177894592,0.810046374797821,Q3
0.5671388506889343,0.7292439937591553,Q3
0.5837190747261047,0.6988815665245056,Q2
0.5014309287071228,0.8799922466278076,Q4 (highest)
0.5045645833015442,0.8585532903671265,Q4 (highest)
0.5881866812705994,0.7002353072166443,Q2
0.5084100961685181,0.8533643484115601,Q4 (highest)
0.5245106816291809,0.8464655876159668,Q4 (highest)
0.48683857917785645,0.9080520272254944,Q4 (highest)
0.5629710555076599,0.7418888807296753,Q3
0.670881450176239,0.5338717699050903,Q1 (lowest)
0.6172614693641663,0.6399324536323547,Q2
0.5750923156738281,0.7207419276237488,Q2
0.6043832302093506,0.6690253615379333,Q2
0.5517762303352356,0.7743863463401794,Q3
0.46020713448524475,0.9510926604270935,Q4 (highest)
0.5324520468711853,0.8221619725227356,Q3
0.5468177199363708,0.7719305753707886,Q3
0.5235638618469238,0.8221619725227356,Q3
0.4924519658088684,0.8857843279838562,Q4 (highest)
0.45374950766563416,0.9651642441749573,Q4 (highest)
0.5286070108413696,0.8149659633636475,Q3
0.46328315138816833,0.9444308280944824,Q4 (highest)
0.49503007531166077,0.8770081996917725,Q4 (highest)
0.46768656373023987,0.9349380135536194,Q4 (highest)
0.5158549547195435,0.8162235021591187,Q3
0.46279793977737427,0.9454799890518188,Q4 (highest)
0.4878663122653961,0.8934327960014343,Q4 (highest)
0.45972320437431335,0.9535431861877441,Q4 (highest)
0.5069280862808228,0.8639907836914062,Q4 (highest)
0.6017202734947205,0.6789024472236633,Q2
0.6247962713241577,0.6579453945159912,Q2
0.5689864158630371,0.7333571314811707,Q3
0.5724253058433533,0.7290988564491272,Q3
0.6757877469062805,0.555978536605835,Q2
0.6701560020446777,0.5204684734344482,Q1 (lowest)
0.6814424395561218,0.5417194962501526,Q1 (lowest)
0.6052506566047668,0.6770382523536682,Q2
0.5258866548538208,0.8132243156433105,Q3
0.5018061995506287,0.8628818988800049,Q4 (highest)
0.4879056513309479,0.8919497728347778,Q4 (highest)
0.5240517258644104,0.8169835805892944,Q3
0.5174174308776855,0.8306058049201965,Q3
0.46279793977737427,0.9454799890518188,Q4 (highest)
0.5514357686042786,0.7653210759162903,Q3
0.5469762682914734,0.7743863463401794,Q3
0.5887736678123474,0.7136889100074768,Q2
0.6520029902458191,0.591227650642395,Q2
0.6826897263526917,0.4973691701889038,Q1 (lowest)
0.7261058688163757,0.4032164514064789,Q1 (lowest)
0.7417539954185486,0.3734472393989563,Q1 (lowest)
0.7168872952461243,0.4175795018672943,Q1 (lowest)
0.7067238688468933,0.4274430274963379,Q1 (lowest)
0.7204142212867737,0.40767693519592285,Q1 (lowest)
0.6471897959709167,0.6374251842498779,Q2
0.5204053521156311,0.8346053957939148,Q3
0.5465240478515625,0.8132243156433105,Q3
0.652729332447052,0.6360066533088684,Q2
0.6964123845100403,0.49377498030662537,Q1 (lowest)
0.7416920065879822,0.3872956931591034,Q1 (lowest)
0.7342576384544373,0.4559940993785858,Q1 (lowest)
0.6748319864273071,0.5628186464309692,Q2
0.6818636059761047,0.569004237651825,Q2
0.6138357520103455,0.6613337993621826,Q2
0.5721349120140076,0.7190894484519958,Q2
0.5199659466743469,0.8253670334815979,Q3
0.701420247554779,0.4550836384296417,Q1 (lowest)
0.6860638856887817,0.47452473640441895,Q1 (lowest)
0.6031443476676941,0.6556862592697144,Q2
0.5500847101211548,0.763888418674469,Q3
0.6135951280593872,0.6271095275878906,Q2
0.4660431444644928,0.8770081996917725,Q4 (highest)
0.5574691891670227,0.7743863463401794,Q3
0.5448980331420898,0.7811956405639648,Q3
0.47834229469299316,0.9135674834251404,Q4 (highest)
0.47513875365257263,0.8704970479011536,Q4 (highest)
0.4845716059207916,0.8808614015579224,Q4 (highest)
0.5102513432502747,0.8071752190589905,Q3
0.4728933274745941,0.9237772822380066,Q4 (highest)
0.46328315138816833,0.9444308280944824,Q4 (highest)
0.47113296389579773,0.9275433421134949,Q4 (highest)
0.5018061995506287,0.8628818988800049,Q4 (highest)
0.5201190114021301,0.8264527916908264,Q3
0.6200876235961914,0.6314651370048523,Q2
0.6640463471412659,0.5694488883018494,Q2
0.6342012286186218,0.6300883889198303,Q2
0.679883599281311,0.5383585095405579,Q1 (lowest)
0.7203188538551331,0.4026869833469391,Q1 (lowest)
0.7304905652999878,0.3696727752685547,Q1 (lowest)
0.6791796088218689,0.5090672969818115,Q1 (lowest)
0.6061248183250427,0.6495345234870911,Q2
0.6082996726036072,0.6464366316795349,Q2
0.6249263286590576,0.6117478609085083,Q2
0.6347519755363464,0.5895374417304993,Q2
0.4661843478679657,0.9454799890518188,Q4 (highest)
0.6025747656822205,0.6641695499420166,Q2
0.5187870860099792,0.8311696648597717,Q3
0.469650000333786,0.9307215809822083,Q4 (highest)
0.4797190725803375,0.9092445373535156,Q4 (highest)
0.5676332712173462,0.73499995470047,Q3
0.5240517258644104,0.8169835805892944,Q3
0.46328315138816833,0.9444308280944824,Q4 (highest)
0.5161747932434082,0.8331627249717712,Q3
0.6167459487915039,0.6342476010322571,Q2
0.49200087785720825,0.8895301222801208,Q4 (highest)
0.4834754168987274,0.9080520272254944,Q4 (highest)
0.507684051990509,0.8506886959075928,Q4 (highest)
0.4568451941013336,0.9651642441749573,Q4 (highest)
0.4932275712490082,0.8821795582771301,Q4 (highest)
0.5205159187316895,0.825637698173523,Q3
0.6095700263977051,0.6457857489585876,Q2
0.46768656373023987,0.9349380135536194,Q4 (highest)
0.4764682352542877,0.9161525368690491,Q4 (highest)
0.5087841153144836,0.8585532903671265,Q4 (highest)
0.4450724720954895,0.9842681884765625,Q4 (highest)
0.5015152096748352,0.8770081996917725,Q4 (highest)
0.5332216620445251,0.8117485642433167,Q3
0.5645124316215515,0.7418888807296753,Q3
0.6761637330055237,0.5489556193351746,Q2
0.5559505224227905,0.7513649463653564,Q3
0.5322944521903992,0.78666090965271,Q3
0.4744541347026825,0.9040120840072632,Q4 (highest)
0.5371455550193787,0.784613847732544,Q3
0.6068455576896667,0.6457857489585876,Q2
0.5033716559410095,0.8493732810020447,Q4 (highest)
0.5731098055839539,0.7190894484519958,Q2
0.4815964698791504,0.9086459875106812,Q4 (highest)
0.47113296389579773,0.9275433421134949,Q4 (highest)
0.4903578758239746,0.8909742832183838,Q4 (highest)
0.4506964683532715,0.9752398133277893,Q4 (highest)
0.5059131979942322,0.8557568192481995,Q4 (highest)
0.45529577136039734,0.9651642441749573,Q4 (highest)
0.4899778366088867,0.8909742832183838,Q4 (highest)
0.4909420907497406,0.8990909457206726,Q4 (highest)
0.49945709109306335,0.8677703142166138,Q4 (highest)
0.46056967973709106,0.934070885181427,Q4 (highest)
0.42931699752807617,0.9888501763343811,Q4 (highest)
0.43906649947166443,0.934070885181427,Q4 (highest)
0.45146846771240234,0.9510926604270935,Q4 (highest)
0.45577335357666016,0.9669219255447388,Q4 (highest)
0.489056259393692,0.8895301222801208,Q4 (highest)
0.4745621383190155,0.9216144680976868,Q4 (highest)
0.5865577459335327,0.6930875778198242,Q2
0.5173599123954773,0.8464655876159668,Q4 (highest)
0.4703029692173004,0.9307215809822083,Q4 (highest)
0.4709261953830719,0.9161525368690491,Q4 (highest)
0.4712989926338196,0.9034509062767029,Q4 (highest)
0.5478838086128235,0.7304093241691589,Q3
0.5596175193786621,0.7333571314811707,Q3
0.5088362097740173,0.8516849279403687,Q4 (highest)
0.5644018054008484,0.7362046837806702,Q3
0.5779682993888855,0.7207419276237488,Q2
0.5139924883842468,0.8464655876159668,Q4 (highest)
0.48218879103660583,0.9040120840072632,Q4 (highest)
0.5247154235839844,0.8261805176734924,Q3
0.6536795496940613,0.5837299823760986,Q2
0.6762658953666687,0.5188218355178833,Q1 (lowest)
0.6526857614517212,0.5906627178192139,Q2
0.648276150226593,0.614584743976593,Q2
0.6386086940765381,0.5900992751121521,Q2
0.6131048202514648,0.6690253615379333,Q2
0.5060796141624451,0.8554120063781738,Q4 (highest)
0.5332804918289185,0.8022855520248413,Q3
0.5878279209136963,0.7101330757141113,Q2
0.6261376738548279,0.6077961325645447,Q2
0.6853628158569336,0.4933795928955078,Q1 (lowest)
0.6761096119880676,0.5491858720779419,Q2
0.6764237284660339,0.5472936630249023,Q2
0.6707324385643005,0.5524371266365051,Q2
0.5553364157676697,0.7689592242240906,Q3
0.5448845028877258,0.7883185148239136,Q3
0.5472275614738464,0.7696968913078308,Q3
0.4824540615081787,0.9034509062767029,Q4 (highest)
0.555431067943573,0.7530254125595093,Q3
0.663623034954071,0.5306355357170105,Q1 (lowest)
0.518373429775238,0.8320200443267822,Q3
0.5642423629760742,0.7418888807296753,Q3
0.5366347432136536,0.7912638187408447,Q3
0.48437929153442383,0.9142053723335266,Q4 (highest)
0.542439877986908,0.789994478225708,Q3
0.489386647939682,0.9045772552490234,Q4 (highest)
0.6162928938865662,0.6541300415992737,Q2
0.7030748724937439,0.4538520276546478,Q1 (lowest)
0.6861701607704163,0.4860075116157532,Q1 (lowest)
0.5211827158927917,0.8346053957939148,Q3
0.5038174986839294,0.8628818988800049,Q4 (highest)
0.5319679379463196,0.8117485642433167,Q3
0.4800012707710266,0.9086459875106812,Q4 (highest)
0.5435056090354919,0.7772682905197144,Q3
0.5010939836502075,0.8643630146980286,Q4 (highest)
0.5683265924453735,0.7282307147979736,Q2
0.4883693754673004,0.8909742832183838,Q4 (highest)
0.5121084451675415,0.8516849279403687,Q4 (highest)
0.5110180974006653,0.8451953530311584,Q3
0.5107006430625916,0.8554120063781738,Q4 (highest)
0.5117011070251465,0.8423848748207092,Q3
0.5270768404006958,0.8149659633636475,Q3
0.6113324165344238,0.6429288387298584,Q2
0.6260648965835571,0.6079496145248413,Q2
0.5660957098007202,0.7327635288238525,Q3
0.5679092407226562,0.7386395931243896,Q3
0.5549620985984802,0.755378246307373,Q3
0.5105164647102356,0.8799922466278076,Q4 (highest)
0.5725622773170471,0.7345503568649292,Q3
0.537528932094574,0.7936190962791443,Q3
0.5077524185180664,0.8547254204750061,Q4 (highest)
0.46020713448524475,0.9510926604270935,Q4 (highest)
0.5656949281692505,0.7363558411598206,Q3
0.5099378824234009,0.8474270105361938,Q4 (highest)
0.547163188457489,0.7740060687065125,Q3
0.5411846041679382,0.7819930911064148,Q3
0.4892767071723938,0.8996238112449646,Q4 (highest)
0.5099378824234009,0.8474270105361938,Q4 (highest)
0.5907760858535767,0.6883934140205383,Q2
0.5705317258834839,0.7362046837806702,Q3
0.47429561614990234,0.9275433421134949,Q4 (highest)
0.4786688983440399,0.9216144680976868,Q4 (highest)
0.4543895721435547,0.9651642441749573,Q4 (highest)
0.5198972821235657,0.8343155384063721,Q3
0.5351608395576477,0.8081257939338684,Q3
0.5702598094940186,0.7270797491073608,Q2
0.6514115333557129,0.560310423374176,Q2
0.5329491496086121,0.78666090965271,Q3
0.5124370455741882,0.8132243156433105,Q3
0.43930697441101074,0.9454799890518188,Q4 (highest)
0.5231747031211853,0.8221619725227356,Q3
0.5285844802856445,0.8182598352432251,Q3
0.5182498097419739,0.8390346169471741,Q3
0.4766307771205902,0.9275433421134949,Q4 (highest)
0.46484848856925964,0.9444308280944824,Q4 (highest)
0.46566057205200195,0.9454799890518188,Q4 (highest)
0.4585277736186981,0.9561408758163452,Q4 (highest)
0.4646839201450348,0.9414055943489075,Q4 (highest)
0.49613067507743835,0.8835157752037048,Q4 (highest)
0.4820168614387512,0.911685049533844,Q4 (highest)
0.533021092414856,0.7893638014793396,Q3
0.4699203670024872,0.9315419793128967,Q4 (highest)
0.472712904214859,0.9275433421134949,Q4 (highest)
0.502899169921875,0.8639907836914062,Q4 (highest)
0.5312345623970032,0.8022855520248413,Q3
0.5328963994979858,0.7988914847373962,Q3
0.4730697572231293,0.8939325213432312,Q4 (highest)
0.4934766888618469,0.8390346169471741,Q3
0.518629252910614,0.8137197494506836,Q3
0.5736591219902039,0.732319712638855,Q3
0.5489181876182556,0.770438015460968,Q3
0.6198694109916687,0.6243410706520081,Q2
0.6199509501457214,0.6207901835441589,Q2
0.588367760181427,0.6965662837028503,Q2
0.5562484860420227,0.7513649463653564,Q3
0.498148649930954,0.8704970479011536,Q4 (highest)
0.6090166568756104,0.6449520587921143,Q2
0.5938968062400818,0.681454062461853,Q2
0.5446042418479919,0.7817933559417725,Q3
0.560675323009491,0.7437736392021179,Q3
0.5111708641052246,0.8448798656463623,Q3
0.5986250042915344,0.675950288772583,Q2
0.5194374918937683,0.8264527916908264,Q3
0.5125927329063416,0.8662428259849548,Q4 (highest)
0.5202152132987976,0.8533643484115601,Q4 (highest)
0.5694634914398193,0.7450419664382935,Q3
0.4616052210330963,0.9548220038414001,Q4 (highest)
0.6189317107200623,0.6906083822250366,Q2
0.6946198344230652,0.5184245705604553,Q1 (lowest)
0.6797988414764404,0.5098745822906494,Q1 (lowest)
0.5166918039321899,0.8354789614677429,Q3
0.615973174571991,0.6529709696769714,Q2
0.4925590455532074,0.8821795582771301,Q4 (highest)
0.5504388213157654,0.8016003370285034,Q3
0.5472275614738464,0.7696968913078308,Q3
0.5813367366790771,0.7003588676452637,Q2
0.522752583026886,0.8132243156433105,Q3
0.5818808674812317,0.6992497444152832,Q2
0.5636249780654907,0.7431430220603943,Q3
0.4966127872467041,0.8737016320228577,Q4 (highest)
0.4995081126689911,0.8821795582771301,Q4 (highest)
0.5266756415367126,0.8198072910308838,Q3
0.6372820734977722,0.5875137448310852,Q2
0.5225480198860168,0.8200668096542358,Q3
0.5178176760673523,0.8331627249717712,Q3
0.5281233191490173,0.810046374797821,Q3
0.4935692846775055,0.8862445950508118,Q4 (highest)
0.46279793977737427,0.9454799890518188,Q4 (highest)
0.48016220331192017,0.911685049533844,Q4 (highest)
0.5649290680885315,0.7371137142181396,Q3
0.5278318524360657,0.8297645449638367,Q3
0.5474998354911804,0.7691433429718018,Q3
0.5234292149543762,0.8182598352432251,Q3
0.5084100961685181,0.8533643484115601,Q4 (highest)
0.5541895627975464,0.7555475234985352,Q3
0.5948047637939453,0.679012656211853,Q2
0.5638332962989807,0.7660421133041382,Q3
0.4983294606208801,0.877429187297821,Q4 (highest)
0.4925590455532074,0.8821795582771301,Q4 (highest)
0.5545927286148071,0.7581087946891785,Q3
0.6415407657623291,0.5837981104850769,Q2
0.6368460059165955,0.5807525515556335,Q2
0.5322718024253845,0.7796127796173096,Q3
0.51475590467453,0.8162235021591187,Q3
0.505654513835907,0.8430038690567017,Q3
0.614500105381012,0.6283807754516602,Q2
0.6115237474441528,0.6628477573394775,Q2
0.5149080157279968,0.8357715010643005,Q3
0.4680900573730469,0.934070885181427,Q4 (highest)
0.46279793977737427,0.9454799890518188,Q4 (highest)
0.5054041147232056,0.8554120063781738,Q4 (highest)
0.4145212173461914,0.9888501763343811,Q4 (highest)
0.48633262515068054,0.8821795582771301,Q4 (highest)
0.5310730934143066,0.805995762348175,Q3
0.47515612840652466,0.9223278760910034,Q4 (highest)
0.4589786231517792,0.934070885181427,Q4 (highest)
0.45849037170410156,0.9548220038414001,Q4 (highest)
0.504612386226654,0.8643630146980286,Q4 (highest)
0.6604948043823242,0.5402250289916992,Q1 (lowest)
0.6778693795204163,0.4980417788028717,Q1 (lowest)
0.6645267605781555,0.5332310795783997,Q1 (lowest)
0.6707128882408142,0.5137653350830078,Q1 (lowest)
0.630054235458374,0.6177843809127808,Q2
0.6281879544258118,0.6034690141677856,Q2
0.6281017661094666,0.6260142922401428,Q2
0.4924519658088684,0.8857843279838562,Q4 (highest)
0.553213894367218,0.7637102603912354,Q3
0.48609182238578796,0.9045772552490234,Q4 (highest)
0.6606853604316711,0.5510374307632446,Q2
0.6627505421638489,0.5317968130111694,Q1 (lowest)
0.5700875520706177,0.7437736392021179,Q3
0.5053265690803528,0.8628818988800049,Q4 (highest)
0.49945709109306335,0.8677703142166138,Q4 (highest)
0.4717869758605957,0.9275433421134949,Q4 (highest)
0.4888077676296234,0.8934327960014343,Q4 (highest)
0.5850716233253479,0.7062625288963318,Q2
0.6174013018608093,0.6454147696495056,Q2
0.5631152391433716,0.7374178767204285,Q3
0.6124734282493591,0.6377814412117004,Q2
0.563736617565155,0.7819930911064148,Q3
0.5511729121208191,0.7755327820777893,Q3
0.6490228772163391,0.5925756692886353,Q2
0.5431000590324402,0.7938351631164551,Q3
0.5238617658615112,0.8261805176734924,Q3
0.5671824812889099,0.7305554747581482,Q3
0.5337675213813782,0.7971130013465881,Q3
0.49740955233573914,0.8821795582771301,Q4 (highest)
0.5823917388916016,0.740179181098938,Q3
0.5133649706840515,0.8506886959075928,Q4 (highest)
0.49108895659446716,0.8799922466278076,Q4 (highest)
0.5934358835220337,0.6770382523536682,Q2
0.6538226008415222,0.5831174254417419,Q2
0.5472342371940613,0.7902053594589233,Q3
0.4624525010585785,0.9349380135536194,Q4 (highest)
0.5341688990592957,0.8071752190589905,Q3
0.49535655975341797,0.8533643484115601,Q4 (highest)
0.5875194668769836,0.6829115748405457,Q2
0.473906010389328,0.9216144680976868,Q4 (highest)
0.48696374893188477,0.8939325213432312,Q4 (highest)
0.49881497025489807,0.8724883794784546,Q4 (highest)
0.5097299814224243,0.8599777817726135,Q4 (highest)
0.5315699577331543,0.8016003370285034,Q3
0.4948287010192871,0.877429187297821,Q4 (highest)
0.5586533546447754,0.7464801669120789,Q3
0.5255234837532043,0.8139680027961731,Q3
0.46279793977737427,0.9454799890518188,Q4 (highest)
0.5416027307510376,0.7879023551940918,Q3
0.4646839201450348,0.9414055943489075,Q4 (highest)
0.5270692706108093,0.8169835805892944,Q3
0.5385113954544067,0.7936190962791443,Q3
0.5154741406440735,0.8346053957939148,Q3
0.49360352754592896,0.8799922466278076,Q4 (highest)
0.5926624536514282,0.7240937948226929,Q2
0.5973509550094604,0.6793437004089355,Q2
0.4899025857448578,0.8939325213432312,Q4 (highest)
0.5601556301116943,0.7476072907447815,Q3
0.5093693137168884,0.8610580563545227,Q4 (highest)
0.5018061995506287,0.8628818988800049,Q4 (highest)
0.5240517258644104,0.8169835805892944,Q3
0.5318734049797058,0.8043607473373413,Q3
0.5255234837532043,0.8139680027961731,Q3
0.602602481842041,0.6669440865516663,Q2
0.49919795989990234,0.8724883794784546,Q4 (highest)
0.5097256898880005,0.8464655876159668,Q4 (highest)
0.4819217622280121,0.9045772552490234,Q4 (highest)
0.5010939836502075,0.8643630146980286,Q4 (highest)
0.6030533313751221,0.6660147309303284,Q2
0.6697014570236206,0.528436541557312,Q1 (lowest)
0.6621805429458618,0.5216744542121887,Q1 (lowest)
0.594255805015564,0.6556862592697144,Q2
0.5249171257019043,0.7796127796173096,Q3
0.481976717710495,0.8919497728347778,Q4 (highest)
0.61992347240448,0.6171404123306274,Q2
0.647041916847229,0.5644872188568115,Q2
0.5812501311302185,0.740179181098938,Q3
0.47084417939186096,0.9315419793128967,Q4 (highest)
0.4536402225494385,0.9687837958335876,Q4 (highest)
0.5247349143028259,0.8169835805892944,Q3
0.4291442036628723,0.9888501763343811,Q4 (highest)
0.48644334077835083,0.9017894268035889,Q4 (highest)
0.47357186675071716,0.9223278760910034,Q4 (highest)
0.5201190114021301,0.8264527916908264,Q3
0.5306016206741333,0.8137197494506836,Q3
0.5592792630195618,0.7398701906204224,Q3
0.46085548400878906,0.9181523323059082,Q4 (highest)
0.5492827296257019,0.7696968913078308,Q3
0.5454636812210083,0.785021185874939,Q3
0.6263846158981323,0.614584743976593,Q2
0.7034010291099548,0.43597105145454407,Q1 (lowest)
0.550183892250061,0.7709960341453552,Q3
0.6164803504943848,0.6280410289764404,Q2
0.5641139149665833,0.7502123713493347,Q3
0.6776856780052185,0.5368882417678833,Q1 (lowest)
0.6125936508178711,0.6541300415992737,Q2
0.4819217622280121,0.9045772552490234,Q4 (highest)
0.5620440244674683,0.7740060687065125,Q3
0.6027646064758301,0.6564690470695496,Q2
0.6548952460289001,0.5531992316246033,Q2
0.6411873698234558,0.5967468619346619,Q2
0.6245587468147278,0.703349769115448,Q2
0.6430260539054871,0.6736854314804077,Q2
0.6367911696434021,0.6449520587921143,Q2
0.5031041502952576,0.8643630146980286,Q4 (highest)
0.5877140164375305,0.6907256841659546,Q2
0.4725489318370819,0.924513578414917,Q4 (highest)
0.5354799032211304,0.7936190962791443,Q3
0.5831969380378723,0.6965662837028503,Q2
0.5247020125389099,0.819031298160553,Q3
0.5360604524612427,0.7938351631164551,Q3
0.5458739399909973,0.8043607473373413,Q3
0.5854037404060364,0.6993726491928101,Q2
0.4848403036594391,0.9017894268035889,Q4 (highest)
0.5266202092170715,0.819031298160553,Q3
0.49041682481765747,0.8934327960014343,Q4 (highest)
0.6999123096466064,0.4918488562107086,Q1 (lowest)
0.613228976726532,0.6449520587921143,Q2
0.5072028636932373,0.8516849279403687,Q4 (highest)
0.4286971986293793,0.9651642441749573,Q4 (highest)
0.466656893491745,0.8835157752037048,Q4 (highest)
0.5015885829925537,0.854383647441864,Q4 (highest)
0.5353739857673645,0.7938351631164551,Q3
0.5160776972770691,0.837540864944458,Q3
0.5210415124893188,0.8245585560798645,Q3
0.49325472116470337,0.8895301222801208,Q4 (highest)
0.5472772717475891,0.7709960341453552,Q3
0.519569993019104,0.8261805176734924,Q3
0.5240517258644104,0.8169835805892944,Q3
0.5731726288795471,0.721157431602478,Q2
0.6046000719070435,0.6568616628646851,Q2
0.5432368516921997,0.7811956405639648,Q3
0.473906010389328,0.9216144680976868,Q4 (highest)
0.638556957244873,0.5875831842422485,Q2
0.4925590455532074,0.8821795582771301,Q4 (highest)
0.5515071153640747,0.7819930911064148,Q3
0.5530468821525574,0.80046546459198,Q3
0.541820228099823,0.8043607473373413,Q3
0.5405752658843994,0.789994478225708,Q3
0.4880908131599426,0.8949404954910278,Q4 (highest)
0.4450724720954895,0.9842681884765625,Q4 (highest)
0.5688617825508118,0.7345503568649292,Q3
0.5896397233009338,0.6969299912452698,Q2
0.5446175336837769,0.7885269522666931,Q3
0.5161747932434082,0.8331627249717712,Q3
0.46843409538269043,0.936711847782135,Q4 (highest)
0.5258866548538208,0.8132243156433105,Q3
0.5068938136100769,0.8628818988800049,Q4 (highest)
0.5319089293479919,0.817237913608551,Q3
0.46328315138816833,0.9444308280944824,Q4 (highest)
0.4675128161907196,0.936711847782135,Q4 (highest)
0.5725566744804382,0.7224099636077881,Q2
0.5375667214393616,0.7893638014793396,Q3
0.4876287877559662,0.8939325213432312,Q4 (highest)
0.518760085105896,0.8346053957939148,Q3
0.5267292261123657,0.8182598352432251,Q3
0.5001906752586365,0.8662428259849548,Q4 (highest)
0.48061490058898926,0.9161525368690491,Q4 (highest)
0.6097331047058105,0.6555886268615723,Q2
0.5655229687690735,0.7555475234985352,Q3
0.5519095659255981,0.7548712491989136,Q3
0.5371732115745544,0.7991153001785278,Q3
0.48305484652519226,0.9045772552490234,Q4 (highest)
0.4500040113925934,0.9603790640830994,Q4 (highest)
0.5812544226646423,0.7235307097434998,Q2
0.6356479525566101,0.597766637802124,Q2
0.5168980956077576,0.8451953530311584,Q3
0.4966127872467041,0.8737016320228577,Q4 (highest)
0.5294192433357239,0.805995762348175,Q3
0.4604972004890442,0.934070885181427,Q4 (highest)
0.489056259393692,0.8895301222801208,Q4 (highest)
0.48426491022109985,0.8996238112449646,Q4 (highest)
0.5720075964927673,0.7398701906204224,Q3
0.5218693017959595,0.825637698173523,Q3
0.4515248239040375,0.9603790640830994,Q4 (highest)
0.4800012707710266,0.9086459875106812,Q4 (highest)
0.5931152105331421,0.6796753406524658,Q2
0.6014382243156433,0.6727228760719299,Q2
0.6562020778656006,0.5444032549858093,Q2
0.6868006587028503,0.4769399166107178,Q1 (lowest)
0.6661784052848816,0.5248740911483765,Q1 (lowest)
0.5704008340835571,0.726793110370636,Q2
0.5843763947486877,0.6941602230072021,Q2
0.5115967988967896,0.8628818988800049,Q4 (highest)
0.5321255922317505,0.80046546459198,Q3
0.5753073692321777,0.73499995470047,Q3
0.6015922427177429,0.6690253615379333,Q2
0.5142454504966736,0.8639907836914062,Q4 (highest)
0.6006113290786743,0.6789024472236633,Q2
0.7016690373420715,0.4755677580833435,Q1 (lowest)
0.7228071093559265,0.4235926866531372,Q1 (lowest)
0.6884836554527283,0.49259090423583984,Q1 (lowest)
0.6206847429275513,0.6260142922401428,Q2
0.6177730560302734,0.6253433227539062,Q2
0.6031253337860107,0.6674622893333435,Q2
0.5888096690177917,0.718132495880127,Q2
0.5183677673339844,0.8286513686180115,Q3
0.4909420907497406,0.8990909457206726,Q4 (highest)
0.5513675212860107,0.7680419087409973,Q3
0.5156901478767395,0.837540864944458,Q3
0.5256071090698242,0.8139680027961731,Q3
0.5358389616012573,0.78666090965271,Q3
0.5573645830154419,0.7450419664382935,Q3
0.5415762066841125,0.7811956405639648,Q3
0.5004977583885193,0.867003858089447,Q4 (highest)
0.46328315138816833,0.9444308280944824,Q4 (highest)
0.48894959688186646,0.8939325213432312,Q4 (highest)
0.5083196759223938,0.8493732810020447,Q4 (highest)
0.5458523035049438,0.7724938988685608,Q3
0.4966127872467041,0.8737016320228577,Q4 (highest)
0.44798728823661804,0.9778246283531189,Q4 (highest)
0.5174174308776855,0.8306058049201965,Q3
0.543398380279541,0.805995762348175,Q3
0.6316429376602173,0.6367146968841553,Q2
0.6409665942192078,0.5897480249404907,Q2
0.5820841789245605,0.7002353072166443,Q2
0.5033578276634216,0.8610580563545227,Q4 (highest)
0.4808688163757324,0.9135674834251404,Q4 (highest)
0.4963240623474121,0.8533643484115601,Q4 (highest)
0.4599660038948059,0.8934327960014343,Q4 (highest)
0.4417632520198822,0.9454799890518188,Q4 (highest)
0.60236656665802,0.6660147309303284,Q2
0.6007905006408691,0.6560772657394409,Q2
0.4903578758239746,0.8909742832183838,Q4 (highest)
0.5273523330688477,0.819031298160553,Q3
0.5010939836502075,0.8643630146980286,Q4 (highest)
0.4675128161907196,0.936711847782135,Q4 (highest)
0.4948287010192871,0.877429187297821,Q4 (highest)
0.5072028636932373,0.8516849279403687,Q4 (highest)
0.5436288714408875,0.7811956405639648,Q3
0.5110761523246765,0.8554120063781738,Q4 (highest)
0.5647428035736084,0.7414208650588989,Q3
0.469650000333786,0.9307215809822083,Q4 (highest)
0.512904167175293,0.8547254204750061,Q4 (highest)
0.5460655093193054,0.7782409191131592,Q3
0.5031041502952576,0.8643630146980286,Q4 (highest)
0.5121300220489502,0.8448798656463623,Q3
0.553871750831604,0.7575933337211609,Q3
0.5536744594573975,0.7633544206619263,Q3
0.5354627966880798,0.8071752190589905,Q3
0.5074912905693054,0.8821795582771301,Q4 (highest)
0.5508796572685242,0.7827948331832886,Q3
0.45603904128074646,0.9669219255447388,Q4 (highest)
0.5006427764892578,0.8741092085838318,Q4 (highest)
0.5212159752845764,0.8261805176734924,Q3
0.5283531546592712,0.8169835805892944,Q3
0.48285332322120667,0.9135674834251404,Q4 (highest)
0.46874186396598816,0.934070885181427,Q4 (highest)
0.4981740117073059,0.8839653134346008,Q4 (highest)
0.48715001344680786,0.8949404954910278,Q4 (highest)
0.46768656373023987,0.9349380135536194,Q4 (highest)
0.516718864440918,0.8430038690567017,Q3
0.5831969380378723,0.6965662837028503,Q2
0.45849037170410156,0.9548220038414001,Q4 (highest)
0.5122526288032532,0.8474270105361938,Q4 (highest)
0.5425347685813904,0.7955742478370667,Q3
0.5237264633178711,0.8448798656463623,Q3
0.5936664938926697,0.6793437004089355,Q2
0.5510082244873047,0.7755327820777893,Q3
0.4906657338142395,0.8895301222801208,Q4 (highest)
0.5955702066421509,0.6922574043273926,Q2
0.5583367347717285,0.7471233010292053,Q3
0.5876591801643372,0.6888575553894043,Q2
0.5767293572425842,0.7327635288238525,Q3
0.5113743543624878,0.8610580563545227,Q4 (highest)
0.539228618144989,0.8221619725227356,Q3
0.5595769882202148,0.7513649463653564,Q3
0.5133394598960876,0.8423848748207092,Q3
0.5205159187316895,0.825637698173523,Q3
0.47003650665283203,0.934070885181427,Q4 (highest)
0.4885690212249756,0.8737016320228577,Q4 (highest)
0.5158138275146484,0.8474270105361938,Q4 (highest)
0.5089337229728699,0.8554120063781738,Q4 (highest)
0.5321285128593445,0.8110164999961853,Q3
0.5120795965194702,0.8430038690567017,Q3
0.538892924785614,0.78666090965271,Q3
0.5231308937072754,0.8261805176734924,Q3
0.608368992805481,0.6522021293640137,Q2
0.6206132173538208,0.619403600692749,Q2
0.5627524256706238,0.746962308883667,Q3
0.5631152391433716,0.7374178767204285,Q3
0.5038174986839294,0.8628818988800049,Q4 (highest)
0.5419703722000122,0.7817933559417725,Q3
0.6214174628257751,0.6496291756629944,Q2
0.5823344588279724,0.7253672480583191,Q2
0.6046936511993408,0.6524901390075684,Q2
0.5240517258644104,0.8169835805892944,Q3
0.6120592355728149,0.6625440716743469,Q2
0.7003510594367981,0.46942755579948425,Q1 (lowest)
0.7450515627861023,0.3365338146686554,Q1 (lowest)
0.692830502986908,0.4868561327457428,Q1 (lowest)
0.5899853110313416,0.7032240629196167,Q2
0.5997821092605591,0.6965662837028503,Q2
0.6145886182785034,0.6588365435600281,Q2
0.6750183701515198,0.5066643357276917,Q1 (lowest)
0.6455913782119751,0.5892571210861206,Q2
0.6136855483055115,0.6486847996711731,Q2
0.5832330584526062,0.7167742252349854,Q2
0.5576035380363464,0.7624684572219849,Q3
0.46667155623435974,0.9444308280944824,Q4 (highest)
0.48451730608940125,0.8990909457206726,Q4 (highest)
0.562799334526062,0.7236713171005249,Q2
0.4879056513309479,0.8919497728347778,Q4 (highest)
0.5567351579666138,0.7503765225410461,Q3
0.5603337287902832,0.7503765225410461,Q3
0.46332883834838867,0.9510926604270935,Q4 (highest)
0.5178176760673523,0.8331627249717712,Q3
0.5799059867858887,0.7333571314811707,Q3
0.5338757038116455,0.7968922853469849,Q3
0.46874186396598816,0.934070885181427,Q4 (highest)
0.5419703722000122,0.7817933559417725,Q3
0.5533591508865356,0.7660421133041382,Q3
0.6180691719055176,0.6969299912452698,Q2
0.5155235528945923,0.8516849279403687,Q4 (highest)
0.6131500005722046,0.6484964489936829,Q2
0.5667405128479004,0.7696968913078308,Q3
0.4948248863220215,0.8862445950508118,Q4 (highest)
0.5010939836502075,0.8643630146980286,Q4 (highest)
0.5501724481582642,0.7637102603912354,Q3
0.5478555560112,0.8110164999961853,Q3
0.6370811462402344,0.6524901390075684,Q2
0.5734291076660156,0.7508699297904968,Q3
0.5105069875717163,0.8331627249717712,Q3
0.46323642134666443,0.8996238112449646,Q4 (highest)
0.5025566220283508,0.8474270105361938,Q4 (highest)
0.5624815821647644,0.7290988564491272,Q3
0.6708188056945801,0.5135230422019958,Q1 (lowest)
0.5874842405319214,0.6878148317337036,Q2
0.46279793977737427,0.9454799890518188,Q4 (highest)
0.5537381172180176,0.7626451849937439,Q3
0.6492080688476562,0.5645492672920227,Q2
0.6020481586456299,0.6579453945159912,Q2
0.4725489318370819,0.924513578414917,Q4 (highest)
0.45209747552871704,0.9687837958335876,Q4 (highest)
0.5428155064582825,0.7955742478370667,Q3
0.5530980825424194,0.757764995098114,Q3
0.4725489318370819,0.924513578414917,Q4 (highest)
0.5690466165542603,0.7253672480583191,Q2
0.5184779167175293,0.8346053957939148,Q3
0.4815964698791504,0.9086459875106812,Q4 (highest)
0.5599122047424316,0.7596648931503296,Q3
0.48258352279663086,0.9045772552490234,Q4 (highest)
0.4590439796447754,0.9603790640830994,Q4 (highest)
0.4741499125957489,0.9142053723335266,Q4 (highest)
0.46060094237327576,0.9603790640830994,Q4 (highest)
0.4699203670024872,0.9315419793128967,Q4 (highest)
0.4680900573730469,0.934070885181427,Q4 (highest)
0.5139924883842468,0.8464655876159668,Q4 (highest)
0.4757901132106781,0.9237772822380066,Q4 (highest)
0.5655952095985413,0.7622917890548706,Q3
0.5718894004821777,0.7398701906204224,Q3
0.5414084792137146,0.810046374797821,Q3
0.4840533435344696,0.9034509062767029,Q4 (highest)
0.5066685080528259,0.8516849279403687,Q4 (highest)
0.5705677270889282,0.7304093241691589,Q3
0.5048114061355591,0.8704970479011536,Q4 (highest)
0.47896575927734375,0.9181523323059082,Q4 (highest)
0.5414683222770691,0.8139680027961731,Q3
0.526665449142456,0.8264527916908264,Q3
0.6496517658233643,0.5766952633857727,Q2
0.58395916223526,0.6983917355537415,Q2
0.5575117468833923,0.7605358958244324,Q3
0.4725489318370819,0.924513578414917,Q4 (highest)
0.5791894197463989,0.7156950831413269,Q2
0.5448358654975891,0.8083644509315491,Q3
0.5936976671218872,0.6908431053161621,Q2
0.4725489318370819,0.924513578414917,Q4 (highest)
0.5500847101211548,0.763888418674469,Q3
0.5161747932434082,0.8331627249717712,Q3
0.49977168440818787,0.8732956051826477,Q4 (highest)
0.4436376690864563,0.9888501763343811,Q4 (highest)
0.46701303124427795,0.9275433421134949,Q4 (highest)
0.4755292534828186,0.9181523323059082,Q4 (highest)
0.48720112442970276,0.8934327960014343,Q4 (highest)
0.5113618969917297,0.8464655876159668,Q4 (highest)
0.47420772910118103,0.936711847782135,Q4 (highest)
0.4668620228767395,0.936711847782135,Q4 (highest)
0.6003193855285645,0.6648849844932556,Q2
0.6280617117881775,0.6110448241233826,Q2
0.5213765501976013,0.8286513686180115,Q3
0.5774229764938354,0.72185218334198,Q2
0.658032238483429,0.592931866645813,Q2
0.6351213455200195,0.602270781993866,Q2
0.6739502549171448,0.5029506683349609,Q1 (lowest)
0.6902211904525757,0.4733278155326843,Q1 (lowest)
0.6757575273513794,0.5029506683349609,Q1 (lowest)
0.6483467817306519,0.5644252300262451,Q2
0.7108694314956665,0.42418256402015686,Q1 (lowest)
0.7099854350090027,0.4340656101703644,Q1 (lowest)
0.6601274609565735,0.5783483982086182,Q2
0.6044201254844666,0.6678778529167175,Q2
0.5869642496109009,0.6922574043273926,Q2
0.6532180905342102,0.552964448928833,Q2
0.49115410447120667,0.8939325213432312,Q4 (highest)
0.5800439715385437,0.6588365435600281,Q2
0.5513684153556824,0.7321720123291016,Q3
0.6424593329429626,0.5598245859146118,Q2
0.5097256898880005,0.8464655876159668,Q4 (highest)
0.5506964921951294,0.7626451849937439,Q3
0.5881040692329407,0.6865482926368713,Q2
0.5464609861373901,0.7936190962791443,Q3
0.5222050547599792,0.8390346169471741,Q3
0.5337422490119934,0.8081257939338684,Q3
0.4562906324863434,0.9669219255447388,Q4 (highest)
0.5208048224449158,0.8346053957939148,Q3
0.6237987875938416,0.6859754323959351,Q2
0.5508691668510437,0.805995762348175,Q3
0.6190919280052185,0.6335483193397522,Q2
0.6060089468955994,0.6603310108184814,Q2
0.5947603583335876,0.7089632749557495,Q2
0.5413575172424316,0.785021185874939,Q3
0.4616052210330963,0.9548220038414001,Q4 (highest)
0.494020938873291,0.8954487442970276,Q4 (highest)
0.5969203114509583,0.6718714237213135,Q2
0.689943253993988,0.48448890447616577,Q1 (lowest)
0.6584086418151855,0.5725231170654297,Q2
0.526328444480896,0.8137197494506836,Q3
0.5405852198600769,0.784613847732544,Q3
0.5449219942092896,0.7743863463401794,Q3
0.5072028636932373,0.8516849279403687,Q4 (highest)
0.5584160089492798,0.746962308883667,Q3
0.5293043255805969,0.8062308430671692,Q3
0.4430072009563446,0.9888501763343811,Q4 (highest)
0.6207212805747986,0.629318118095398,Q2
0.594961941242218,0.6725096702575684,Q2
0.5630289912223816,0.7437736392021179,Q3
0.5449219942092896,0.7743863463401794,Q3
0.5453910827636719,0.7796127796173096,Q3
0.5531825423240662,0.7575933337211609,Q3
0.5038899183273315,0.8585532903671265,Q4 (highest)
0.5327867269515991,0.7991153001785278,Q3
0.45374950766563416,0.9651642441749573,Q4 (highest)
0.4845739006996155,0.9161525368690491,Q4 (highest)
0.4899565875530243,0.8876386284828186,Q4 (highest)
0.5649290680885315,0.7371137142181396,Q3
0.547825276851654,0.7698817849159241,Q3
0.4773833751678467,0.9142053723335266,Q4 (highest)
0.5383052229881287,0.7979995608329773,Q3
0.5692850947380066,0.7124958634376526,Q2
0.5108278393745422,0.8240222930908203,Q3
0.5797616839408875,0.696082592010498,Q2
0.5974213480949402,0.6674622893333435,Q2
0.5412389636039734,0.7936190962791443,Q3
0.48624560236930847,0.8996238112449646,Q4 (highest)
0.6073525547981262,0.646996259689331,Q2
0.4773833751678467,0.9142053723335266,Q4 (highest)
0.46328315138816833,0.9444308280944824,Q4 (highest)
0.6234233975410461,0.6306895613670349,Q2
0.5345215797424316,0.7955742478370667,Q3
0.5055193305015564,0.8585532903671265,Q4 (highest)
0.4819217622280121,0.9045772552490234,Q4 (highest)
0.5021993517875671,0.8662428259849548,Q4 (highest)
0.4797190725803375,0.9092445373535156,Q4 (highest)
0.5024798512458801,0.8628818988800049,Q4 (highest)
0.5758577585220337,0.7156950831413269,Q2
0.5161542296409607,0.8346053957939148,Q3
0.4824540615081787,0.9034509062767029,Q4 (highest)
0.4819217622280121,0.9045772552490234,Q4 (highest)
0.5104031562805176,0.8464655876159668,Q4 (highest)
0.469650000333786,0.9307215809822083,Q4 (highest)
0.5255234837532043,0.8139680027961731,Q3
0.5204011797904968,0.8286513686180115,Q3
0.5822945833206177,0.7089632749557495,Q2
0.5353739857673645,0.7938351631164551,Q3
0.5258963108062744,0.8267256021499634,Q3
0.6377758383750916,0.5932173132896423,Q2
0.6838945150375366,0.498987078666687,Q1 (lowest)
0.6988676190376282,0.4549746513366699,Q1 (lowest)
0.7300304770469666,0.3898797929286957,Q1 (lowest)
0.7521390318870544,0.3696027398109436,Q1 (lowest)
0.6836320161819458,0.4891221225261688,Q1 (lowest)
0.6315470337867737,0.6064957976341248,Q2
0.6485940217971802,0.5990853905677795,Q2
0.6438827514648438,0.6104997396469116,Q2
0.6227417588233948,0.6329384446144104,Q2
0.49415847659111023,0.8876386284828186,Q4 (highest)
0.5163503885269165,0.8169835805892944,Q3
0.5914739966392517,0.6588365435600281,Q2
0.5218656659126282,0.7724938988685608,Q3
0.5886905789375305,0.6850624084472656,Q2
0.5513854622840881,0.7626451849937439,Q3
0.5054041147232056,0.8554120063781738,Q4 (highest)
0.4735487997531891,0.9237772822380066,Q4 (highest)
0.5398978590965271,0.784613847732544,Q3
0.6324848532676697,0.5943630933761597,Q2
0.5567351579666138,0.7503765225410461,Q3
0.5293821692466736,0.8253670334815979,Q3
0.5688617825508118,0.7345503568649292,Q3
0.599054753780365,0.7224099636077881,Q2
0.6738544702529907,0.5576522946357727,Q2
0.7132483124732971,0.49206680059432983,Q1 (lowest)
0.6908919215202332,0.47641420364379883,Q1 (lowest)
0.6394197344779968,0.5837299823760986,Q2
0.47749218344688416,0.9181523323059082,Q4 (highest)
0.48894959688186646,0.8939325213432312,Q4 (highest)
0.6421911120414734,0.5837299823760986,Q2
0.5657438635826111,0.728664219379425,Q2
0.503692626953125,0.8677703142166138,Q4 (highest)
0.6199509501457214,0.6207901835441589,Q2
0.5449219942092896,0.7743863463401794,Q3
0.5762810111045837,0.7106555104255676,Q2
0.608029305934906,0.646996259689331,Q2
0.48624560236930847,0.8996238112449646,Q4 (highest)
0.5716699957847595,0.7214349508285522,Q2
0.5536179542541504,0.7581087946891785,Q3
0.4838978350162506,0.9045772552490234,Q4 (highest)
0.5571773648262024,0.752858579158783,Q3
0.49728354811668396,0.8737016320228577,Q4 (highest)
0.5492531061172485,0.7743863463401794,Q3
0.47311583161354065,0.9237772822380066,Q4 (highest)
0.45527687668800354,0.9237772822380066,Q4 (highest)
0.5067176818847656,0.8526896834373474,Q4 (highest)
0.4735487997531891,0.9237772822380066,Q4 (highest)
0.49185019731521606,0.8909742832183838,Q4 (highest)
0.5573517680168152,0.7626451849937439,Q3
0.5751662850379944,0.7110482454299927,Q2
0.5145214796066284,0.7819930911064148,Q3
0.5611501932144165,0.7279422283172607,Q2
0.6050180792808533,0.6515318155288696,Q2
0.5808624029159546,0.7101330757141113,Q2
0.45209747552871704,0.9687837958335876,Q4 (highest)
0.5054041147232056,0.8554120063781738,Q4 (highest)
0.5372573733329773,0.789994478225708,Q3
0.5968168377876282,0.6720839142799377,Q2
0.5593868494033813,0.7555475234985352,Q3
0.46176645159721375,0.9510926604270935,Q4 (highest)
0.5755063891410828,0.7122317552566528,Q2
0.577734649181366,0.716503918170929,Q2
0.4668620228767395,0.936711847782135,Q4 (highest)
0.5220062732696533,0.8245585560798645,Q3
0.47113296389579773,0.9275433421134949,Q4 (highest)
0.5131790041923523,0.8393353819847107,Q3
0.4813138544559479,0.9092445373535156,Q4 (highest)
0.45209747552871704,0.9687837958335876,Q4 (highest)
0.45788413286209106,0.9561408758163452,Q4 (highest)
0.4876287877559662,0.8939325213432312,Q4 (highest)
0.4728933274745941,0.9237772822380066,Q4 (highest)
0.48218879103660583,0.9040120840072632,Q4 (highest)
0.46020713448524475,0.9510926604270935,Q4 (highest)
0.4757166802883148,0.924513578414917,Q4 (highest)
0.5030310153961182,0.8603366017341614,Q4 (highest)
0.519569993019104,0.8261805176734924,Q3
0.4997708797454834,0.8704970479011536,Q4 (highest)
0.5416027307510376,0.7879023551940918,Q3
0.5771489143371582,0.7224099636077881,Q2
0.5657480955123901,0.7513649463653564,Q3
0.5906562209129333,0.7224099636077881,Q2
0.639913022518158,0.6110448241233826,Q2
0.6685368418693542,0.5526713132858276,Q2
0.6901700496673584,0.5254892706871033,Q1 (lowest)
0.682299792766571,0.5783483982086182,Q2
0.5352373123168945,0.8218982219696045,Q3
0.4969685971736908,0.8835157752037048,Q4 (highest)
0.4866262376308441,0.9034509062767029,Q4 (highest)
0.4838978350162506,0.9045772552490234,Q4 (highest)
0.5032833814620972,0.8639907836914062,Q4 (highest)
0.5965055823326111,0.6727228760719299,Q2
0.6445185542106628,0.568560779094696,Q2
0.6397624611854553,0.5802158713340759,Q2
0.562135636806488,0.7394076585769653,Q3
0.5940194129943848,0.6832495331764221,Q2
0.4883693754673004,0.8909742832183838,Q4 (highest)
0.5668628811836243,0.7371137142181396,Q3
0.6071629524230957,0.6579453945159912,Q2
0.4703029692173004,0.9307215809822083,Q4 (highest)
0.5794863104820251,0.7189524173736572,Q2
0.61922687292099,0.6495345234870911,Q2
0.5072028636932373,0.8516849279403687,Q4 (highest)
0.5012837648391724,0.8741092085838318,Q4 (highest)
0.6972619295120239,0.528436541557312,Q1 (lowest)
0.7495643496513367,0.3663404881954193,Q1 (lowest)
0.7496931552886963,0.38515201210975647,Q1 (lowest)
0.7014548182487488,0.5383585095405579,Q1 (lowest)
0.5930600166320801,0.6969299912452698,Q2
0.5688371062278748,0.7299713492393494,Q3
0.4625868797302246,0.9385421276092529,Q4 (highest)
0.44881972670555115,0.9687837958335876,Q4 (highest)
0.5786267518997192,0.7058799266815186,Q2
0.5339484214782715,0.8264527916908264,Q3
0.44849735498428345,0.9669219255447388,Q4 (highest)
0.624605119228363,0.6177843809127808,Q2
0.489056259393692,0.8895301222801208,Q4 (highest)
0.5683450102806091,0.726793110370636,Q2
0.6032077670097351,0.6589357852935791,Q2
0.5529288649559021,0.7581087946891785,Q3
0.5354852080345154,0.7997888326644897,Q3
0.5103381276130676,0.8557568192481995,Q4 (highest)
0.4768059253692627,0.9216144680976868,Q4 (highest)
0.5020512938499451,0.8741092085838318,Q4 (highest)
0.51237952709198,0.8423848748207092,Q3
0.5078326463699341,0.8354789614677429,Q3
0.4713258743286133,0.911685049533844,Q4 (highest)
0.4656776487827301,0.9414055943489075,Q4 (highest)
0.44916000962257385,0.9752398133277893,Q4 (highest)
0.4816189706325531,0.924513578414917,Q4 (highest)
0.48670369386672974,0.9017894268035889,Q4 (highest)
0.48511409759521484,0.9040120840072632,Q4 (highest)
0.46279793977737427,0.9454799890518188,Q4 (highest)
0.48683857917785645,0.9080520272254944,Q4 (highest)
0.469650000333786,0.9307215809822083,Q4 (highest)
0.5129998326301575,0.8464655876159668,Q4 (highest)
0.4816477298736572,0.8451953530311584,Q3
0.5049936175346375,0.837540864944458,Q3
0.463255375623703,0.9307215809822083,Q4 (highest)
0.5221933722496033,0.8343155384063721,Q3
0.5382493138313293,0.8018283843994141,Q3
0.5277056694030762,0.8331627249717712,Q3
0.48696374893188477,0.8939325213432312,Q4 (highest)
0.5194374918937683,0.8264527916908264,Q3
0.5190614461898804,0.8306058049201965,Q3
0.4970303475856781,0.8770081996917725,Q4 (highest)
0.5255234837532043,0.8139680027961731,Q3
0.5564921498298645,0.7508699297904968,Q3
0.4764682352542877,0.9161525368690491,Q4 (highest)
0.5008386969566345,0.8737016320228577,Q4 (highest)
0.530904233455658,0.8043607473373413,Q3
0.4513118863105774,0.9651642441749573,Q4 (highest)
0.46744489669799805,0.9135674834251404,Q4 (highest)
0.4436376690864563,0.9888501763343811,Q4 (highest)
0.4559393525123596,0.9603790640830994,Q4 (highest)
0.46845847368240356,0.9237772822380066,Q4 (highest)
0.48016220331192017,0.911685049533844,Q4 (highest)
0.5625137686729431,0.7386395931243896,Q3
0.5575397610664368,0.7487420439720154,Q3
0.4728933274745941,0.9237772822380066,Q4 (highest)
0.5636380910873413,0.7363558411598206,Q3
0.5812745094299316,0.756908655166626,Q3
0.6621777415275574,0.5770248174667358,Q2
0.5396213531494141,0.8009184002876282,Q3
0.506575882434845,0.854383647441864,Q4 (highest)
0.548012912273407,0.7782409191131592,Q3
0.5711719989776611,0.7252253293991089,Q2
0.668533980846405,0.5505149960517883,Q2
0.5710349082946777,0.7280863523483276,Q2
0.5140493512153625,0.837540864944458,Q3
0.5430416464805603,0.7796127796173096,Q3
0.5960365533828735,0.6736854314804077,Q2
0.4828507602214813,0.9040120840072632,Q4 (highest)
0.5464481711387634,0.7726821303367615,Q3
0.5753766298294067,0.7124958634376526,Q2
0.48409873247146606,0.8464655876159668,Q4 (highest)
0.5344122052192688,0.7709960341453552,Q3
0.618846595287323,0.6272785663604736,Q2
0.4919479489326477,0.8876386284828186,Q4 (highest)
0.46926766633987427,0.9315419793128967,Q4 (highest)
0.5148188471794128,0.8393353819847107,Q3
0.6288766264915466,0.6061911582946777,Q2
0.5521630644798279,0.7596648931503296,Q3
0.581516683101654,0.7101330757141113,Q2
0.5786267518997192,0.7058799266815186,Q2
0.6481831073760986,0.5850977897644043,Q2
0.6319350600242615,0.619403600692749,Q2
0.5469241142272949,0.7764946222305298,Q3
0.5409519076347351,0.80046546459198,Q3
0.45914411544799805,0.9669219255447388,Q4 (highest)
0.5793671607971191,0.7253672480583191,Q2
0.7086240649223328,0.5091147422790527,Q1 (lowest)
0.7353979349136353,0.35675832629203796,Q1 (lowest)
0.7440142035484314,0.40733447670936584,Q1 (lowest)
0.6765091419219971,0.5892571210861206,Q2
0.5083196759223938,0.8493732810020447,Q4 (highest)
0.5454482436180115,0.8132243156433105,Q3
0.5913142561912537,0.7189524173736572,Q2
0.5617007613182068,0.7431430220603943,Q3
0.47406885027885437,0.9086459875106812,Q4 (highest)
0.4848594665527344,0.877429187297821,Q4 (highest)
0.5104193091392517,0.8585532903671265,Q4 (highest)
0.489056259393692,0.8895301222801208,Q4 (highest)
0.5465888381004333,0.7709960341453552,Q3
0.4888077676296234,0.8934327960014343,Q4 (highest)
0.5602856278419495,0.7445651888847351,Q3
0.4776834547519684,0.9135674834251404,Q4 (highest)
0.4978652000427246,0.8724883794784546,Q4 (highest)
0.4945550858974457,0.8821795582771301,Q4 (highest)
0.5119771361351013,0.8451953530311584,Q3
0.49283286929130554,0.8857843279838562,Q4 (highest)
0.473906010389328,0.9216144680976868,Q4 (highest)
0.48918089270591736,0.8954487442970276,Q4 (highest)
0.46306052803993225,0.9510926604270935,Q4 (highest)
0.4838978350162506,0.9045772552490234,Q4 (highest)
0.4820674955844879,0.9034509062767029,Q4 (highest)
0.498422235250473,0.8533643484115601,Q4 (highest)
0.4860675036907196,0.8724883794784546,Q4 (highest)
0.4410059154033661,0.9561408758163452,Q4 (highest)
0.47049131989479065,0.9223278760910034,Q4 (highest)
0.4849282205104828,0.8996238112449646,Q4 (highest)
0.48772478103637695,0.8990909457206726,Q4 (highest)
0.47711697220802307,0.9181523323059082,Q4 (highest)
0.4754200577735901,0.9414055943489075,Q4 (highest)
0.5150238871574402,0.8585532903671265,Q4 (highest)
0.48642149567604065,0.8876386284828186,Q4 (highest)
0.4836494028568268,0.8835157752037048,Q4 (highest)
0.49591103196144104,0.8954487442970276,Q4 (highest)
0.5438270568847656,0.7827948331832886,Q3
0.5059001445770264,0.854383647441864,Q4 (highest)
0.5102378129959106,0.8677703142166138,Q4 (highest)
0.5133249163627625,0.8390346169471741,Q3
0.5240517258644104,0.8169835805892944,Q3
0.4956619441509247,0.8862445950508118,Q4 (highest)
0.4919479489326477,0.8876386284828186,Q4 (highest)
0.4948287010192871,0.877429187297821,Q4 (highest)
0.49292227625846863,0.8770081996917725,Q4 (highest)
0.48549357056617737,0.8949404954910278,Q4 (highest)
0.4988477826118469,0.8506886959075928,Q4 (highest)
0.5048324465751648,0.8599777817726135,Q4 (highest)
0.44798728823661804,0.9778246283531189,Q4 (highest)
0.5255234837532043,0.8139680027961731,Q3
0.4879056513309479,0.8919497728347778,Q4 (highest)
0.5513675212860107,0.7680419087409973,Q3
0.5079175233840942,0.854383647441864,Q4 (highest)
0.5315699577331543,0.8016003370285034,Q3
0.5230529308319092,0.819031298160553,Q3
0.5060796141624451,0.8554120063781738,Q4 (highest)
0.5379442572593689,0.789994478225708,Q3
0.5294409990310669,0.8198072910308838,Q3
0.5833385586738586,0.7101330757141113,Q2
0.6716777682304382,0.5433367490768433,Q1 (lowest)
0.703883707523346,0.5027667284011841,Q1 (lowest)
0.669987142086029,0.5770248174667358,Q2
0.6063368320465088,0.675950288772583,Q2
0.5240517258644104,0.8169835805892944,Q3
0.508736252784729,0.8526896834373474,Q4 (highest)
0.4984167218208313,0.8526896834373474,Q4 (highest)
0.5070679783821106,0.8533643484115601,Q4 (highest)
0.5295271873474121,0.8071752190589905,Q3
0.5983889698982239,0.6965662837028503,Q2
0.5644727945327759,0.7414208650588989,Q3
0.6435306668281555,0.5740777254104614,Q2
0.5215269327163696,0.8221619725227356,Q3
0.5256447196006775,0.8137197494506836,Q3
0.6456688046455383,0.5694488883018494,Q2
0.6725786924362183,0.5500516891479492,Q2
0.6201257705688477,0.6577479243278503,Q2
0.489056259393692,0.8895301222801208,Q4 (highest)
0.5726128220558167,0.7386395931243896,Q3
0.6106851696968079,0.6678778529167175,Q2
0.5300758481025696,0.8331627249717712,Q3
0.597902774810791,0.6874685883522034,Q2
0.7122215628623962,0.4954977035522461,Q1 (lowest)
0.7386297583580017,0.34712082147598267,Q1 (lowest)
0.7415968179702759,0.37221208214759827,Q1 (lowest)
0.7053335309028625,0.5113549828529358,Q1 (lowest)
0.6405624151229858,0.6417429447174072,Q2
0.584756076335907,0.7038528919219971,Q2
0.4966127872467041,0.8737016320228577,Q4 (highest)
0.6092559099197388,0.6464366316795349,Q2
0.5240517258644104,0.8169835805892944,Q3
0.4869086742401123,0.8954487442970276,Q4 (highest)
0.5180981755256653,0.8306058049201965,Q3
0.5327867269515991,0.7991153001785278,Q3
0.4562906324863434,0.9669219255447388,Q4 (highest)
0.4728933274745941,0.9237772822380066,Q4 (highest)
0.5247349143028259,0.8169835805892944,Q3
0.5157780647277832,0.7979995608329773,Q3
0.4280475676059723,0.9548220038414001,Q4 (highest)
0.45762190222740173,0.9034509062767029,Q4 (highest)
0.5232506394386292,0.7955742478370667,Q3
0.42815452814102173,0.9888501763343811,Q4 (highest)
0.4379899501800537,0.9603790640830994,Q4 (highest)
0.475934237241745,0.8939325213432312,Q4 (highest)
0.4535762369632721,0.9669219255447388,Q4 (highest)
0.48670369386672974,0.9017894268035889,Q4 (highest)
0.5171432495117188,0.8311696648597717,Q3
0.46601200103759766,0.9385421276092529,Q4 (highest)
0.4822542369365692,0.9080520272254944,Q4 (highest)
0.4577849507331848,0.9651642441749573,Q4 (highest)
0.47843313217163086,0.9161525368690491,Q4 (highest)
0.5585255026817322,0.7555475234985352,Q3
0.4811398684978485,0.8990909457206726,Q4 (highest)
0.5167562365531921,0.8451953530311584,Q3
0.4773833751678467,0.9142053723335266,Q4 (highest)
0.5767781138420105,0.7138218879699707,Q2
0.49290353059768677,0.8876386284828186,Q4 (highest)
0.5038899183273315,0.8585532903671265,Q4 (highest)
0.5511460304260254,0.7968922853469849,Q3
0.6287400722503662,0.6517231464385986,Q2
0.5411133766174316,0.7883185148239136,Q3
0.5711449980735779,0.7079295516014099,Q2
0.5618804097175598,0.7282307147979736,Q2
0.5426018834114075,0.7726821303367615,Q3
0.49364209175109863,0.8934327960014343,Q4 (highest)
0.4964175224304199,0.8741092085838318,Q4 (highest)
0.4680900573730469,0.934070885181427,Q4 (highest)
0.4481807351112366,0.9548220038414001,Q4 (highest)
0.4380680024623871,0.934070885181427,Q4 (highest)
0.46279793977737427,0.9454799890518188,Q4 (highest)
0.5345215797424316,0.7955742478370667,Q3
0.5198341608047485,0.825637698173523,Q3
0.5107370018959045,0.8516849279403687,Q4 (highest)
0.5954480171203613,0.6832495331764221,Q2
0.6209273338317871,0.6465297937393188,Q2
0.6351219415664673,0.6217748522758484,Q2
0.6489015817642212,0.5590375065803528,Q2
0.4839024543762207,0.9017894268035889,Q4 (highest)
0.5881825089454651,0.6651924848556519,Q2
0.5985048413276672,0.6266875863075256,Q2
0.45566126704216003,0.9651642441749573,Q4 (highest)
0.5354847311973572,0.8009184002876282,Q3
0.5660306811332703,0.7689592242240906,Q3
0.6251298785209656,0.6424718499183655,Q2
0.690636157989502,0.49202316999435425,Q1 (lowest)
0.6037395596504211,0.6727228760719299,Q2
0.5310029983520508,0.8137197494506836,Q3
0.5560664534568787,0.7622917890548706,Q3
0.5356789827346802,0.8200668096542358,Q3
0.554707407951355,0.7724938988685608,Q3
0.657801628112793,0.5482663512229919,Q2
0.6771664023399353,0.5766952633857727,Q2
0.7094805836677551,0.5250789523124695,Q1 (lowest)
0.7293346524238586,0.4086504280567169,Q1 (lowest)
0.7613391280174255,0.30236610770225525,Q1 (lowest)
0.7598272562026978,0.303642213344574,Q1 (lowest)
0.7341393232345581,0.3891526758670807,Q1 (lowest)
0.7099387049674988,0.5007544159889221,Q1 (lowest)
0.578645646572113,0.721157431602478,Q2
0.46020713448524475,0.9510926604270935,Q4 (highest)
0.5114012956619263,0.8430038690567017,Q3
0.585050642490387,0.7110482454299927,Q2
0.6330237984657288,0.5932173132896423,Q2
0.5225480198860168,0.8200668096542358,Q3
0.5181261897087097,0.8430038690567017,Q3
0.5967809557914734,0.677584707736969,Q2
0.5103403329849243,0.8451953530311584,Q3
0.4450724720954895,0.9842681884765625,Q4 (highest)
0.47843313217163086,0.9161525368690491,Q4 (highest)
0.4430072009563446,0.9888501763343811,Q4 (highest)
0.4535861909389496,0.9669219255447388,Q4 (highest)
0.4260416030883789,0.9444308280944824,Q4 (highest)
0.45086461305618286,0.9315419793128967,Q4 (highest)
0.47843313217163086,0.9161525368690491,Q4 (highest)
0.48822852969169617,0.8954487442970276,Q4 (highest)
0.5032833814620972,0.8639907836914062,Q4 (highest)
0.5172572135925293,0.8343155384063721,Q3
0.5968790054321289,0.6888575553894043,Q2
0.5812428593635559,0.7581087946891785,Q3
0.586383044719696,0.6934443712234497,Q2
0.5104929804801941,0.8448798656463623,Q3
0.5157381296157837,0.8402424454689026,Q3
0.46328315138816833,0.9444308280944824,Q4 (highest)
0.5922467708587646,0.681454062461853,Q2
0.49738627672195435,0.8720870614051819,Q4 (highest)
0.5667781829833984,0.7333571314811707,Q3
0.5696935653686523,0.7282307147979736,Q2
0.45047760009765625,0.9454799890518188,Q4 (highest)
0.4860559403896332,0.8426939845085144,Q3
0.4553425908088684,0.9444308280944824,Q4 (highest)
0.4590786099433899,0.9535431861877441,Q4 (highest)
0.576308012008667,0.721157431602478,Q2
0.4826370179653168,0.9092445373535156,Q4 (highest)
0.4800012707710266,0.9086459875106812,Q4 (highest)
0.5297631621360779,0.8052927851676941,Q3
0.4937891960144043,0.8857843279838562,Q4 (highest)
0.4808688163757324,0.9135674834251404,Q4 (highest)
0.5975005030632019,0.6983917355537415,Q2
0.647191047668457,0.6306895613670349,Q2
0.5137472152709961,0.8516849279403687,Q4 (highest)
0.5200576186180115,0.8390346169471741,Q3
0.5018741488456726,0.8737016320228577,Q4 (highest)
0.5501724481582642,0.7637102603912354,Q3
0.6221166849136353,0.6230124235153198,Q2
0.603402853012085,0.6613337993621826,Q2
0.6044607162475586,0.6529709696769714,Q2
0.6007797718048096,0.6454147696495056,Q2
0.5545927286148071,0.7581087946891785,Q3
0.5674242377281189,0.728664219379425,Q2
0.6129093170166016,0.6464366316795349,Q2
0.5031061768531799,0.8737016320228577,Q4 (highest)
0.4646839201450348,0.9414055943489075,Q4 (highest)
0.556774914264679,0.7516957521438599,Q3
0.6341477036476135,0.6424718499183655,Q2
0.6740346550941467,0.5387961864471436,Q1 (lowest)
0.5843674540519714,0.7003588676452637,Q2
0.5271259546279907,0.837540864944458,Q3
0.5154741406440735,0.8346053957939148,Q3
0.6052166819572449,0.6555886268615723,Q2
0.6979216933250427,0.45912104845046997,Q1 (lowest)
0.7405529022216797,0.39850303530693054,Q1 (lowest)
0.726905882358551,0.37567710876464844,Q1 (lowest)
0.750811755657196,0.3136584758758545,Q1 (lowest)
0.778587281703949,0.2427751123905182,Q1 (lowest)
0.7405553460121155,0.33601024746894836,Q1 (lowest)
0.7165758013725281,0.47750765085220337,Q1 (lowest)
0.6294426918029785,0.6564690470695496,Q2
0.5554280281066895,0.7633544206619263,Q3
0.5526902079582214,0.7487420439720154,Q3
0.5834911465644836,0.6745450496673584,Q2
0.5550755262374878,0.763888418674469,Q3
0.5273209810256958,0.8264527916908264,Q3
0.46100369095802307,0.9535431861877441,Q4 (highest)
0.4989001750946045,0.868930459022522,Q4 (highest)
0.5289456248283386,0.8083644509315491,Q3
0.5018061995506287,0.8628818988800049,Q4 (highest)
0.49677059054374695,0.8821795582771301,Q4 (highest)
0.5898828506469727,0.6829115748405457,Q2
0.5222092866897583,0.8221619725227356,Q3
0.4757901132106781,0.9237772822380066,Q4 (highest)
0.5059001445770264,0.854383647441864,Q4 (highest)
0.5133249163627625,0.8390346169471741,Q3
0.5631152391433716,0.7374178767204285,Q3
0.5070679783821106,0.8533643484115601,Q4 (highest)
0.5017672777175903,0.8643630146980286,Q4 (highest)
0.4925895631313324,0.8835157752037048,Q4 (highest)
0.47927483916282654,0.9135674834251404,Q4 (highest)
0.4776834547519684,0.9135674834251404,Q4 (highest)
0.49410852789878845,0.8862445950508118,Q4 (highest)
0.4899565875530243,0.8876386284828186,Q4 (highest)
0.4592204988002777,0.9414055943489075,Q4 (highest)
0.49415645003318787,0.8557568192481995,Q4 (highest)
0.4317622184753418,0.9687837958335876,Q4 (highest)
0.5359179377555847,0.7535267472267151,Q3
0.42059555649757385,0.936711847782135,Q4 (highest)
0.469650000333786,0.9307215809822083,Q4 (highest)
0.5400500297546387,0.8182598352432251,Q3
0.5363216400146484,0.7919024229049683,Q3
0.49283286929130554,0.8857843279838562,Q4 (highest)
0.5487302541732788,0.7680419087409973,Q3
0.5699309706687927,0.7445651888847351,Q3
0.46279793977737427,0.9454799890518188,Q4 (highest)
0.5216123461723328,0.8253670334815979,Q3
0.4590786099433899,0.9535431861877441,Q4 (highest)
0.5479068756103516,0.7724938988685608,Q3
0.5171432495117188,0.8311696648597717,Q3
0.47113296389579773,0.9275433421134949,Q4 (highest)
0.5583993792533875,0.7503765225410461,Q3
0.44630464911460876,0.9888501763343811,Q4 (highest)
0.5366347432136536,0.7912638187408447,Q3
0.5883283615112305,0.6860898733139038,Q2
0.5258230566978455,0.8221619725227356,Q3
0.5691164135932922,0.7252253293991089,Q2
0.5203597545623779,0.8132243156433105,Q3
0.46926766633987427,0.9315419793128967,Q4 (highest)
0.48218879103660583,0.9040120840072632,Q4 (highest)
0.47113296389579773,0.9275433421134949,Q4 (highest)
0.5202516317367554,0.8261805176734924,Q3
0.4565899074077606,0.9535431861877441,Q4 (highest)
0.4668620228767395,0.936711847782135,Q4 (highest)
0.469650000333786,0.9307215809822083,Q4 (highest)
0.5026837587356567,0.8610580563545227,Q4 (highest)
0.5278530120849609,0.8240222930908203,Q3
0.5465407371520996,0.7724938988685608,Q3
0.4613375663757324,0.9548220038414001,Q4 (highest)
0.5968472361564636,0.675950288772583,Q2
0.6553992629051208,0.5619586706161499,Q2
0.6429995894432068,0.612925112247467,Q2
0.5194374918937683,0.8264527916908264,Q3
0.5751575827598572,0.7386395931243896,Q3
0.6000732183456421,0.7224099636077881,Q2
0.5584657788276672,0.7698817849159241,Q3
0.4989001750946045,0.868930459022522,Q4 (highest)
0.4932275712490082,0.8821795582771301,Q4 (highest)
0.47896575927734375,0.9181523323059082,Q4 (highest)
0.4941736161708832,0.8821795582771301,Q4 (highest)
0.4941736161708832,0.8821795582771301,Q4 (highest)
0.6164803504943848,0.6280410289764404,Q2
0.4869086742401123,0.8954487442970276,Q4 (highest)
0.6486477255821228,0.5868206024169922,Q2
0.655177891254425,0.5978397130966187,Q2
0.5378427505493164,0.8093230724334717,Q3
0.5446886420249939,0.8078875541687012,Q3
0.6257755160331726,0.6708123683929443,Q2
0.7174787521362305,0.48331552743911743,Q1 (lowest)
0.7464740872383118,0.39926689863204956,Q1 (lowest)
0.7029168605804443,0.49011337757110596,Q1 (lowest)
0.5921028256416321,0.6885094046592712,Q2
0.5441998839378357,0.8110164999961853,Q3
0.6353158950805664,0.6495345234870911,Q2
0.5697355270385742,0.7253672480583191,Q2
0.6793479323387146,0.5323799848556519,Q1 (lowest)
0.7483803629875183,0.3873726427555084,Q1 (lowest)
0.7590314745903015,0.27408871054649353,Q1 (lowest)
0.777714192867279,0.22986818850040436,Q1 (lowest)
0.7632402777671814,0.25271666049957275,Q1 (lowest)
0.7452327609062195,0.34722399711608887,Q1 (lowest)
0.675112247467041,0.5016666650772095,Q1 (lowest)
0.5721103549003601,0.714221715927124,Q2
0.4729364514350891,0.8639907836914062,Q4 (highest)
0.4932844340801239,0.8603366017341614,Q4 (highest)
0.5191801190376282,0.8182598352432251,Q3
0.5492578744888306,0.7680419087409973,Q3
0.613322913646698,0.6874685883522034,Q2
0.48512107133865356,0.9045772552490234,Q4 (highest)
0.5671388506889343,0.7292439937591553,Q3
0.4874492585659027,0.8990909457206726,Q4 (highest)
0.5609139800071716,0.7418888807296753,Q3
0.5072028636932373,0.8516849279403687,Q4 (highest)
0.47113296389579773,0.9275433421134949,Q4 (highest)
0.4968072474002838,0.8732956051826477,Q4 (highest)
0.4430072009563446,0.9888501763343811,Q4 (highest)
0.4796508848667145,0.9135674834251404,Q4 (highest)
0.5269650220870972,0.8110164999961853,Q3
0.4785693287849426,0.911685049533844,Q4 (highest)
0.5016589760780334,0.8704970479011536,Q4 (highest)
0.44798728823661804,0.9778246283531189,Q4 (highest)
0.47586536407470703,0.9216144680976868,Q4 (highest)
0.4445302188396454,0.9888501763343811,Q4 (highest)
0.4646839201450348,0.9414055943489075,Q4 (highest)
0.4735487997531891,0.9237772822380066,Q4 (highest)
0.49360352754592896,0.8799922466278076,Q4 (highest)
0.5070353746414185,0.8554120063781738,Q4 (highest)
0.49813365936279297,0.8603366017341614,Q4 (highest)
0.48633232712745667,0.8737016320228577,Q4 (highest)
0.4807226359844208,0.8857843279838562,Q4 (highest)
0.4912680685520172,0.8506886959075928,Q4 (highest)
0.4352605938911438,0.924513578414917,Q4 (highest)
0.47400590777397156,0.9315419793128967,Q4 (highest)
0.4864853024482727,0.8949404954910278,Q4 (highest)
0.5361785888671875,0.7955742478370667,Q3
0.47964954376220703,0.9161525368690491,Q4 (highest)
0.5744923949241638,0.7156950831413269,Q2
0.5831969380378723,0.6965662837028503,Q2
0.5146088600158691,0.8451953530311584,Q3
0.5038899183273315,0.8585532903671265,Q4 (highest)
0.5286170840263367,0.8110164999961853,Q3
0.5178176760673523,0.8331627249717712,Q3
0.5171432495117188,0.8311696648597717,Q3
0.5107370018959045,0.8516849279403687,Q4 (highest)
0.5488901734352112,0.7696968913078308,Q3
0.5411846041679382,0.7819930911064148,Q3
0.560050904750824,0.7450419664382935,Q3
0.4732251763343811,0.9045772552490234,Q4 (highest)
0.4998553395271301,0.867003858089447,Q4 (highest)
0.473906010389328,0.9216144680976868,Q4 (highest)
0.4529467523097992,0.9669219255447388,Q4 (highest)
0.49170705676078796,0.8839653134346008,Q4 (highest)
0.5134262442588806,0.8430038690567017,Q3
0.4908399283885956,0.8857843279838562,Q4 (highest)
0.5149080157279968,0.8357715010643005,Q3
0.46004626154899597,0.9548220038414001,Q4 (highest)
0.525105893611908,0.8162235021591187,Q3
0.5258866548538208,0.8132243156433105,Q3
0.46279793977737427,0.9454799890518188,Q4 (highest)
0.5290072560310364,0.8110164999961853,Q3
0.6026415228843689,0.6878148317337036,Q2
0.7191765904426575,0.4178802967071533,Q1 (lowest)
0.6168771982192993,0.6632534861564636,Q2
0.4908399283885956,0.8857843279838562,Q4 (highest)
0.524125337600708,0.8331627249717712,Q3
0.6060273051261902,0.6941602230072021,Q2
0.518760085105896,0.8346053957939148,Q3
0.4897180199623108,0.8954487442970276,Q4 (highest)
0.5411846041679382,0.7819930911064148,Q3
0.5178239941596985,0.8311696648597717,Q3
0.4922323226928711,0.8862445950508118,Q4 (highest)
0.5690466165542603,0.7253672480583191,Q2
0.5994693040847778,0.6632534861564636,Q2
0.5401655435562134,0.7988914847373962,Q3
0.6124728322029114,0.6425631642341614,Q2
0.4430072009563446,0.9888501763343811,Q4 (highest)
0.5823017358779907,0.6983917355537415,Q2
0.5258866548538208,0.8132243156433105,Q3
0.5014495253562927,0.867003858089447,Q4 (highest)
0.6725957989692688,0.5133777856826782,Q1 (lowest)
0.6889525055885315,0.4814438819885254,Q1 (lowest)
0.641485333442688,0.5812907218933105,Q2
0.6607204675674438,0.5770248174667358,Q2
0.6936851143836975,0.5051707029342651,Q1 (lowest)
0.7219854593276978,0.43987151980400085,Q1 (lowest)
0.7091764807701111,0.4622596204280853,Q1 (lowest)
0.6525392532348633,0.5960939526557922,Q2
0.6234267354011536,0.6298313140869141,Q2
0.6775466799736023,0.5629417896270752,Q2
0.5967726707458496,0.6859754323959351,Q2
0.5308864116668701,0.8071752190589905,Q3
0.4932275712490082,0.8821795582771301,Q4 (highest)
0.6600232124328613,0.6102665662765503,Q2
0.7202245593070984,0.421618789434433,Q1 (lowest)
0.7589436173439026,0.2912483811378479,Q1 (lowest)
0.7547588348388672,0.2973429262638092,Q1 (lowest)
0.7512913942337036,0.3258722126483917,Q1 (lowest)
0.741949737071991,0.42546147108078003,Q1 (lowest)
0.6603893637657166,0.560553789138794,Q2
0.5725931525230408,0.7110482454299927,Q2
0.46786585450172424,0.9223278760910034,Q4 (highest)
0.5266421437263489,0.7819930911064148,Q3
0.5507631301879883,0.7371137142181396,Q3
0.5168134570121765,0.817237913608551,Q3
0.5789103507995605,0.7471233010292053,Q3
0.4707472324371338,0.9349380135536194,Q4 (highest)
0.4815177917480469,0.8919497728347778,Q4 (highest)
0.5393700003623962,0.7755327820777893,Q3
0.5420636534690857,0.7883185148239136,Q3
0.4461638629436493,0.9444308280944824,Q4 (highest)
0.5119207501411438,0.805995762348175,Q3
0.5018061995506287,0.8628818988800049,Q4 (highest)
0.48784923553466797,0.8954487442970276,Q4 (highest)
0.5008386969566345,0.8737016320228577,Q4 (highest)
0.46926766633987427,0.9315419793128967,Q4 (highest)
0.4653330445289612,0.9414055943489075,Q4 (highest)
0.5728310942649841,0.72185218334198,Q2
0.49170705676078796,0.8839653134346008,Q4 (highest)
0.5294192433357239,0.805995762348175,Q3
0.48426491022109985,0.8996238112449646,Q4 (highest)
0.559291422367096,0.7513649463653564,Q3
0.5934386253356934,0.679012656211853,Q2
0.46874186396598816,0.934070885181427,Q4 (highest)
0.4688056409358978,0.936711847782135,Q4 (highest)
0.5345215797424316,0.7955742478370667,Q3
0.5193382501602173,0.8169835805892944,Q3
0.519569993019104,0.8261805176734924,Q3
0.48028135299682617,0.9080520272254944,Q4 (highest)
0.5140493512153625,0.837540864944458,Q3
0.5783812403678894,0.7136889100074768,Q2
0.5618337988853455,0.7414208650588989,Q3
0.6181895732879639,0.6424718499183655,Q2
0.5183677673339844,0.8286513686180115,Q3
0.5233573317527771,0.8198072910308838,Q3
0.5166918039321899,0.8354789614677429,Q3
0.6055485606193542,0.6595325469970703,Q2
0.5781405568122864,0.7110482454299927,Q2
0.5554121136665344,0.7665850520133972,Q3
0.5083196759223938,0.8493732810020447,Q4 (highest)
0.48670369386672974,0.9017894268035889,Q4 (highest)
0.4745621383190155,0.9216144680976868,Q4 (highest)
0.5087200999259949,0.8547254204750061,Q4 (highest)
0.5019462704658508,0.8639907836914062,Q4 (highest)
0.4728933274745941,0.9237772822380066,Q4 (highest)
0.45374950766563416,0.9651642441749573,Q4 (highest)
0.46020713448524475,0.9510926604270935,Q4 (highest)
0.4748506546020508,0.9237772822380066,Q4 (highest)
0.5443585515022278,0.7755327820777893,Q3
0.5640005469322205,0.7660421133041382,Q3
0.6068243384361267,0.6832495331764221,Q2
0.6766126751899719,0.4967881143093109,Q1 (lowest)
0.7222121953964233,0.42574334144592285,Q1 (lowest)
0.7377480864524841,0.33741018176078796,Q1 (lowest)
0.7454711198806763,0.3613414466381073,Q1 (lowest)
0.6807172894477844,0.48719656467437744,Q1 (lowest)
0.5834340453147888,0.696082592010498,Q2
0.5022795796394348,0.8821795582771301,Q4 (highest)
0.6051554083824158,0.6998651027679443,Q2
0.6889805793762207,0.5250789523124695,Q1 (lowest)
0.6096059679985046,0.6830241680145264,Q2
0.5980084538459778,0.6940407156944275,Q2
0.4969915449619293,0.8934327960014343,Q4 (highest)
0.5880786776542664,0.7089632749557495,Q2
0.5018696784973145,0.868930459022522,Q4 (highest)
0.5162808299064636,0.8464655876159668,Q4 (highest)
0.49192148447036743,0.8835157752037048,Q4 (highest)
0.48696374893188477,0.8939325213432312,Q4 (highest)
0.5266073942184448,0.8117485642433167,Q3
0.6446443200111389,0.5937894582748413,Q2
0.658282995223999,0.5519110560417175,Q2
0.5201190114021301,0.8264527916908264,Q3
0.4980374276638031,0.8741092085838318,Q4 (highest)
0.5620597004890442,0.7395617365837097,Q3
0.5353739857673645,0.7938351631164551,Q3
0.5770331025123596,0.7105247974395752,Q2
0.6762237548828125,0.5231919288635254,Q1 (lowest)
0.7406911849975586,0.4059142470359802,Q1 (lowest)
0.7176114320755005,0.445505827665329,Q1 (lowest)
0.6607006788253784,0.5821005702018738,Q2
0.6362718939781189,0.6353892087936401,Q2
0.6726922392845154,0.5747290253639221,Q2
0.5508613586425781,0.7637102603912354,Q3
0.6137935519218445,0.6350372433662415,Q2
0.49945709109306335,0.8677703142166138,Q4 (highest)
0.4725489318370819,0.924513578414917,Q4 (highest)
0.5873110294342041,0.6915489435195923,Q2
0.6615290641784668,0.5468945503234863,Q2
0.7371529340744019,0.39427560567855835,Q1 (lowest)
0.7484025359153748,0.352139949798584,Q1 (lowest)
0.7216751575469971,0.42387187480926514,Q1 (lowest)
0.728492021560669,0.44436609745025635,Q1 (lowest)
0.6727039217948914,0.5445722341537476,Q2
0.5729123950004578,0.7110482454299927,Q2
0.5622263550758362,0.763888418674469,Q3
0.530249297618866,0.8240222930908203,Q3
0.5874715447425842,0.7503765225410461,Q3
0.4720781445503235,0.9017894268035889,Q4 (highest)
0.48398956656455994,0.8599777817726135,Q4 (highest)
0.4892624020576477,0.8585532903671265,Q4 (highest)
0.5433910489082336,0.7755327820777893,Q3
0.5154120922088623,0.8198072910308838,Q3
0.5193046927452087,0.8267256021499634,Q3
0.5922467708587646,0.681454062461853,Q2
0.507366955280304,0.8547254204750061,Q4 (highest)
0.5609858632087708,0.7431430220603943,Q3
0.49360352754592896,0.8799922466278076,Q4 (highest)
0.46874186396598816,0.934070885181427,Q4 (highest)
0.5092220306396484,0.8516849279403687,Q4 (highest)
0.5813973546028137,0.7002353072166443,Q2
0.5634763836860657,0.7299713492393494,Q3
0.4862440228462219,0.8954487442970276,Q4 (highest)
0.43134641647338867,0.9888501763343811,Q4 (highest)
0.5059043169021606,0.8585532903671265,Q4 (highest)
0.5430276989936829,0.7782409191131592,Q3
0.5173324942588806,0.837540864944458,Q3
0.5418687462806702,0.7806000709533691,Q3
0.48387986421585083,0.9092445373535156,Q4 (highest)
0.4883693754673004,0.8909742832183838,Q4 (highest)
0.5658035278320312,0.7333571314811707,Q3
0.48169073462486267,0.9092445373535156,Q4 (highest)
0.5050620436668396,0.8628818988800049,Q4 (highest)
0.5911206603050232,0.7058799266815186,Q2
0.5175042152404785,0.8346053957939148,Q3
0.5083196759223938,0.8493732810020447,Q4 (highest)
0.4680900573730469,0.934070885181427,Q4 (highest)
0.5190269351005554,0.8346053957939148,Q3
0.44798728823661804,0.9778246283531189,Q4 (highest)
0.4941736161708832,0.8821795582771301,Q4 (highest)
0.4971940219402313,0.8724883794784546,Q4 (highest)
0.4971940219402313,0.8724883794784546,Q4 (highest)
0.46279793977737427,0.9454799890518188,Q4 (highest)
0.47834229469299316,0.9135674834251404,Q4 (highest)
0.47113296389579773,0.9275433421134949,Q4 (highest)
0.5334725379943848,0.7991153001785278,Q3
0.502899169921875,0.8639907836914062,Q4 (highest)
0.5045645833015442,0.8585532903671265,Q4 (highest)
0.5362051725387573,0.805995762348175,Q3
0.5350554585456848,0.7944848537445068,Q3
0.48426491022109985,0.8996238112449646,Q4 (highest)
0.6325817108154297,0.629318118095398,Q2
0.6858717799186707,0.4932478964328766,Q1 (lowest)
0.7301587462425232,0.3630901873111725,Q1 (lowest)
0.7708372473716736,0.25880011916160583,Q1 (lowest)
0.753377377986908,0.30458980798721313,Q1 (lowest)
0.709677517414093,0.4197557866573334,Q1 (lowest)
0.6606854796409607,0.5468945503234863,Q2
0.6291384696960449,0.6102665662765503,Q2
0.6671377420425415,0.5323799848556519,Q1 (lowest)
0.7013815641403198,0.5079801082611084,Q1 (lowest)
0.6001333594322205,0.7044839859008789,Q2
0.5562302470207214,0.7819930911064148,Q3
0.6335586905479431,0.6173816919326782,Q2
0.6560618877410889,0.600117027759552,Q2
0.4937891960144043,0.8857843279838562,Q4 (highest)
0.562646210193634,0.7456796169281006,Q3
0.5420821905136108,0.7919024229049683,Q3
0.6409494876861572,0.5868206024169922,Q2
0.5423537492752075,0.7796127796173096,Q3
0.5517343878746033,0.7605358958244324,Q3
0.5187615752220154,0.8320200443267822,Q3
0.5534685254096985,0.7782409191131592,Q3
0.6668527126312256,0.5462121367454529,Q2
0.7279793620109558,0.3787904977798462,Q1 (lowest)
0.6989967226982117,0.5079801082611084,Q1 (lowest)
0.5745123028755188,0.7314354181289673,Q3
0.4848403036594391,0.9017894268035889,Q4 (highest)
0.4908399283885956,0.8857843279838562,Q4 (highest)
0.5990954637527466,0.6728296279907227,Q2
0.5031041502952576,0.8643630146980286,Q4 (highest)
0.6560295820236206,0.597766637802124,Q2
0.730909526348114,0.41860416531562805,Q1 (lowest)
0.7431631684303284,0.3261464536190033,Q1 (lowest)
0.7061679363250732,0.4524843990802765,Q1 (lowest)
0.6449781656265259,0.591227650642395,Q2
0.6180442571640015,0.6412887573242188,Q2
0.4785693287849426,0.911685049533844,Q4 (highest)
0.4758397042751312,0.8628818988800049,Q4 (highest)
0.4899778366088867,0.8909742832183838,Q4 (highest)
0.5046594738960266,0.8603366017341614,Q4 (highest)
0.5109487771987915,0.8439382910728455,Q3
0.5487581491470337,0.7665850520133972,Q3
0.47515612840652466,0.9223278760910034,Q4 (highest)
0.5557249188423157,0.7612359523773193,Q3
0.5054041147232056,0.8554120063781738,Q4 (highest)
0.5289456248283386,0.8083644509315491,Q3
0.47113296389579773,0.9275433421134949,Q4 (highest)
0.537137508392334,0.7936190962791443,Q3
0.6025741100311279,0.6568616628646851,Q2
0.5260912179946899,0.8169835805892944,Q3
0.513486385345459,0.8261805176734924,Q3
0.5192546248435974,0.8162235021591187,Q3
0.49261313676834106,0.8862445950508118,Q4 (highest)
0.5652161240577698,0.7345503568649292,Q3
0.4585277736186981,0.9561408758163452,Q4 (highest)
0.5331134796142578,0.8018283843994141,Q3
0.5382837653160095,0.7879023551940918,Q3
0.522852897644043,0.8357715010643005,Q3
0.5239276885986328,0.817237913608551,Q3
0.46279793977737427,0.9454799890518188,Q4 (highest)
0.5718064308166504,0.721157431602478,Q2
0.5295271873474121,0.8071752190589905,Q3
0.5236331224441528,0.8240222930908203,Q3
0.48028135299682617,0.9080520272254944,Q4 (highest)
0.5691164135932922,0.7252253293991089,Q2
0.5819808840751648,0.7032240629196167,Q2
0.5365378260612488,0.798222005367279,Q3
0.5379442572593689,0.789994478225708,Q3
0.48696374893188477,0.8939325213432312,Q4 (highest)
0.5037053227424622,0.8603366017341614,Q4 (highest)
0.4948287010192871,0.877429187297821,Q4 (highest)
0.4982329308986664,0.8737016320228577,Q4 (highest)
0.5018061995506287,0.8628818988800049,Q4 (highest)
0.469650000333786,0.9307215809822083,Q4 (highest)
0.4822542369365692,0.9080520272254944,Q4 (highest)
0.5579127073287964,0.7513649463653564,Q3
0.4646839201450348,0.9414055943489075,Q4 (highest)
0.5814363360404968,0.7089632749557495,Q2
0.4832398593425751,0.9017894268035889,Q4 (highest)
0.5293670892715454,0.8297645449638367,Q3
0.6522420644760132,0.584755003452301,Q2
0.7542887926101685,0.30929434299468994,Q1 (lowest)
0.7569118738174438,0.28804516792297363,Q1 (lowest)
0.7430403828620911,0.32541605830192566,Q1 (lowest)
0.7199029326438904,0.39427560567855835,Q1 (lowest)
0.7126389741897583,0.421618789434433,Q1 (lowest)
0.7391237616539001,0.3873726427555084,Q1 (lowest)
0.6720015406608582,0.5191699862480164,Q1 (lowest)
0.5938862562179565,0.7363558411598206,Q3
0.5348302721977234,0.837540864944458,Q3
0.6328297853469849,0.6108110547065735,Q2
0.5697409510612488,0.7327635288238525,Q3
0.5982114672660828,0.6983917355537415,Q2
0.6115843653678894,0.638227641582489,Q2
0.473906010389328,0.9216144680976868,Q4 (highest)
0.5503475069999695,0.7633544206619263,Q3
0.6554547548294067,0.5618361830711365,Q2
0.6289920210838318,0.6079496145248413,Q2
0.48426491022109985,0.8996238112449646,Q4 (highest)
0.6277961134910583,0.604296863079071,Q2
0.6421269774436951,0.5875831842422485,Q2
0.6589038968086243,0.5642391443252563,Q2
0.6699520945549011,0.5121232271194458,Q1 (lowest)
0.6573752164840698,0.5437850952148438,Q2
0.5009069442749023,0.868930459022522,Q4 (highest)
0.6114982962608337,0.6384063959121704,Q2
0.5327867269515991,0.7991153001785278,Q3
0.6676132678985596,0.5853725075721741,Q2
0.7225171327590942,0.4095135033130646,Q1 (lowest)
0.7358521819114685,0.3756529688835144,Q1 (lowest)
0.6801190972328186,0.5142995119094849,Q1 (lowest)
0.4717040956020355,0.8919497728347778,Q4 (highest)
0.5510364174842834,0.7633544206619263,Q3
0.5548787117004395,0.7555475234985352,Q3
0.5273527503013611,0.8169835805892944,Q3
0.504311740398407,0.8610580563545227,Q4 (highest)
0.4876287877559662,0.8939325213432312,Q4 (highest)
0.5282592177391052,0.8117485642433167,Q3
0.4577849507331848,0.9651642441749573,Q4 (highest)
0.5083605647087097,0.8506886959075928,Q4 (highest)
0.4832398593425751,0.9017894268035889,Q4 (highest)
0.5228453874588013,0.825637698173523,Q3
0.5150956511497498,0.8426939845085144,Q3
0.49882036447525024,0.8704970479011536,Q4 (highest)
0.44974517822265625,0.9315419793128967,Q4 (highest)
0.5149648785591125,0.8390346169471741,Q3
0.49237504601478577,0.8839653134346008,Q4 (highest)
0.5171432495117188,0.8311696648597717,Q3
0.610774040222168,0.6604310870170593,Q2
0.5061788558959961,0.8643630146980286,Q4 (highest)
0.5258866548538208,0.8132243156433105,Q3
0.46085262298583984,0.9510926604270935,Q4 (highest)
0.5142305493354797,0.8506886959075928,Q4 (highest)
0.5417615175247192,0.7979995608329773,Q3
0.45788413286209106,0.9561408758163452,Q4 (highest)
0.4832398593425751,0.9017894268035889,Q4 (highest)
0.46279793977737427,0.9454799890518188,Q4 (highest)
0.5284941792488098,0.8078875541687012,Q3
0.46601200103759766,0.9385421276092529,Q4 (highest)
0.5171162486076355,0.8346053957939148,Q3
0.4712272584438324,0.9307215809822083,Q4 (highest)
0.49738627672195435,0.8720870614051819,Q4 (highest)
0.46085262298583984,0.9510926604270935,Q4 (highest)
0.5488901734352112,0.7696968913078308,Q3
0.498148649930954,0.8704970479011536,Q4 (highest)
0.5092220306396484,0.8516849279403687,Q4 (highest)
0.5849019885063171,0.6930875778198242,Q2
0.5033578276634216,0.8610580563545227,Q4 (highest)
0.5168233513832092,0.8423848748207092,Q3
0.6085101366043091,0.6487790942192078,Q2
0.6771886944770813,0.5055897235870361,Q1 (lowest)
0.7083173394203186,0.4225107431411743,Q1 (lowest)
0.7091304659843445,0.41700926423072815,Q1 (lowest)
0.7269378900527954,0.3851773738861084,Q1 (lowest)
0.7402634620666504,0.32952791452407837,Q1 (lowest)
0.7576078176498413,0.3092280626296997,Q1 (lowest)
0.7520065307617188,0.321970671415329,Q1 (lowest)
0.7215783596038818,0.43987151980400085,Q1 (lowest)
0.6605165600776672,0.5589167475700378,Q2
0.6390866637229919,0.591227650642395,Q2
0.6877369284629822,0.4973691701889038,Q1 (lowest)
0.669663667678833,0.560553789138794,Q2
0.6654126048088074,0.5757097601890564,Q2
0.6074365973472595,0.666117787361145,Q2
0.6148229241371155,0.6524901390075684,Q2
0.5932074189186096,0.6866630911827087,Q2
0.5234292149543762,0.8182598352432251,Q3
0.4559393525123596,0.9603790640830994,Q4 (highest)
0.623400866985321,0.6135557293891907,Q2
0.623526394367218,0.6432034969329834,Q2
0.5244225859642029,0.8162235021591187,Q3
0.5848937034606934,0.6998651027679443,Q2
0.6590514183044434,0.560553789138794,Q2
0.6545172929763794,0.5467237234115601,Q2
0.537137508392334,0.7936190962791443,Q3
0.6499146819114685,0.6515318155288696,Q2
0.7063145041465759,0.4754471480846405,Q1 (lowest)
0.6761539578437805,0.5183749794960022,Q1 (lowest)
0.6305534839630127,0.5983517169952393,Q2
0.5538374185562134,0.7363558411598206,Q3
0.5052669644355774,0.8662428259849548,Q4 (highest)
0.5447089076042175,0.7811956405639648,Q3
0.48900389671325684,0.8954487442970276,Q4 (highest)
0.5081714987754822,0.8451953530311584,Q3
0.4619908332824707,0.9161525368690491,Q4 (highest)
0.5116268396377563,0.8439382910728455,Q3
0.5117011070251465,0.8423848748207092,Q3
0.5747901797294617,0.7136889100074768,Q2
0.5161747932434082,0.8331627249717712,Q3
0.4764682352542877,0.9161525368690491,Q4 (highest)
0.5514694452285767,0.7698817849159241,Q3
0.4834371507167816,0.8939325213432312,Q4 (highest)
0.49062052369117737,0.8862445950508118,Q4 (highest)
0.4680900573730469,0.934070885181427,Q4 (highest)
0.48896875977516174,0.877429187297821,Q4 (highest)
0.4312920570373535,0.9275433421134949,Q4 (highest)
0.46966442465782166,0.934070885181427,Q4 (highest)
0.5489181876182556,0.770438015460968,Q3
0.5182346105575562,0.8221619725227356,Q3
0.5979500412940979,0.6736854314804077,Q2
0.6543834805488586,0.5531992316246033,Q2
0.683137834072113,0.5166465640068054,Q1 (lowest)
0.5870739817619324,0.7156950831413269,Q2
0.5391958355903625,0.7860439419746399,Q3
0.5677794814109802,0.7279422283172607,Q2
0.503203809261322,0.8599777817726135,Q4 (highest)
0.5770331025123596,0.7105247974395752,Q2
0.5214838981628418,0.8357715010643005,Q3
0.5269650220870972,0.8110164999961853,Q3
0.4797190725803375,0.9092445373535156,Q4 (highest)
0.5088362097740173,0.8516849279403687,Q4 (highest)
0.4858669936656952,0.8996238112449646,Q4 (highest)
0.4680900573730469,0.934070885181427,Q4 (highest)
0.5338757038116455,0.7968922853469849,Q3
0.48053857684135437,0.911685049533844,Q4 (highest)
0.4745621383190155,0.9216144680976868,Q4 (highest)
0.5298355221748352,0.8093230724334717,Q3
0.4658898413181305,0.9315419793128967,Q4 (highest)
0.49933668971061707,0.8610580563545227,Q4 (highest)
0.5215269327163696,0.8221619725227356,Q3
0.5812084078788757,0.7079295516014099,Q2
0.5749942064285278,0.7174521684646606,Q2
0.5890693068504333,0.6859754323959351,Q2
0.49728354811668396,0.8737016320228577,Q4 (highest)
0.5132598876953125,0.8526896834373474,Q4 (highest)
0.5786235928535461,0.7072865962982178,Q2
0.6599960923194885,0.5418861508369446,Q1 (lowest)
0.6300562024116516,0.603694498538971,Q2
0.6777517199516296,0.5313209295272827,Q1 (lowest)
0.7081742882728577,0.4770614206790924,Q1 (lowest)
0.7307755351066589,0.43498316407203674,Q1 (lowest)
0.7175735831260681,0.4197861850261688,Q1 (lowest)
0.6872769594192505,0.48852112889289856,Q1 (lowest)
0.6857821941375732,0.4957195818424225,Q1 (lowest)
0.7081707715988159,0.4448143541812897,Q1 (lowest)
0.6654207706451416,0.5510955452919006,Q2
0.5562652945518494,0.7622917890548706,Q3
0.5375561714172363,0.8117485642433167,Q3
0.5063920021057129,0.8533643484115601,Q4 (highest)
0.530421257019043,0.8081257939338684,Q3
0.49861571192741394,0.8737016320228577,Q4 (highest)
0.6558858752250671,0.5542592406272888,Q2
0.6275750994682312,0.6286360025405884,Q2
0.6483176350593567,0.560310423374176,Q2
0.44979602098464966,0.9752398133277893,Q4 (highest)
0.5876429677009583,0.7235307097434998,Q2
0.6962390542030334,0.5023535490036011,Q1 (lowest)
0.621296226978302,0.6552960276603699,Q2
0.5064133405685425,0.8533643484115601,Q4 (highest)
0.5412599444389343,0.7581087946891785,Q3
0.5190625190734863,0.80046546459198,Q3
0.5434727668762207,0.78666090965271,Q3
0.47205573320388794,0.9045772552490234,Q4 (highest)
0.4941736161708832,0.8821795582771301,Q4 (highest)
0.4450724720954895,0.9842681884765625,Q4 (highest)
0.4955081045627594,0.8895301222801208,Q4 (highest)
0.5372134447097778,0.7988914847373962,Q3
0.5678278803825378,0.7292439937591553,Q3
0.5264585018157959,0.8009184002876282,Q3
0.4628613591194153,0.9275433421134949,Q4 (highest)
0.5354799032211304,0.7936190962791443,Q3
0.5458523035049438,0.7724938988685608,Q3
0.5474998354911804,0.7691433429718018,Q3
0.5618202090263367,0.7548712491989136,Q3
0.5174608826637268,0.8078875541687012,Q3
0.43030714988708496,0.9842681884765625,Q4 (highest)
0.5345215797424316,0.7955742478370667,Q3
0.5084837675094604,0.8343155384063721,Q3
0.5580984950065613,0.7476072907447815,Q3
0.6423117518424988,0.5747290253639221,Q2
0.5694317817687988,0.7394076585769653,Q3
0.4925590455532074,0.8821795582771301,Q4 (highest)
0.562135636806488,0.7394076585769653,Q3
0.5059043169021606,0.8585532903671265,Q4 (highest)
0.537137508392334,0.7936190962791443,Q3
0.5297631621360779,0.8052927851676941,Q3
0.46768656373023987,0.9349380135536194,Q4 (highest)
0.49945709109306335,0.8677703142166138,Q4 (highest)
0.48426491022109985,0.8996238112449646,Q4 (highest)
0.46926766633987427,0.9315419793128967,Q4 (highest)
0.4643622934818268,0.9454799890518188,Q4 (highest)
0.48028135299682617,0.9080520272254944,Q4 (highest)
0.519569993019104,0.8261805176734924,Q3
0.4948287010192871,0.877429187297821,Q4 (highest)
0.498148649930954,0.8704970479011536,Q4 (highest)
0.49360352754592896,0.8799922466278076,Q4 (highest)
0.5008633732795715,0.8662428259849548,Q4 (highest)
0.5580984950065613,0.7476072907447815,Q3
0.4613075852394104,0.9017894268035889,Q4 (highest)
0.5709729194641113,0.721157431602478,Q2
0.5624045729637146,0.7450419664382935,Q3
0.5484299063682556,0.7464801669120789,Q3
0.6086525321006775,0.6443060040473938,Q2
0.47515612840652466,0.9223278760910034,Q4 (highest)
0.5643274188041687,0.7363558411598206,Q3
0.46768656373023987,0.9349380135536194,Q4 (highest)
0.5063920021057129,0.8533643484115601,Q4 (highest)
0.5544191598892212,0.7660421133041382,Q3
0.599715530872345,0.6897892355918884,Q2
0.5986633896827698,0.6906083822250366,Q2
0.6517990827560425,0.5878612399101257,Q2
0.6654571890830994,0.564922034740448,Q2
0.6099245548248291,0.6842671632766724,Q2
0.5802473425865173,0.7039790153503418,Q2
0.6376957893371582,0.6037696599960327,Q2
0.5629364252090454,0.7487420439720154,Q3
0.5415762066841125,0.7811956405639648,Q3
0.5234292149543762,0.8182598352432251,Q3
0.5019462704658508,0.8639907836914062,Q4 (highest)
0.5702154040336609,0.7339527606964111,Q3
0.5288425087928772,0.8071752190589905,Q3
0.5682039260864258,0.7270797491073608,Q2
0.5541895627975464,0.7555475234985352,Q3
0.6324395537376404,0.5978397130966187,Q2
0.6420263051986694,0.596964955329895,Q2
0.7080945372581482,0.4602735936641693,Q1 (lowest)
0.6215654015541077,0.6398423314094543,Q2
0.5194495320320129,0.8071752190589905,Q3
0.42132368683815,0.9752398133277893,Q4 (highest)
0.5030617117881775,0.8346053957939148,Q3
0.40832215547561646,0.9752398133277893,Q4 (highest)
0.5754783749580383,0.7136889100074768,Q2
0.4968072474002838,0.8732956051826477,Q4 (highest)
0.4998250901699066,0.867003858089447,Q4 (highest)
0.6277760863304138,0.6077194213867188,Q2
0.4398016035556793,0.9510926604270935,Q4 (highest)
0.518459141254425,0.8169835805892944,Q3
0.5063920021057129,0.8533643484115601,Q4 (highest)
0.49683791399002075,0.8799922466278076,Q4 (highest)
0.49459800124168396,0.8732956051826477,Q4 (highest)
0.4543895721435547,0.9651642441749573,Q4 (highest)
0.5028730034828186,0.8557568192481995,Q4 (highest)
0.4908399283885956,0.8857843279838562,Q4 (highest)
0.6458920836448669,0.5669844150543213,Q2
0.5562484860420227,0.7513649463653564,Q3
0.4680900573730469,0.934070885181427,Q4 (highest)
0.46279793977737427,0.9454799890518188,Q4 (highest)
0.5203595757484436,0.8245585560798645,Q3
0.49318838119506836,0.8808614015579224,Q4 (highest)
0.4803793132305145,0.9092445373535156,Q4 (highest)
0.5264624953269958,0.8162235021591187,Q3
0.48218879103660583,0.9040120840072632,Q4 (highest)
0.5288425087928772,0.8071752190589905,Q3
0.47927483916282654,0.9135674834251404,Q4 (highest)
0.5587359666824341,0.7395617365837097,Q3
0.5150500535964966,0.8354789614677429,Q3
0.4800012707710266,0.9086459875106812,Q4 (highest)
0.6306056976318359,0.5983517169952393,Q2
0.5641926527023315,0.7394076585769653,Q3
0.5214720964431763,0.8264527916908264,Q3
0.5594318509101868,0.7550399899482727,Q3
0.5595857501029968,0.7555475234985352,Q3
0.46020713448524475,0.9510926604270935,Q4 (highest)
0.5631152391433716,0.7374178767204285,Q3
0.5097256898880005,0.8464655876159668,Q4 (highest)
0.5275378823280334,0.8132243156433105,Q3
0.4764682352542877,0.9161525368690491,Q4 (highest)
0.5265704989433289,0.8132243156433105,Q3
0.6723572611808777,0.5560381412506104,Q2
0.6759281158447266,0.539070188999176,Q1 (lowest)
0.42845192551612854,0.9307215809822083,Q4 (highest)
0.4680900573730469,0.934070885181427,Q4 (highest)
0.5053348541259766,0.8643630146980286,Q4 (highest)
0.5072028636932373,0.8516849279403687,Q4 (highest)
0.5072028636932373,0.8516849279403687,Q4 (highest)
0.46332883834838867,0.9510926604270935,Q4 (highest)
0.4895133972167969,0.8919497728347778,Q4 (highest)
0.46077805757522583,0.9444308280944824,Q4 (highest)
0.4787047505378723,0.9045772552490234,Q4 (highest)
0.5301217436790466,0.7979995608329773,Q3
0.578403651714325,0.721157431602478,Q2
0.5008633732795715,0.8662428259849548,Q4 (highest)
0.4773833751678467,0.9142053723335266,Q4 (highest)
0.5004599690437317,0.8261805176734924,Q3
0.48752260208129883,0.8857843279838562,Q4 (highest)
0.5778728723526001,0.7074150443077087,Q2
0.5892199873924255,0.6842671632766724,Q2
0.6347413063049316,0.600117027759552,Q2
0.5052377581596375,0.8557568192481995,Q4 (highest)
0.5562025308609009,0.752858579158783,Q3
0.6261376738548279,0.6077961325645447,Q2
0.5744627118110657,0.7143551111221313,Q2
0.5134181380271912,0.8402424454689026,Q3
0.5133394598960876,0.8423848748207092,Q3
0.5032833814620972,0.8639907836914062,Q4 (highest)
0.5211080312728882,0.8331627249717712,Q3
0.4668620228767395,0.936711847782135,Q4 (highest)
0.5255234837532043,0.8139680027961731,Q3
0.5363216400146484,0.7919024229049683,Q3
0.489056259393692,0.8895301222801208,Q4 (highest)
0.4776834547519684,0.9135674834251404,Q4 (highest)
0.471966952085495,0.8996238112449646,Q4 (highest)
0.5723204016685486,0.7089632749557495,Q2
0.5171432495117188,0.8311696648597717,Q3
0.4436376690864563,0.9888501763343811,Q4 (highest)
0.5734759569168091,0.7236713171005249,Q2
0.6125873923301697,0.6449520587921143,Q2
0.5371538996696472,0.7902053594589233,Q3
0.5295271873474121,0.8071752190589905,Q3
0.506868839263916,0.8557568192481995,Q4 (highest)
0.5045274496078491,0.8639907836914062,Q4 (highest)
0.4998883306980133,0.877429187297821,Q4 (highest)
0.6162452697753906,0.6465297937393188,Q2
0.5731726288795471,0.721157431602478,Q2
0.5619078874588013,0.7398701906204224,Q3
0.5210415124893188,0.8245585560798645,Q3
0.5590475797653198,0.7456796169281006,Q3
0.5846754908561707,0.6969299912452698,Q2
0.5551843047142029,0.7535267472267151,Q3
0.566565215587616,0.7304093241691589,Q3
0.6285916566848755,0.6526823043823242,Q2
0.665902316570282,0.5810887217521667,Q2
0.5675913691520691,0.7314354181289673,Q3
0.5045645833015442,0.8585532903671265,Q4 (highest)
0.5241966247558594,0.8200668096542358,Q3
0.5001541376113892,0.8704970479011536,Q4 (highest)
0.46874186396598816,0.934070885181427,Q4 (highest)
0.47297459840774536,0.8990909457206726,Q4 (highest)
0.4277307093143463,0.9687837958335876,Q4 (highest)
0.4778118133544922,0.9040120840072632,Q4 (highest)
0.46172890067100525,0.9307215809822083,Q4 (highest)
0.525719940662384,0.8149659633636475,Q3
0.4828507602214813,0.9040120840072632,Q4 (highest)
0.4848913252353668,0.8909742832183838,Q4 (highest)
0.5430276989936829,0.7782409191131592,Q3
0.5921353697776794,0.6850624084472656,Q2
0.5649948120117188,0.73499995470047,Q3
0.5970869064331055,0.6695492267608643,Q2
0.525105893611908,0.8162235021591187,Q3
0.4832398593425751,0.9017894268035889,Q4 (highest)
0.5094310641288757,0.854383647441864,Q4 (highest)
0.5094310641288757,0.854383647441864,Q4 (highest)
0.49503007531166077,0.8770081996917725,Q4 (highest)
0.5542728304862976,0.755378246307373,Q3
0.47075626254081726,0.9135674834251404,Q4 (highest)
0.47113296389579773,0.9275433421134949,Q4 (highest)
0.4755292534828186,0.9181523323059082,Q4 (highest)
0.5092220306396484,0.8516849279403687,Q4 (highest)
0.48451730608940125,0.8990909457206726,Q4 (highest)
0.5323997735977173,0.810046374797821,Q3
0.4695907533168793,0.9414055943489075,Q4 (highest)
0.5839211344718933,0.7174521684646606,Q2
0.539853572845459,0.7997888326644897,Q3
0.47242364287376404,0.9315419793128967,Q4 (highest)
0.5444068312644958,0.7796127796173096,Q3
0.503203809261322,0.8599777817726135,Q4 (highest)
0.49945709109306335,0.8677703142166138,Q4 (highest)
0.46926766633987427,0.9315419793128967,Q4 (highest)
0.4966481328010559,0.8770081996917725,Q4 (highest)
0.5294061899185181,0.8169835805892944,Q3
0.525105893611908,0.8162235021591187,Q3
0.5084100961685181,0.8533643484115601,Q4 (highest)
0.5294289588928223,0.7912638187408447,Q3
0.5322679877281189,0.7581087946891785,Q3
0.4677649438381195,0.9142053723335266,Q4 (highest)
0.4567687213420868,0.9535431861877441,Q4 (highest)
0.5097039341926575,0.8506886959075928,Q4 (highest)
0.5070679783821106,0.8533643484115601,Q4 (highest)
0.4725489318370819,0.924513578414917,Q4 (highest)
0.5600010752677917,0.7471233010292053,Q3
0.4543895721435547,0.9651642441749573,Q4 (highest)
0.5418687462806702,0.7806000709533691,Q3
0.48822852969169617,0.8954487442970276,Q4 (highest)
0.49945709109306335,0.8677703142166138,Q4 (highest)
0.4925590455532074,0.8821795582771301,Q4 (highest)
0.5428431630134583,0.7827948331832886,Q3
0.5222092866897583,0.8221619725227356,Q3
0.5428449511528015,0.7819930911064148,Q3
0.6026763916015625,0.6600311994552612,Q2
0.49170705676078796,0.8839653134346008,Q4 (highest)
0.4430072009563446,0.9888501763343811,Q4 (highest)
0.5639315843582153,0.7146223187446594,Q2
0.48218879103660583,0.9040120840072632,Q4 (highest)
0.5388124585151672,0.7902053594589233,Q3
0.5255234837532043,0.8139680027961731,Q3
0.4809420704841614,0.9080520272254944,Q4 (highest)
0.4978652000427246,0.8724883794784546,Q4 (highest)
0.497044175863266,0.8643630146980286,Q4 (highest)
0.4730595648288727,0.9034509062767029,Q4 (highest)
0.4732125699520111,0.9161525368690491,Q4 (highest)
0.5450820326805115,0.7689592242240906,Q3
0.5125438570976257,0.8182598352432251,Q3
0.5115513205528259,0.8426939845085144,Q3
0.5191798210144043,0.8331627249717712,Q3
0.5019462704658508,0.8639907836914062,Q4 (highest)
0.5561863780021667,0.7548712491989136,Q3
0.4902031123638153,0.9034509062767029,Q4 (highest)
0.5554906129837036,0.7596648931503296,Q3
0.49539199471473694,0.8934327960014343,Q4 (highest)
0.5713221430778503,0.7207419276237488,Q2
0.5297069549560547,0.7938351631164551,Q3
0.4991394579410553,0.7971130013465881,Q3
0.49797937273979187,0.8585532903671265,Q4 (highest)
0.4539530873298645,0.8799922466278076,Q4 (highest)
0.5199659466743469,0.8253670334815979,Q3
0.48720112442970276,0.8934327960014343,Q4 (highest)
0.5282592177391052,0.8117485642433167,Q3
0.47113296389579773,0.9275433421134949,Q4 (highest)
0.5092400908470154,0.8402424454689026,Q3
0.5194621086120605,0.8331627249717712,Q3
0.4639310836791992,0.9444308280944824,Q4 (highest)
0.5323289036750793,0.8062308430671692,Q3
0.5222676992416382,0.8240222930908203,Q3
0.5468631982803345,0.770438015460968,Q3
0.552165150642395,0.7610606551170349,Q3
0.5001906752586365,0.8662428259849548,Q4 (highest)
0.5332252383232117,0.8016003370285034,Q3
0.469650000333786,0.9307215809822083,Q4 (highest)
0.551559329032898,0.7622917890548706,Q3
0.5147659182548523,0.8402424454689026,Q3
0.5597369074821472,0.7456796169281006,Q3
0.4809420704841614,0.9080520272254944,Q4 (highest)
0.47586438059806824,0.8939325213432312,Q4 (highest)
0.4622693955898285,0.934070885181427,Q4 (highest)
0.49773260951042175,0.819031298160553,Q3
0.4347597062587738,0.9454799890518188,Q4 (highest)
0.5467885136604309,0.7513649463653564,Q3
0.5294192433357239,0.805995762348175,Q3
0.5461971163749695,0.7806000709533691,Q3
0.5838143825531006,0.7110482454299927,Q2
0.5529946684837341,0.7550399899482727,Q3
0.4520052373409271,0.9414055943489075,Q4 (highest)
0.4605123698711395,0.9237772822380066,Q4 (highest)
0.47024470567703247,0.8554120063781738,Q4 (highest)
0.45749005675315857,0.9603790640830994,Q4 (highest)
0.49017879366874695,0.8939325213432312,Q4 (highest)
0.4559393525123596,0.9603790640830994,Q4 (highest)
0.4543895721435547,0.9651642441749573,Q4 (highest)
0.5042290687561035,0.8547254204750061,Q4 (highest)
0.49401482939720154,0.8506886959075928,Q4 (highest)
0.5070679783821106,0.8533643484115601,Q4 (highest)
0.5234292149543762,0.8182598352432251,Q3
0.5038899183273315,0.8585532903671265,Q4 (highest)
0.4780575931072235,0.9161525368690491,Q4 (highest)
0.48153406381607056,0.9142053723335266,Q4 (highest)
0.48804885149002075,0.9017894268035889,Q4 (highest)
0.5468631982803345,0.770438015460968,Q3
0.4559393525123596,0.9603790640830994,Q4 (highest)
0.5294192433357239,0.805995762348175,Q3
0.45144063234329224,0.9017894268035889,Q4 (highest)
0.497795969247818,0.854383647441864,Q4 (highest)
0.5084100961685181,0.8533643484115601,Q4 (highest)
0.44916000962257385,0.9752398133277893,Q4 (highest)
0.49861571192741394,0.8737016320228577,Q4 (highest)
0.5202516317367554,0.8261805176734924,Q3
0.5777486562728882,0.7110482454299927,Q2
0.5974639058113098,0.6715531349182129,Q2
0.5602964758872986,0.7431430220603943,Q3
0.5209741592407227,0.8306058049201965,Q3
0.49062052369117737,0.8862445950508118,Q4 (highest)
0.5223149657249451,0.8267256021499634,Q3
0.4831162095069885,0.9034509062767029,Q4 (highest)
0.5398978590965271,0.784613847732544,Q3
0.47927483916282654,0.9135674834251404,Q4 (highest)
0.4559393525123596,0.9603790640830994,Q4 (highest)
0.469650000333786,0.9307215809822083,Q4 (highest)
0.5024798512458801,0.8628818988800049,Q4 (highest)
0.4989001750946045,0.868930459022522,Q4 (highest)
0.47344493865966797,0.9034509062767029,Q4 (highest)
0.584575355052948,0.7106555104255676,Q2
0.4785289466381073,0.9223278760910034,Q4 (highest)
0.4815206527709961,0.9223278760910034,Q4 (highest)
0.5656183362007141,0.7674940228462219,Q3
0.5165495276451111,0.8554120063781738,Q4 (highest)
0.47927483916282654,0.9135674834251404,Q4 (highest)
0.4646839201450348,0.9414055943489075,Q4 (highest)
0.4800012707710266,0.9086459875106812,Q4 (highest)
0.49656006693840027,0.8799922466278076,Q4 (highest)
0.4588284492492676,0.9237772822380066,Q4 (highest)
0.5220435261726379,0.810046374797821,Q3
0.469650000333786,0.9307215809822083,Q4 (highest)
0.5240840315818787,0.8043607473373413,Q3
0.4861316382884979,0.8821795582771301,Q4 (highest)
0.5490251779556274,0.7660421133041382,Q3
0.5037053227424622,0.8603366017341614,Q4 (highest)
0.47447648644447327,0.9237772822380066,Q4 (highest)
0.46279793977737427,0.9454799890518188,Q4 (highest)
0.4948287010192871,0.877429187297821,Q4 (highest)
0.4956999719142914,0.8770081996917725,Q4 (highest)
0.46176645159721375,0.9510926604270935,Q4 (highest)
0.5294192433357239,0.805995762348175,Q3
0.5381414294242859,0.7653210759162903,Q3
0.4676816463470459,0.9223278760910034,Q4 (highest)
0.5366347432136536,0.7912638187408447,Q3
0.4942726790904999,0.8799922466278076,Q4 (highest)
0.5770331025123596,0.7105247974395752,Q2
0.5484163165092468,0.7782409191131592,Q3
0.5108963251113892,0.8474270105361938,Q4 (highest)
0.6215780377388,0.6173816919326782,Q2
0.5272957682609558,0.8137197494506836,Q3
0.5794845819473267,0.7114419341087341,Q2
0.526328444480896,0.8137197494506836,Q3
0.46843409538269043,0.936711847782135,Q4 (highest)
0.46966442465782166,0.934070885181427,Q4 (highest)
0.49318838119506836,0.8808614015579224,Q4 (highest)
0.4742277264595032,0.9223278760910034,Q4 (highest)
0.45880720019340515,0.9444308280944824,Q4 (highest)
0.510271430015564,0.8198072910308838,Q3
0.4455994665622711,0.9510926604270935,Q4 (highest)
0.5072028636932373,0.8516849279403687,Q4 (highest)
0.46213498711586,0.9510926604270935,Q4 (highest)
0.5152190327644348,0.8439382910728455,Q3
0.41507863998413086,0.9752398133277893,Q4 (highest)
0.5174174308776855,0.8306058049201965,Q3
0.4688056409358978,0.936711847782135,Q4 (highest)
0.5225480198860168,0.8200668096542358,Q3
0.4776834547519684,0.9135674834251404,Q4 (highest)
0.5030310153961182,0.8603366017341614,Q4 (highest)
0.5064108967781067,0.8547254204750061,Q4 (highest)
0.5194374918937683,0.8264527916908264,Q3
0.5415762066841125,0.7811956405639648,Q3
0.5797462463378906,0.7002353072166443,Q2
0.46994686126708984,0.9216144680976868,Q4 (highest)
0.501272976398468,0.8639907836914062,Q4 (highest)
0.5461292862892151,0.7719305753707886,Q3
0.5636622309684753,0.7436158061027527,Q3
0.5272957682609558,0.8137197494506836,Q3
0.5475903749465942,0.7689592242240906,Q3
0.5367128252983093,0.7944848537445068,Q3
0.49945709109306335,0.8677703142166138,Q4 (highest)
0.5060796141624451,0.8554120063781738,Q4 (highest)
0.5133249163627625,0.8390346169471741,Q3
0.4832398593425751,0.9017894268035889,Q4 (highest)
0.5140349268913269,0.8448798656463623,Q3
0.5571384429931641,0.7495572566986084,Q3
0.5534462332725525,0.7612359523773193,Q3
0.5403851866722107,0.785021185874939,Q3
0.4735487997531891,0.9237772822380066,Q4 (highest)
0.5114012956619263,0.8430038690567017,Q3
0.5063920021057129,0.8533643484115601,Q4 (highest)
0.44162559509277344,0.9603790640830994,Q4 (highest)
0.4643622934818268,0.9454799890518188,Q4 (highest)
0.5240517258644104,0.8169835805892944,Q3
0.4697791635990143,0.9414055943489075,Q4 (highest)
0.49359169602394104,0.877429187297821,Q4 (highest)
0.5031338930130005,0.868930459022522,Q4 (highest)
0.5294192433357239,0.805995762348175,Q3
0.5647793412208557,0.7374178767204285,Q3
0.5362534523010254,0.798222005367279,Q3
0.5853689312934875,0.7101330757141113,Q2
0.5425565838813782,0.7806000709533691,Q3
0.5324440002441406,0.805995762348175,Q3
0.5513898730278015,0.7612359523773193,Q3
0.5333332419395447,0.7979995608329773,Q3
0.5182057619094849,0.8331627249717712,Q3
0.48696374893188477,0.8939325213432312,Q4 (highest)
0.5677085518836975,0.7280863523483276,Q2
0.49062052369117737,0.8862445950508118,Q4 (highest)
0.48416540026664734,0.9040120840072632,Q4 (highest)
0.501272976398468,0.8639907836914062,Q4 (highest)
0.46020713448524475,0.9510926604270935,Q4 (highest)
0.5555132031440735,0.752858579158783,Q3
0.47113296389579773,0.9275433421134949,Q4 (highest)
0.4543895721435547,0.9651642441749573,Q4 (highest)
0.4585277736186981,0.9561408758163452,Q4 (highest)
0.4764682352542877,0.9161525368690491,Q4 (highest)
0.4908399283885956,0.8857843279838562,Q4 (highest)
0.46023043990135193,0.8737016320228577,Q4 (highest)
0.489976704120636,0.877429187297821,Q4 (highest)
0.4822542369365692,0.9080520272254944,Q4 (highest)
0.5063920021057129,0.8533643484115601,Q4 (highest)
0.4849282205104828,0.8996238112449646,Q4 (highest)
0.5067176818847656,0.8526896834373474,Q4 (highest)
0.4862440228462219,0.8954487442970276,Q4 (highest)
0.4832398593425751,0.9017894268035889,Q4 (highest)
0.48720112442970276,0.8934327960014343,Q4 (highest)
0.578589916229248,0.7101330757141113,Q2
0.48696374893188477,0.8939325213432312,Q4 (highest)
0.4925590455532074,0.8821795582771301,Q4 (highest)
0.5937227606773376,0.6812307834625244,Q2
0.5705702900886536,0.7222703099250793,Q2
0.5277925133705139,0.8093230724334717,Q3
0.4773833751678467,0.9142053723335266,Q4 (highest)
0.5283777117729187,0.8081257939338684,Q3
0.4773833751678467,0.9142053723335266,Q4 (highest)
0.49062052369117737,0.8862445950508118,Q4 (highest)
0.5247154235839844,0.8261805176734924,Q3
0.5093179941177368,0.8506886959075928,Q4 (highest)
0.519569993019104,0.8261805176734924,Q3
0.555239200592041,0.7575933337211609,Q3
0.48616811633110046,0.9017894268035889,Q4 (highest)
0.47749218344688416,0.9181523323059082,Q4 (highest)
0.47357186675071716,0.9223278760910034,Q4 (highest)
0.48451730608940125,0.8990909457206726,Q4 (highest)
0.44798728823661804,0.9778246283531189,Q4 (highest)
0.45913442969322205,0.9548220038414001,Q4 (highest)
0.4566374719142914,0.9454799890518188,Q4 (highest)
0.48416540026664734,0.9040120840072632,Q4 (highest)
0.45788413286209106,0.9561408758163452,Q4 (highest)
0.5048324465751648,0.8599777817726135,Q4 (highest)
0.4797190725803375,0.9092445373535156,Q4 (highest)
0.5422639846801758,0.7811956405639648,Q3
0.5623536109924316,0.7431430220603943,Q3
0.466251939535141,0.9414055943489075,Q4 (highest)
0.5853087306022644,0.6922574043273926,Q2
0.5415026545524597,0.7919024229049683,Q3
0.5569378137588501,0.7513649463653564,Q3
0.4780575931072235,0.9161525368690491,Q4 (highest)
0.5353739857673645,0.7938351631164551,Q3
0.45566126704216003,0.9651642441749573,Q4 (highest)
0.5161747932434082,0.8331627249717712,Q3
0.5030310153961182,0.8603366017341614,Q4 (highest)
0.5008633732795715,0.8662428259849548,Q4 (highest)
0.4764682352542877,0.9161525368690491,Q4 (highest)
0.5119771361351013,0.8451953530311584,Q3
0.5226566195487976,0.8240222930908203,Q3
0.5147620439529419,0.8448798656463623,Q3
0.4899565875530243,0.8876386284828186,Q4 (highest)
0.44982942938804626,0.9669219255447388,Q4 (highest)
0.4728933274745941,0.9237772822380066,Q4 (highest)
0.48720112442970276,0.8934327960014343,Q4 (highest)
0.49521955847740173,0.8799922466278076,Q4 (highest)
0.4948287010192871,0.877429187297821,Q4 (highest)
0.5147659182548523,0.8402424454689026,Q3
0.5501724481582642,0.7637102603912354,Q3
0.5354799032211304,0.7936190962791443,Q3
0.45788413286209106,0.9561408758163452,Q4 (highest)
0.5240517258644104,0.8169835805892944,Q3
0.46926766633987427,0.9315419793128967,Q4 (highest)
0.5354799032211304,0.7936190962791443,Q3
0.524823784828186,0.8221619725227356,Q3
0.5067176818847656,0.8526896834373474,Q4 (highest)
0.4680900573730469,0.934070885181427,Q4 (highest)
0.501272976398468,0.8639907836914062,Q4 (highest)
0.4702650010585785,0.936711847782135,Q4 (highest)
0.48028135299682617,0.9080520272254944,Q4 (highest)
0.5063920021057129,0.8533643484115601,Q4 (highest)
0.5127393007278442,0.8402424454689026,Q3
0.5598206520080566,0.7508699297904968,Q3
0.504311740398407,0.8610580563545227,Q4 (highest)
0.4728933274745941,0.9237772822380066,Q4 (highest)
0.5092220306396484,0.8516849279403687,Q4 (highest)
0.469650000333786,0.9307215809822083,Q4 (highest)
0.5117011070251465,0.8423848748207092,Q3
0.5190489888191223,0.8286513686180115,Q3
0.4680900573730469,0.934070885181427,Q4 (highest)
0.5438857674598694,0.7764946222305298,Q3
0.5093693137168884,0.8610580563545227,Q4 (highest)
0.559361457824707,0.7450419664382935,Q3
0.526328444480896,0.8137197494506836,Q3
0.5701619982719421,0.7304093241691589,Q3
0.47113296389579773,0.9275433421134949,Q4 (highest)
0.5199659466743469,0.8253670334815979,Q3
0.4955081045627594,0.8895301222801208,Q4 (highest)
0.45849037170410156,0.9548220038414001,Q4 (highest)
0.498148649930954,0.8704970479011536,Q4 (highest)
0.4764682352542877,0.9161525368690491,Q4 (highest)
0.5228449106216431,0.8162235021591187,Q3
0.49192148447036743,0.8835157752037048,Q4 (highest)
0.4889698028564453,0.8704970479011536,Q4 (highest)
0.5092605948448181,0.8474270105361938,Q4 (highest)
0.4968072474002838,0.8732956051826477,Q4 (highest)
0.46279793977737427,0.9454799890518188,Q4 (highest)
0.4831162095069885,0.9034509062767029,Q4 (highest)
0.5057352781295776,0.8547254204750061,Q4 (highest)
0.5250915288925171,0.8221619725227356,Q3
0.5488901734352112,0.7696968913078308,Q3
0.5063920021057129,0.8533643484115601,Q4 (highest)
0.469650000333786,0.9307215809822083,Q4 (highest)
0.5722023248672485,0.7189524173736572,Q2
0.4964175224304199,0.8741092085838318,Q4 (highest)
0.5103403329849243,0.8451953530311584,Q3
0.5083196759223938,0.8493732810020447,Q4 (highest)
0.501272976398468,0.8639907836914062,Q4 (highest)
0.5130392909049988,0.8430038690567017,Q3
0.5061348080635071,0.837540864944458,Q3
0.5199811458587646,0.8149659633636475,Q3
0.4696972966194153,0.9275433421134949,Q4 (highest)
0.4753383696079254,0.9142053723335266,Q4 (highest)
0.473906010389328,0.9216144680976868,Q4 (highest)
0.4883693754673004,0.8909742832183838,Q4 (highest)
0.49192148447036743,0.8835157752037048,Q4 (highest)
0.46176645159721375,0.9510926604270935,Q4 (highest)
0.4832398593425751,0.9017894268035889,Q4 (highest)
0.4942726790904999,0.8799922466278076,Q4 (highest)
0.5289067625999451,0.8132243156433105,Q3
0.5010939836502075,0.8643630146980286,Q4 (highest)
0.4879056513309479,0.8919497728347778,Q4 (highest)
0.49503007531166077,0.8770081996917725,Q4 (highest)
0.46971845626831055,0.9040120840072632,Q4 (highest)
0.5028164386749268,0.8448798656463623,Q3
0.47495460510253906,0.8919497728347778,Q4 (highest)
0.47676411271095276,0.9017894268035889,Q4 (highest)
0.5406345725059509,0.7709960341453552,Q3
0.4880352020263672,0.8857843279838562,Q4 (highest)
0.5171432495117188,0.8311696648597717,Q3
0.5333332419395447,0.7979995608329773,Q3
0.5109487771987915,0.8439382910728455,Q3
0.5038899183273315,0.8585532903671265,Q4 (highest)
0.4834539592266083,0.9086459875106812,Q4 (highest)
0.4948287010192871,0.877429187297821,Q4 (highest)
0.4819217622280121,0.9045772552490234,Q4 (highest)
0.5072028636932373,0.8516849279403687,Q4 (highest)
0.5457038283348083,0.7741960287094116,Q3
0.46843409538269043,0.936711847782135,Q4 (highest)
0.45112767815589905,0.9161525368690491,Q4 (highest)
0.48681601881980896,0.8264527916908264,Q3
0.49123063683509827,0.8662428259849548,Q4 (highest)
0.47063204646110535,0.8737016320228577,Q4 (highest)
0.4824540615081787,0.9034509062767029,Q4 (highest)
0.5837296843528748,0.6954796314239502,Q2
0.586383044719696,0.6934443712234497,Q2
0.5654065012931824,0.7327635288238525,Q3
0.5565792918205261,0.7548712491989136,Q3
0.4764682352542877,0.9161525368690491,Q4 (highest)
0.5142311453819275,0.8331627249717712,Q3
0.45273610949516296,0.9687837958335876,Q4 (highest)
0.49503007531166077,0.8770081996917725,Q4 (highest)
0.5556259155273438,0.7540296912193298,Q3
0.49842768907546997,0.8732956051826477,Q4 (highest)
0.48967742919921875,0.8218982219696045,Q3
0.460228830575943,0.9223278760910034,Q4 (highest)
0.49810028076171875,0.8393353819847107,Q3
0.4731907546520233,0.8737016320228577,Q4 (highest)
0.5377905368804932,0.7660421133041382,Q3
0.4698209762573242,0.9216144680976868,Q4 (highest)
0.49737855792045593,0.8221619725227356,Q3
0.47798019647598267,0.868930459022522,Q4 (highest)
0.4980575740337372,0.8720870614051819,Q4 (highest)
0.5070679783821106,0.8533643484115601,Q4 (highest)
0.49036285281181335,0.8835157752037048,Q4 (highest)
0.473928838968277,0.9034509062767029,Q4 (highest)
0.5034031271934509,0.8493732810020447,Q4 (highest)
0.522674560546875,0.8198072910308838,Q3
0.4862440228462219,0.8954487442970276,Q4 (highest)
0.44756412506103516,0.9603790640830994,Q4 (highest)
0.4879056513309479,0.8919497728347778,Q4 (highest)
0.46328315138816833,0.9444308280944824,Q4 (highest)
0.48715001344680786,0.8949404954910278,Q4 (highest)
0.5108430981636047,0.8610580563545227,Q4 (highest)
0.5054041147232056,0.8554120063781738,Q4 (highest)
0.49283286929130554,0.8857843279838562,Q4 (highest)
0.5210415124893188,0.8245585560798645,Q3
0.45189008116722107,0.9454799890518188,Q4 (highest)
0.4924430549144745,0.8585532903671265,Q4 (highest)
0.5381942987442017,0.7626451849937439,Q3
0.5018061995506287,0.8628818988800049,Q4 (highest)
0.5133249163627625,0.8390346169471741,Q3
0.4883693754673004,0.8909742832183838,Q4 (highest)
0.4763086438179016,0.9034509062767029,Q4 (highest)
0.43939802050590515,0.9752398133277893,Q4 (highest)
0.5179347395896912,0.817237913608551,Q3
0.5488917827606201,0.7724938988685608,Q3
0.508277416229248,0.819031298160553,Q3
0.41966676712036133,0.9888501763343811,Q4 (highest)
0.4474322497844696,0.9216144680976868,Q4 (highest)
0.5204730033874512,0.8169835805892944,Q3
0.489056259393692,0.8895301222801208,Q4 (highest)
0.44916000962257385,0.9752398133277893,Q4 (highest)
0.4745621383190155,0.9216144680976868,Q4 (highest)
0.5194374918937683,0.8264527916908264,Q3
0.46768656373023987,0.9349380135536194,Q4 (highest)
0.5057352781295776,0.8547254204750061,Q4 (highest)
0.5244225859642029,0.8162235021591187,Q3
0.5183677673339844,0.8286513686180115,Q3
0.5213755965232849,0.8110164999961853,Q3
0.4613659977912903,0.9315419793128967,Q4 (highest)
0.5279278755187988,0.8132243156433105,Q3
0.541296660900116,0.7624684572219849,Q3
0.5564962029457092,0.7550399899482727,Q3
0.4603332579135895,0.9223278760910034,Q4 (highest)
0.5203595757484436,0.8245585560798645,Q3
0.45788413286209106,0.9561408758163452,Q4 (highest)
0.4942726790904999,0.8799922466278076,Q4 (highest)
0.478757381439209,0.8996238112449646,Q4 (highest)
0.4639310836791992,0.9444308280944824,Q4 (highest)
0.5411846041679382,0.7819930911064148,Q3
0.48352012038230896,0.9045772552490234,Q4 (highest)
0.5001294016838074,0.8677703142166138,Q4 (highest)
0.4785693287849426,0.911685049533844,Q4 (highest)
0.44831418991088867,0.9444308280944824,Q4 (highest)
0.4554983675479889,0.9548220038414001,Q4 (highest)
0.4409821033477783,0.9778246283531189,Q4 (highest)
0.5088362097740173,0.8516849279403687,Q4 (highest)
0.47711697220802307,0.9181523323059082,Q4 (highest)
0.593283474445343,0.675950288772583,Q2
0.4559393525123596,0.9603790640830994,Q4 (highest)
0.48872748017311096,0.8599777817726135,Q4 (highest)
0.463915079832077,0.9275433421134949,Q4 (highest)
0.46768656373023987,0.9349380135536194,Q4 (highest)
0.5050620436668396,0.8628818988800049,Q4 (highest)
0.48059511184692383,0.9135674834251404,Q4 (highest)
0.5133249163627625,0.8390346169471741,Q3
0.4987216889858246,0.8603366017341614,Q4 (highest)
0.5171432495117188,0.8311696648597717,Q3
0.47834229469299316,0.9135674834251404,Q4 (highest)
0.5375203490257263,0.7755327820777893,Q3
0.463479608297348,0.9307215809822083,Q4 (highest)
0.46601200103759766,0.9385421276092529,Q4 (highest)
0.47415533661842346,0.9349380135536194,Q4 (highest)
0.5211470127105713,0.8533643484115601,Q4 (highest)
0.5234292149543762,0.8182598352432251,Q3
0.524586021900177,0.8200668096542358,Q3
0.5210833549499512,0.8264527916908264,Q3
0.4776834547519684,0.9135674834251404,Q4 (highest)
0.469650000333786,0.9307215809822083,Q4 (highest)
0.49683791399002075,0.8799922466278076,Q4 (highest)
0.4968072474002838,0.8732956051826477,Q4 (highest)
0.45788413286209106,0.9561408758163452,Q4 (highest)
0.5010939836502075,0.8643630146980286,Q4 (highest)
0.48426491022109985,0.8996238112449646,Q4 (highest)
0.5266073942184448,0.8117485642433167,Q3
0.4529467523097992,0.9669219255447388,Q4 (highest)
0.4629417359828949,0.9086459875106812,Q4 (highest)
0.4786628186702728,0.8939325213432312,Q4 (highest)
0.5168551802635193,0.8331627249717712,Q3
0.5267813205718994,0.8451953530311584,Q3
0.4543895721435547,0.9651642441749573,Q4 (highest)
0.4819217622280121,0.9045772552490234,Q4 (highest)
0.5373508334159851,0.7971130013465881,Q3
0.504311740398407,0.8610580563545227,Q4 (highest)
0.4529467523097992,0.9669219255447388,Q4 (highest)
0.5140493512153625,0.837540864944458,Q3
0.5780057311058044,0.7105247974395752,Q2
0.46279793977737427,0.9454799890518188,Q4 (highest)
0.4832398593425751,0.9017894268035889,Q4 (highest)
0.4634455740451813,0.9454799890518188,Q4 (highest)
0.5372573733329773,0.789994478225708,Q3
0.44096609950065613,0.9842681884765625,Q4 (highest)
0.48696374893188477,0.8939325213432312,Q4 (highest)
0.4732040464878082,0.924513578414917,Q4 (highest)
0.4668620228767395,0.936711847782135,Q4 (highest)
0.5449219942092896,0.7743863463401794,Q3
0.5656976699829102,0.7321720123291016,Q3
0.5691164135932922,0.7252253293991089,Q2
0.4639310836791992,0.9444308280944824,Q4 (highest)
0.44862228631973267,0.9778246283531189,Q4 (highest)
0.4666193127632141,0.9223278760910034,Q4 (highest)
0.5293043255805969,0.8062308430671692,Q3
0.5149080157279968,0.8357715010643005,Q3
0.4752984941005707,0.868930459022522,Q4 (highest)
0.5230529308319092,0.819031298160553,Q3
0.45374950766563416,0.9651642441749573,Q4 (highest)
0.45605164766311646,0.9535431861877441,Q4 (highest)
0.5806059837341309,0.7018482089042664,Q2
0.5277925133705139,0.8093230724334717,Q3
0.6648477911949158,0.5237001776695251,Q1 (lowest)
0.5996665954589844,0.6628477573394775,Q2
0.5420631170272827,0.7802044153213501,Q3
0.5104929804801941,0.8448798656463623,Q3
0.4848403036594391,0.9017894268035889,Q4 (highest)
0.4825263023376465,0.8939325213432312,Q4 (highest)
0.4430984556674957,0.9752398133277893,Q4 (highest)
0.5411494374275208,0.8198072910308838,Q3
0.5046963691711426,0.8610580563545227,Q4 (highest)
0.5186190009117126,0.8343155384063721,Q3
0.5063920021057129,0.8533643484115601,Q4 (highest)
0.46020713448524475,0.9510926604270935,Q4 (highest)
0.5688929557800293,0.7270797491073608,Q2
0.5273527503013611,0.8169835805892944,Q3
0.5324191451072693,0.8071752190589905,Q3
0.43798932433128357,0.9535431861877441,Q4 (highest)
0.5233573317527771,0.8198072910308838,Q3
0.5492960810661316,0.7893638014793396,Q3
0.5349435806274414,0.7988914847373962,Q3
0.5474998354911804,0.7691433429718018,Q3
0.4971940219402313,0.8724883794784546,Q4 (highest)
0.45209747552871704,0.9687837958335876,Q4 (highest)
0.5149080157279968,0.8357715010643005,Q3
0.47113296389579773,0.9275433421134949,Q4 (highest)
0.5366347432136536,0.7912638187408447,Q3
0.45428791642189026,0.9842681884765625,Q4 (highest)
0.4764682352542877,0.9161525368690491,Q4 (highest)
0.46768656373023987,0.9349380135536194,Q4 (highest)
0.5575397610664368,0.7487420439720154,Q3
0.5900478363037109,0.6825742125511169,Q2
0.5414785742759705,0.7813946008682251,Q3
0.5244225859642029,0.8162235021591187,Q3
0.44798728823661804,0.9778246283531189,Q4 (highest)
0.5043350458145142,0.8677703142166138,Q4 (highest)
0.4819217622280121,0.9045772552490234,Q4 (highest)
0.5690466165542603,0.7253672480583191,Q2
0.5690466165542603,0.7253672480583191,Q2
0.5038899183273315,0.8585532903671265,Q4 (highest)
0.5440146327018738,0.7796127796173096,Q3
0.5210415124893188,0.8245585560798645,Q3
0.4735487997531891,0.9237772822380066,Q4 (highest)
0.4630599915981293,0.936711847782135,Q4 (highest)
0.4571540355682373,0.9237772822380066,Q4 (highest)
0.4452691078186035,0.9223278760910034,Q4 (highest)
0.4445420801639557,0.9651642441749573,Q4 (highest)
0.4725489318370819,0.924513578414917,Q4 (highest)
0.46843409538269043,0.936711847782135,Q4 (highest)
0.5014309287071228,0.8799922466278076,Q4 (highest)
0.4430072009563446,0.9888501763343811,Q4 (highest)
0.4529467523097992,0.9669219255447388,Q4 (highest)
0.5655103921890259,0.7339527606964111,Q3
0.5965070724487305,0.6693395376205444,Q2
0.48054465651512146,0.8643630146980286,Q4 (highest)
0.5018696784973145,0.868930459022522,Q4 (highest)
0.4733540713787079,0.9034509062767029,Q4 (highest)
0.5561020374298096,0.7589714527130127,Q3
0.44916000962257385,0.9752398133277893,Q4 (highest)
0.48218879103660583,0.9040120840072632,Q4 (highest)
0.5951695442199707,0.6720839142799377,Q2
0.5306016206741333,0.8137197494506836,Q3
0.4505162239074707,0.9454799890518188,Q4 (highest)
0.4755292534828186,0.9181523323059082,Q4 (highest)
0.5501542687416077,0.7772682905197144,Q3
0.46843409538269043,0.936711847782135,Q4 (highest)
0.4590786099433899,0.9535431861877441,Q4 (highest)
0.4955475926399231,0.8639907836914062,Q4 (highest)
0.45489224791526794,0.9307215809822083,Q4 (highest)
0.4942726790904999,0.8799922466278076,Q4 (highest)
0.46279793977737427,0.9454799890518188,Q4 (highest)
0.5891886949539185,0.6885094046592712,Q2
0.49480390548706055,0.8808614015579224,Q4 (highest)
0.5183677673339844,0.8286513686180115,Q3
0.5590475797653198,0.7456796169281006,Q3
0.5987178087234497,0.6595325469970703,Q2
0.508647620677948,0.8331627249717712,Q3
0.5350554585456848,0.7944848537445068,Q3
0.5216554999351501,0.8218982219696045,Q3
0.5573789477348328,0.7418888807296753,Q3
0.4800012707710266,0.9086459875106812,Q4 (highest)
0.5555132031440735,0.752858579158783,Q3
0.5174104571342468,0.8320200443267822,Q3
0.5583367347717285,0.7471233010292053,Q3
0.516530454158783,0.8221619725227356,Q3
0.4450724720954895,0.9842681884765625,Q4 (highest)
0.5451089143753052,0.7740060687065125,Q3
0.4968286454677582,0.877429187297821,Q4 (highest)
0.5839653611183167,0.6949988007545471,Q2
0.5541895627975464,0.7555475234985352,Q3
0.4776834547519684,0.9135674834251404,Q4 (highest)
0.489056259393692,0.8895301222801208,Q4 (highest)
0.5293043255805969,0.8062308430671692,Q3
0.5595769882202148,0.7513649463653564,Q3
0.5464109778404236,0.7431430220603943,Q3
0.5804488658905029,0.6949988007545471,Q2
0.5372442603111267,0.8110164999961853,Q3
0.45209747552871704,0.9687837958335876,Q4 (highest)
0.46614208817481995,0.9275433421134949,Q4 (highest)
0.4819217622280121,0.9045772552490234,Q4 (highest)
0.4459039866924286,0.9454799890518188,Q4 (highest)
0.5222676992416382,0.8240222930908203,Q3
0.4529467523097992,0.9669219255447388,Q4 (highest)
0.473906010389328,0.9216144680976868,Q4 (highest)
0.4862440228462219,0.8954487442970276,Q4 (highest)
0.4680900573730469,0.934070885181427,Q4 (highest)
0.4819217622280121,0.9045772552490234,Q4 (highest)
0.5986941456794739,0.6690253615379333,Q2
0.4529467523097992,0.9669219255447388,Q4 (highest)
0.46279793977737427,0.9454799890518188,Q4 (highest)
0.5883283615112305,0.6860898733139038,Q2
0.49551287293434143,0.8821795582771301,Q4 (highest)
0.4559393525123596,0.9603790640830994,Q4 (highest)
0.47586536407470703,0.9216144680976868,Q4 (highest)
0.45530566573143005,0.9548220038414001,Q4 (highest)
0.4980575740337372,0.8720870614051819,Q4 (highest)
0.5430276989936829,0.7782409191131592,Q3
0.4450724720954895,0.9842681884765625,Q4 (highest)
0.5831969380378723,0.6965662837028503,Q2
0.504311740398407,0.8610580563545227,Q4 (highest)
0.5653021335601807,0.7363558411598206,Q3
0.5140493512153625,0.837540864944458,Q3
0.4776834547519684,0.9135674834251404,Q4 (highest)
0.49997639656066895,0.8557568192481995,Q4 (highest)
0.47515612840652466,0.9223278760910034,Q4 (highest)
0.4646839201450348,0.9414055943489075,Q4 (highest)
0.5461292862892151,0.7719305753707886,Q3
0.6085156202316284,0.6603310108184814,Q2
0.6170178651809692,0.6417429447174072,Q2
0.6122702956199646,0.6368033289909363,Q2
0.519569993019104,0.8261805176734924,Q3
0.5240517258644104,0.8169835805892944,Q3
0.5851346254348755,0.6926127672195435,Q2
0.5418723225593567,0.7819930911064148,Q3
0.49568304419517517,0.8857843279838562,Q4 (highest)
0.507732093334198,0.8677703142166138,Q4 (highest)
0.48167964816093445,0.8934327960014343,Q4 (highest)
0.5018061995506287,0.8628818988800049,Q4 (highest)
0.5083196759223938,0.8493732810020447,Q4 (highest)
0.49360352754592896,0.8799922466278076,Q4 (highest)
0.45913442969322205,0.9548220038414001,Q4 (highest)
0.5420631170272827,0.7802044153213501,Q3
0.5055193305015564,0.8585532903671265,Q4 (highest)
0.4699203670024872,0.9315419793128967,Q4 (highest)
0.47342807054519653,0.9223278760910034,Q4 (highest)
0.46768656373023987,0.9349380135536194,Q4 (highest)
0.5193046927452087,0.8267256021499634,Q3
0.5424510836601257,0.7827948331832886,Q3
0.4908399283885956,0.8857843279838562,Q4 (highest)
0.5860015153884888,0.6908431053161621,Q2
0.49585381150245667,0.867003858089447,Q4 (highest)
0.5669659972190857,0.7363558411598206,Q3
0.5998949408531189,0.6741147637367249,Q2
0.5133249163627625,0.8390346169471741,Q3
0.48869791626930237,0.8990909457206726,Q4 (highest)
0.5507833957672119,0.7624684572219849,Q3
0.5974718928337097,0.6673584580421448,Q2
0.5521630644798279,0.7596648931503296,Q3
0.4968072474002838,0.8732956051826477,Q4 (highest)
0.5238906741142273,0.8311696648597717,Q3
0.5167596936225891,0.8198072910308838,Q3
0.49375852942466736,0.8770081996917725,Q4 (highest)
0.4862440228462219,0.8954487442970276,Q4 (highest)
0.48784923553466797,0.8954487442970276,Q4 (highest)
0.4675128161907196,0.936711847782135,Q4 (highest)
0.4776834547519684,0.9135674834251404,Q4 (highest)
0.4883693754673004,0.8909742832183838,Q4 (highest)
0.5986757278442383,0.6648849844932556,Q2
0.5038899183273315,0.8585532903671265,Q4 (highest)
0.5130392909049988,0.8430038690567017,Q3
0.5312345623970032,0.8022855520248413,Q3
0.4764682352542877,0.9161525368690491,Q4 (highest)
0.5631152391433716,0.7374178767204285,Q3
0.5438857674598694,0.7764946222305298,Q3
0.5475144386291504,0.7724938988685608,Q3
0.5076948404312134,0.868930459022522,Q4 (highest)
0.5273527503013611,0.8169835805892944,Q3
0.4832398593425751,0.9017894268035889,Q4 (highest)
0.5398006439208984,0.7936190962791443,Q3
0.4819217622280121,0.9045772552490234,Q4 (highest)
0.4899565875530243,0.8876386284828186,Q4 (highest)
0.5851346254348755,0.6926127672195435,Q2
0.49521955847740173,0.8799922466278076,Q4 (highest)
0.5005843639373779,0.8939325213432312,Q4 (highest)
0.48644334077835083,0.9017894268035889,Q4 (highest)
0.5788142085075378,0.705498218536377,Q2
0.5443585515022278,0.7755327820777893,Q3
0.5203595757484436,0.8245585560798645,Q3
0.493648499250412,0.8704970479011536,Q4 (highest)
0.48521852493286133,0.9017894268035889,Q4 (highest)
0.47447648644447327,0.9237772822380066,Q4 (highest)
0.5093179941177368,0.8506886959075928,Q4 (highest)
0.5223378539085388,0.8218982219696045,Q3
0.5156113505363464,0.8448798656463623,Q3
0.49728354811668396,0.8737016320228577,Q4 (highest)
0.4862440228462219,0.8954487442970276,Q4 (highest)
0.46473202109336853,0.9454799890518188,Q4 (highest)
0.5956277251243591,0.7060073614120483,Q2
0.4549207389354706,0.9687837958335876,Q4 (highest)
0.4616052210330963,0.9548220038414001,Q4 (highest)
0.5382930040359497,0.7912638187408447,Q3
0.49062052369117737,0.8862445950508118,Q4 (highest)
0.5513898730278015,0.7612359523773193,Q3
0.5793142318725586,0.7058799266815186,Q2
0.5738040208816528,0.7156950831413269,Q2
0.47834229469299316,0.9135674834251404,Q4 (highest)
0.515792191028595,0.8261805176734924,Q3
0.45788413286209106,0.9561408758163452,Q4 (highest)
0.4646839201450348,0.9414055943489075,Q4 (highest)
0.47113296389579773,0.9275433421134949,Q4 (highest)
0.45877715945243835,0.9603790640830994,Q4 (highest)
0.51237952709198,0.8423848748207092,Q3
0.5017672777175903,0.8643630146980286,Q4 (highest)
0.4621610641479492,0.9603790640830994,Q4 (highest)
0.44988390803337097,0.9778246283531189,Q4 (highest)
0.5222676992416382,0.8240222930908203,Q3
0.5168551802635193,0.8331627249717712,Q3
0.5499739050865173,0.7674940228462219,Q3
0.48254653811454773,0.9237772822380066,Q4 (highest)
0.46328315138816833,0.9444308280944824,Q4 (highest)
0.47413140535354614,0.924513578414917,Q4 (highest)
0.5052377581596375,0.8557568192481995,Q4 (highest)
0.46601200103759766,0.9385421276092529,Q4 (highest)
0.4881362020969391,0.9086459875106812,Q4 (highest)
0.4941736161708832,0.8821795582771301,Q4 (highest)
0.4436376690864563,0.9888501763343811,Q4 (highest)
0.4386405050754547,0.9752398133277893,Q4 (highest)
0.4499565064907074,0.9349380135536194,Q4 (highest)
0.5001473426818848,0.8346053957939148,Q3
0.5093782544136047,0.8533643484115601,Q4 (highest)
0.4832009971141815,0.9080520272254944,Q4 (highest)
0.4559393525123596,0.9603790640830994,Q4 (highest)
0.531903862953186,0.8009184002876282,Q3
0.6156901717185974,0.6384958624839783,Q2
0.5133394598960876,0.8423848748207092,Q3
0.5067176818847656,0.8526896834373474,Q4 (highest)
0.46939679980278015,0.9414055943489075,Q4 (highest)
0.49677059054374695,0.8821795582771301,Q4 (highest)
0.4884701669216156,0.8949404954910278,Q4 (highest)
0.5044285655021667,0.8662428259849548,Q4 (highest)
0.5496456027030945,0.7689592242240906,Q3
0.5694840550422668,0.7437736392021179,Q3
0.45484042167663574,0.9040120840072632,Q4 (highest)
0.5134262442588806,0.8430038690567017,Q3
0.5450810790061951,0.7782409191131592,Q3
0.5216264128684998,0.8354789614677429,Q3
0.5046520233154297,0.8799922466278076,Q4 (highest)
0.4832398593425751,0.9017894268035889,Q4 (highest)
0.5103381276130676,0.8557568192481995,Q4 (highest)
0.5415804982185364,0.789994478225708,Q3
0.4853956401348114,0.9135674834251404,Q4 (highest)
0.4634455740451813,0.9454799890518188,Q4 (highest)
0.48804885149002075,0.9017894268035889,Q4 (highest)
0.4721983075141907,0.934070885181427,Q4 (highest)
0.5859428644180298,0.7044839859008789,Q2
0.5380850434303284,0.8018283843994141,Q3
0.5223149657249451,0.8267256021499634,Q3
0.510323166847229,0.8346053957939148,Q3
0.47006845474243164,0.8876386284828186,Q4 (highest)
0.4776834547519684,0.9135674834251404,Q4 (highest)
0.5549367070198059,0.7540296912193298,Q3
0.5568159222602844,0.7502123713493347,Q3
0.47003650665283203,0.934070885181427,Q4 (highest)
0.5171432495117188,0.8311696648597717,Q3
0.5160776972770691,0.837540864944458,Q3
0.5064108967781067,0.8547254204750061,Q4 (highest)
0.5084100961685181,0.8533643484115601,Q4 (highest)
0.5664713382720947,0.7394076585769653,Q3
0.4680900573730469,0.934070885181427,Q4 (highest)
0.5249329805374146,0.837540864944458,Q3
0.47804203629493713,0.9142053723335266,Q4 (highest)
0.4764682352542877,0.9161525368690491,Q4 (highest)
0.4712272584438324,0.9307215809822083,Q4 (highest)
0.4966127872467041,0.8737016320228577,Q4 (highest)
0.45913442969322205,0.9548220038414001,Q4 (highest)
0.4798873960971832,0.911685049533844,Q4 (highest)
0.5093179941177368,0.8506886959075928,Q4 (highest)
0.5737993121147156,0.73499995470047,Q3
0.4728219211101532,0.934070885181427,Q4 (highest)
0.559361457824707,0.7450419664382935,Q3
0.5072028636932373,0.8516849279403687,Q4 (highest)
0.5120795965194702,0.8430038690567017,Q3
0.46328315138816833,0.9444308280944824,Q4 (highest)
0.5109487771987915,0.8439382910728455,Q3
0.5846754908561707,0.6969299912452698,Q2
0.4970882833003998,0.8741092085838318,Q4 (highest)
0.5667781829833984,0.7333571314811707,Q3
0.44916000962257385,0.9752398133277893,Q4 (highest)
0.5115513205528259,0.8426939845085144,Q3
0.466251939535141,0.9414055943489075,Q4 (highest)
0.48857006430625916,0.8939325213432312,Q4 (highest)
0.473906010389328,0.9216144680976868,Q4 (highest)
0.4800012707710266,0.9086459875106812,Q4 (highest)
0.5097256898880005,0.8464655876159668,Q4 (highest)
0.562135636806488,0.7394076585769653,Q3
0.5222092866897583,0.8221619725227356,Q3
0.44798728823661804,0.9778246283531189,Q4 (highest)
0.4646839201450348,0.9414055943489075,Q4 (highest)
0.569296658039093,0.73499995470047,Q3
0.5278140306472778,0.8261805176734924,Q3
0.47834229469299316,0.9135674834251404,Q4 (highest)
0.4932275712490082,0.8821795582771301,Q4 (highest)
0.561650276184082,0.7437736392021179,Q3
0.499030739068985,0.8821795582771301,Q4 (highest)
0.5059650540351868,0.8677703142166138,Q4 (highest)
0.5059650540351868,0.8677703142166138,Q4 (highest)
0.49283286929130554,0.8857843279838562,Q4 (highest)
0.5980758666992188,0.666117787361145,Q2
0.4519910514354706,0.9778246283531189,Q4 (highest)
0.45788413286209106,0.9561408758163452,Q4 (highest)
0.4980575740337372,0.8720870614051819,Q4 (highest)
0.45273610949516296,0.9687837958335876,Q4 (highest)
0.44916000962257385,0.9752398133277893,Q4 (highest)
0.44916000962257385,0.9752398133277893,Q4 (highest)
0.49503007531166077,0.8770081996917725,Q4 (highest)
0.562646210193634,0.7456796169281006,Q3
0.4964175224304199,0.8741092085838318,Q4 (highest)
0.45374950766563416,0.9651642441749573,Q4 (highest)
0.4797190725803375,0.9092445373535156,Q4 (highest)
0.5932618975639343,0.7032240629196167,Q2
0.5389708876609802,0.7879023551940918,Q3
0.5599859952926636,0.7437736392021179,Q3
0.4925590455532074,0.8821795582771301,Q4 (highest)
0.5587593913078308,0.7530254125595093,Q3
0.5691690444946289,0.7386395931243896,Q3
0.47927483916282654,0.9135674834251404,Q4 (highest)
0.4819217622280121,0.9045772552490234,Q4 (highest)
0.5258866548538208,0.8132243156433105,Q3
0.48720112442970276,0.8934327960014343,Q4 (highest)
0.4800012707710266,0.9086459875106812,Q4 (highest)
0.46437835693359375,0.9414055943489075,Q4 (highest)
0.5063920021057129,0.8533643484115601,Q4 (highest)
0.4831162095069885,0.9034509062767029,Q4 (highest)
0.5148188471794128,0.8393353819847107,Q3
0.4879056513309479,0.8919497728347778,Q4 (highest)
0.5175042152404785,0.8346053957939148,Q3
0.4912879168987274,0.8862445950508118,Q4 (highest)
0.6047828793525696,0.6556862592697144,Q2
0.5382537245750427,0.7893638014793396,Q3
0.4776834547519684,0.9135674834251404,Q4 (highest)
0.4964175224304199,0.8741092085838318,Q4 (highest)
0.6107628345489502,0.6399324536323547,Q2
0.4728933274745941,0.9237772822380066,Q4 (highest)
0.5056619048118591,0.8610580563545227,Q4 (highest)
0.5539121031761169,0.7622917890548706,Q3
0.5814248323440552,0.7043576240539551,Q2
0.4998250901699066,0.867003858089447,Q4 (highest)
0.44651660323143005,0.9454799890518188,Q4 (highest)
0.5362095236778259,0.7988914847373962,Q3
0.4942726790904999,0.8799922466278076,Q4 (highest)
0.5249093174934387,0.8253670334815979,Q3
0.5909935832023621,0.6941602230072021,Q2
0.5316461324691772,0.8149659633636475,Q3
0.5166211128234863,0.8423848748207092,Q3
0.5643055438995361,0.73499995470047,Q3
0.5656248927116394,0.732319712638855,Q3
0.4908399283885956,0.8857843279838562,Q4 (highest)
0.48511409759521484,0.9040120840072632,Q4 (highest)
0.49842768907546997,0.8732956051826477,Q4 (highest)
0.5194374918937683,0.8264527916908264,Q3
0.4766307771205902,0.9275433421134949,Q4 (highest)
0.47113296389579773,0.9275433421134949,Q4 (highest)
0.45913442969322205,0.9548220038414001,Q4 (highest)
0.4773833751678467,0.9142053723335266,Q4 (highest)
0.5114625692367554,0.8516849279403687,Q4 (highest)
0.5052171945571899,0.8599777817726135,Q4 (highest)
0.4883693754673004,0.8909742832183838,Q4 (highest)
0.5154741406440735,0.8346053957939148,Q3
0.5057352781295776,0.8547254204750061,Q4 (highest)
0.4942726790904999,0.8799922466278076,Q4 (highest)
0.5405752658843994,0.789994478225708,Q3
0.49237504601478577,0.8839653134346008,Q4 (highest)
0.572605550289154,0.718132495880127,Q2
0.45913442969322205,0.9548220038414001,Q4 (highest)
0.4971940219402313,0.8724883794784546,Q4 (highest)
0.4585277736186981,0.9561408758163452,Q4 (highest)
0.48521852493286133,0.9017894268035889,Q4 (highest)
0.4634455740451813,0.9454799890518188,Q4 (highest)
0.4725489318370819,0.924513578414917,Q4 (highest)
0.5258866548538208,0.8132243156433105,Q3
0.507610023021698,0.8643630146980286,Q4 (highest)
0.5961085557937622,0.714221715927124,Q2
0.5740754008293152,0.728664219379425,Q2
0.5865718722343445,0.7002353072166443,Q2
0.534268856048584,0.8062308430671692,Q3
0.5010939836502075,0.8643630146980286,Q4 (highest)
0.501272976398468,0.8639907836914062,Q4 (highest)
0.6235775351524353,0.614584743976593,Q2
0.5222676992416382,0.8240222930908203,Q3
0.4715743064880371,0.9510926604270935,Q4 (highest)
0.44630464911460876,0.9888501763343811,Q4 (highest)
0.5527526140213013,0.7626451849937439,Q3
0.4728933274745941,0.9237772822380066,Q4 (highest)
0.4699203670024872,0.9315419793128967,Q4 (highest)
0.4941736161708832,0.8821795582771301,Q4 (highest)
0.5423537492752075,0.7796127796173096,Q3
0.47113296389579773,0.9275433421134949,Q4 (highest)
0.5010809898376465,0.8677703142166138,Q4 (highest)
0.4712168276309967,0.9315419793128967,Q4 (highest)
0.49900752305984497,0.8720870614051819,Q4 (highest)
0.5018061995506287,0.8628818988800049,Q4 (highest)
0.5003137588500977,0.8732956051826477,Q4 (highest)
0.49945709109306335,0.8677703142166138,Q4 (highest)
0.5288425087928772,0.8071752190589905,Q3
0.5490251779556274,0.7660421133041382,Q3
0.5877713561058044,0.6906083822250366,Q2
0.5863415598869324,0.6915489435195923,Q2
0.6096047759056091,0.6571566462516785,Q2
0.48720112442970276,0.8934327960014343,Q4 (highest)
0.4506964683532715,0.9752398133277893,Q4 (highest)
0.5293043255805969,0.8062308430671692,Q3
0.48658791184425354,0.8876386284828186,Q4 (highest)
0.5542728304862976,0.755378246307373,Q3
0.48451730608940125,0.8990909457206726,Q4 (highest)
0.45788413286209106,0.9561408758163452,Q4 (highest)
0.4894227683544159,0.8949404954910278,Q4 (highest)
0.5078791975975037,0.8516849279403687,Q4 (highest)
0.5081396102905273,0.8585532903671265,Q4 (highest)
0.6381122469902039,0.5958768129348755,Q2
0.6172245144844055,0.6829115748405457,Q2
0.4481310546398163,0.9842681884765625,Q4 (highest)
0.4922775328159332,0.8895301222801208,Q4 (highest)
0.5429587364196777,0.7919024229049683,Q3
0.48611980676651,0.8990909457206726,Q4 (highest)
0.4430072009563446,0.9888501763343811,Q4 (highest)
0.4942023456096649,0.868930459022522,Q4 (highest)
0.49945709109306335,0.8677703142166138,Q4 (highest)
0.44916000962257385,0.9752398133277893,Q4 (highest)
0.46279793977737427,0.9454799890518188,Q4 (highest)
0.4609966278076172,0.9561408758163452,Q4 (highest)
0.5829389691352844,0.7038528919219971,Q2
0.4609966278076172,0.9561408758163452,Q4 (highest)
0.5158852934837341,0.8399393558502197,Q3
0.5963938236236572,0.6934443712234497,Q2
0.47450539469718933,0.924513578414917,Q4 (highest)
0.5279278755187988,0.8132243156433105,Q3
0.49192148447036743,0.8835157752037048,Q4 (highest)
0.5671388506889343,0.7292439937591553,Q3
0.472712904214859,0.9275433421134949,Q4 (highest)
0.5261625647544861,0.8261805176734924,Q3
0.5943885445594788,0.6736854314804077,Q2
0.6051134467124939,0.6604310870170593,Q2
0.505044162273407,0.8603366017341614,Q4 (highest)
0.5092605948448181,0.8474270105361938,Q4 (highest)
0.4436376690864563,0.9888501763343811,Q4 (highest)
0.5032833814620972,0.8639907836914062,Q4 (highest)
0.46000513434410095,0.9161525368690491,Q4 (highest)
0.5072028636932373,0.8516849279403687,Q4 (highest)
0.46279793977737427,0.9454799890518188,Q4 (highest)
0.49738627672195435,0.8720870614051819,Q4 (highest)
0.4977882504463196,0.877429187297821,Q4 (highest)
0.4531702995300293,0.9752398133277893,Q4 (highest)
0.5258866548538208,0.8132243156433105,Q3
0.5165504813194275,0.8516849279403687,Q4 (highest)
0.5132657885551453,0.8464655876159668,Q4 (highest)
0.4853956401348114,0.9135674834251404,Q4 (highest)
0.44979602098464966,0.9752398133277893,Q4 (highest)
0.5551925897598267,0.7640668153762817,Q3
0.5299140810966492,0.8198072910308838,Q3
0.5240854620933533,0.8286513686180115,Q3
0.5239220261573792,0.8245585560798645,Q3
0.507366955280304,0.8547254204750061,Q4 (highest)
0.5024798512458801,0.8628818988800049,Q4 (highest)
0.56763756275177,0.7282307147979736,Q2
0.47357186675071716,0.9223278760910034,Q4 (highest)
0.4559393525123596,0.9603790640830994,Q4 (highest)
0.47335049510002136,0.9385421276092529,Q4 (highest)
0.5269650220870972,0.8110164999961853,Q3
0.49814483523368835,0.8464655876159668,Q4 (highest)
0.46874186396598816,0.934070885181427,Q4 (highest)
0.48061490058898926,0.9161525368690491,Q4 (highest)
0.504612386226654,0.8643630146980286,Q4 (highest)
0.5085387825965881,0.877429187297821,Q4 (highest)
0.5674554109573364,0.7395617365837097,Q3
0.5216418504714966,0.8474270105361938,Q4 (highest)
0.45913442969322205,0.9548220038414001,Q4 (highest)
0.5548980832099915,0.770438015460968,Q3
0.5878863334655762,0.6883934140205383,Q2
0.6174604892730713,0.6301741600036621,Q2
0.5337675213813782,0.7971130013465881,Q3
0.5104714632034302,0.8516849279403687,Q4 (highest)
0.5501781105995178,0.7806000709533691,Q3
0.5097256898880005,0.8464655876159668,Q4 (highest)
0.5199861526489258,0.8267256021499634,Q3
0.48028135299682617,0.9080520272254944,Q4 (highest)
0.4647246301174164,0.9561408758163452,Q4 (highest)
0.48696374893188477,0.8939325213432312,Q4 (highest)
0.4781608581542969,0.8895301222801208,Q4 (highest)
0.4735487997531891,0.9237772822380066,Q4 (highest)
0.4745621383190155,0.9216144680976868,Q4 (highest)
0.5344855189323425,0.8018283843994141,Q3
0.5561863780021667,0.7548712491989136,Q3
0.5315699577331543,0.8016003370285034,Q3
0.46385374665260315,0.9603790640830994,Q4 (highest)
0.48218879103660583,0.9040120840072632,Q4 (highest)
0.487297922372818,0.9080520272254944,Q4 (highest)
0.4699203670024872,0.9315419793128967,Q4 (highest)
0.6070248484611511,0.6510543823242188,Q2
0.5243794322013855,0.8264527916908264,Q3
0.5565602779388428,0.7624684572219849,Q3
0.49763450026512146,0.8939325213432312,Q4 (highest)
0.46279793977737427,0.9454799890518188,Q4 (highest)
0.5236925482749939,0.8218982219696045,Q3
0.5515604019165039,0.7696968913078308,Q3
0.5202516317367554,0.8261805176734924,Q3
0.4785693287849426,0.911685049533844,Q4 (highest)
0.5593428015708923,0.7464801669120789,Q3
0.5547763705253601,0.7605358958244324,Q3
0.5030760169029236,0.867003858089447,Q4 (highest)
0.472712904214859,0.9275433421134949,Q4 (highest)
0.5651782155036926,0.7495572566986084,Q3
0.573940098285675,0.732319712638855,Q3
0.5666070580482483,0.7581087946891785,Q3
0.5099851489067078,0.8526896834373474,Q4 (highest)
0.4728933274745941,0.9237772822380066,Q4 (highest)
0.48352012038230896,0.9045772552490234,Q4 (highest)
0.5511860251426697,0.7689592242240906,Q3
0.5562463998794556,0.7555475234985352,Q3
0.46279793977737427,0.9454799890518188,Q4 (highest)
0.5171432495117188,0.8311696648597717,Q3
0.5049144625663757,0.8426939845085144,Q3
0.5215269327163696,0.8221619725227356,Q3
0.4906657338142395,0.8895301222801208,Q4 (highest)
0.5605828166007996,0.7487420439720154,Q3
0.5247020125389099,0.819031298160553,Q3
0.5470507740974426,0.7817933559417725,Q3
0.6131572723388672,0.6363603472709656,Q2
0.5648211240768433,0.7339527606964111,Q3
0.49503007531166077,0.8770081996917725,Q4 (highest)
0.5283777117729187,0.8081257939338684,Q3
0.5235424041748047,0.8297645449638367,Q3
0.46941158175468445,0.9385421276092529,Q4 (highest)
0.47413140535354614,0.924513578414917,Q4 (highest)
0.5331134796142578,0.8018283843994141,Q3
0.538892924785614,0.78666090965271,Q3
0.4785693287849426,0.911685049533844,Q4 (highest)
0.4773833751678467,0.9142053723335266,Q4 (highest)
0.5246694684028625,0.8218982219696045,Q3
0.49360352754592896,0.8799922466278076,Q4 (highest)
0.45223626494407654,0.9752398133277893,Q4 (highest)
0.49062052369117737,0.8862445950508118,Q4 (highest)
0.501272976398468,0.8639907836914062,Q4 (highest)
0.44798728823661804,0.9778246283531189,Q4 (highest)
0.5010939836502075,0.8643630146980286,Q4 (highest)
0.49654561281204224,0.9216144680976868,Q4 (highest)
0.5742294192314148,0.7508699297904968,Q3
0.5890184044837952,0.6888575553894043,Q2
0.4970882833003998,0.8741092085838318,Q4 (highest)
0.5084702372550964,0.8662428259849548,Q4 (highest)
0.46540185809135437,0.9603790640830994,Q4 (highest)
0.5007016062736511,0.8724883794784546,Q4 (highest)
0.5170016288757324,0.8526896834373474,Q4 (highest)
0.5934606790542603,0.6865482926368713,Q2
0.4724162518978119,0.9349380135536194,Q4 (highest)
0.4874715805053711,0.8996238112449646,Q4 (highest)
0.5182057619094849,0.8331627249717712,Q3
0.5001906752586365,0.8662428259849548,Q4 (highest)
0.4882466495037079,0.9017894268035889,Q4 (highest)
0.47037625312805176,0.9315419793128967,Q4 (highest)
0.4925590455532074,0.8821795582771301,Q4 (highest)
0.4954134523868561,0.8835157752037048,Q4 (highest)
0.46004626154899597,0.9548220038414001,Q4 (highest)
0.4922323226928711,0.8862445950508118,Q4 (highest)
0.5318368077278137,0.8083644509315491,Q3
0.49067816138267517,0.8934327960014343,Q4 (highest)
0.5205159187316895,0.825637698173523,Q3
0.5345215797424316,0.7955742478370667,Q3
0.49192148447036743,0.8835157752037048,Q4 (highest)
0.5507879257202148,0.7741960287094116,Q3
0.4932275712490082,0.8821795582771301,Q4 (highest)
0.5474218726158142,0.7726821303367615,Q3
0.46966442465782166,0.934070885181427,Q4 (highest)
0.5519027709960938,0.7719305753707886,Q3
0.5896624326705933,0.6833624243736267,Q2
0.4773833751678467,0.9142053723335266,Q4 (highest)
0.5289842486381531,0.8261805176734924,Q3
0.4912879168987274,0.8862445950508118,Q4 (highest)
0.4858669936656952,0.8996238112449646,Q4 (highest)
0.4436376690864563,0.9888501763343811,Q4 (highest)
0.501272976398468,0.8639907836914062,Q4 (highest)
0.45788413286209106,0.9561408758163452,Q4 (highest)
0.519569993019104,0.8261805176734924,Q3
0.5254680514335632,0.8182598352432251,Q3
0.5338757038116455,0.7968922853469849,Q3
0.44988390803337097,0.9778246283531189,Q4 (highest)
0.46473240852355957,0.9548220038414001,Q4 (highest)
0.6192232966423035,0.6311200261116028,Q2
0.6219813227653503,0.6253433227539062,Q2
0.5780465602874756,0.7138218879699707,Q2
0.6012780666351318,0.6668405532836914,Q2
0.5728310942649841,0.72185218334198,Q2
0.5158138275146484,0.8474270105361938,Q4 (highest)
0.4925895631313324,0.8835157752037048,Q4 (highest)
0.46926766633987427,0.9315419793128967,Q4 (highest)
0.4956014156341553,0.8799922466278076,Q4 (highest)
0.45500287413597107,0.9548220038414001,Q4 (highest)
0.5200126767158508,0.8286513686180115,Q3
0.506575882434845,0.854383647441864,Q4 (highest)
0.5088853240013123,0.854383647441864,Q4 (highest)
0.5070669054985046,0.8724883794784546,Q4 (highest)
0.5406596660614014,0.7936190962791443,Q3
0.48715001344680786,0.8949404954910278,Q4 (highest)
0.5167269110679626,0.8393353819847107,Q3
0.4998250901699066,0.867003858089447,Q4 (highest)
0.5711178183555603,0.721157431602478,Q2
0.637470543384552,0.5837299823760986,Q2
0.5644952654838562,0.738792896270752,Q3
0.7043658494949341,0.4771019518375397,Q1 (lowest)
0.7156069278717041,0.4471403956413269,Q1 (lowest)
0.7168105244636536,0.42798125743865967,Q1 (lowest)
0.44798728823661804,0.9778246283531189,Q4 (highest)
0.4864853024482727,0.8949404954910278,Q4 (highest)
0.5529288649559021,0.7581087946891785,Q3
0.46328315138816833,0.9444308280944824,Q4 (highest)
0.4725489318370819,0.924513578414917,Q4 (highest)
0.4380800426006317,0.9778246283531189,Q4 (highest)
0.5194374918937683,0.8264527916908264,Q3
0.4956014156341553,0.8799922466278076,Q4 (highest)
0.49728354811668396,0.8737016320228577,Q4 (highest)
0.503203809261322,0.8599777817726135,Q4 (highest)
0.5210833549499512,0.8264527916908264,Q3
0.4950450360774994,0.8857843279838562,Q4 (highest)
0.5148188471794128,0.8393353819847107,Q3
0.4764682352542877,0.9161525368690491,Q4 (highest)
0.5424036979675293,0.7883185148239136,Q3
0.5275378823280334,0.8132243156433105,Q3
0.49549850821495056,0.877429187297821,Q4 (highest)
0.46004626154899597,0.9548220038414001,Q4 (highest)
0.5274390578269958,0.810046374797821,Q3
0.5457038283348083,0.7741960287094116,Q3
0.519569993019104,0.8261805176734924,Q3
0.6267127990722656,0.6171404123306274,Q2
0.6608479619026184,0.5583738684654236,Q2
0.6641709804534912,0.5340322256088257,Q1 (lowest)
0.6864359974861145,0.48377570509910583,Q1 (lowest)
0.5914096236228943,0.6865482926368713,Q2
0.5157298445701599,0.8354789614677429,Q3
0.4754445254802704,0.924513578414917,Q4 (highest)
0.4925590455532074,0.8821795582771301,Q4 (highest)
0.5088362097740173,0.8516849279403687,Q4 (highest)
0.5092605948448181,0.8474270105361938,Q4 (highest)
0.5117570161819458,0.8677703142166138,Q4 (highest)
0.5174563527107239,0.8474270105361938,Q4 (highest)
0.5078791975975037,0.8516849279403687,Q4 (highest)
0.4549207389354706,0.9687837958335876,Q4 (highest)
0.5052377581596375,0.8557568192481995,Q4 (highest)
0.4822542369365692,0.9080520272254944,Q4 (highest)
0.5562484860420227,0.7513649463653564,Q3
0.5387665629386902,0.7883185148239136,Q3
0.5231345891952515,0.8346053957939148,Q3
0.5585117936134338,0.756908655166626,Q3
0.5316461324691772,0.8149659633636475,Q3
0.5353739857673645,0.7938351631164551,Q3
0.5738155245780945,0.72185218334198,Q2
0.6661459803581238,0.5207692980766296,Q1 (lowest)
0.595533013343811,0.6755167245864868,Q2
0.5809899568557739,0.7052440643310547,Q2
0.4559393525123596,0.9603790640830994,Q4 (highest)
0.48696374893188477,0.8939325213432312,Q4 (highest)
0.4678228795528412,0.9414055943489075,Q4 (highest)
0.5294192433357239,0.805995762348175,Q3
0.4785693287849426,0.911685049533844,Q4 (highest)
0.48701581358909607,0.9086459875106812,Q4 (highest)
0.48218879103660583,0.9040120840072632,Q4 (highest)
0.489056259393692,0.8895301222801208,Q4 (highest)
0.4966481328010559,0.8770081996917725,Q4 (highest)
0.5860015153884888,0.6908431053161621,Q2
0.48053857684135437,0.911685049533844,Q4 (highest)
0.5010809898376465,0.8677703142166138,Q4 (highest)
0.5146979689598083,0.8423848748207092,Q3
0.49549850821495056,0.877429187297821,Q4 (highest)
0.5569378137588501,0.7513649463653564,Q3
0.6670767664909363,0.5292191505432129,Q1 (lowest)
0.6686549782752991,0.5150788426399231,Q1 (lowest)
0.6215780377388,0.6173816919326782,Q2
0.6286486983299255,0.6024949550628662,Q2
0.45658132433891296,0.9603790640830994,Q4 (highest)
0.4680900573730469,0.934070885181427,Q4 (highest)
0.46926766633987427,0.9315419793128967,Q4 (highest)
0.45374950766563416,0.9651642441749573,Q4 (highest)
0.47447648644447327,0.9237772822380066,Q4 (highest)
0.5289067625999451,0.8132243156433105,Q3
0.6468533873558044,0.5634967684745789,Q2
0.5974213480949402,0.6674622893333435,Q2
0.5302190184593201,0.8043607473373413,Q3
0.4982329308986664,0.8737016320228577,Q4 (highest)
0.6948663592338562,0.4573492109775543,Q1 (lowest)
0.686670184135437,0.47645455598831177,Q1 (lowest)
0.6257363557815552,0.6086419224739075,Q2
0.4968072474002838,0.8732956051826477,Q4 (highest)
0.4899565875530243,0.8876386284828186,Q4 (highest)
0.48696374893188477,0.8939325213432312,Q4 (highest)
0.4786688983440399,0.9216144680976868,Q4 (highest)
0.46926766633987427,0.9315419793128967,Q4 (highest)
0.4578566253185272,0.9603790640830994,Q4 (highest)
0.45849037170410156,0.9548220038414001,Q4 (highest)
0.5809712409973145,0.7044839859008789,Q2
0.5716743469238281,0.7363558411598206,Q3
0.5675936341285706,0.7431430220603943,Q3
0.5672102570533752,0.7290988564491272,Q3
0.5135765075683594,0.8426939845085144,Q3
0.642673909664154,0.5739477276802063,Q2
0.5905491709709167,0.6888575553894043,Q2
0.5558735728263855,0.7535267472267151,Q3
0.5258866548538208,0.8132243156433105,Q3
0.5254680514335632,0.8182598352432251,Q3
0.49518558382987976,0.8808614015579224,Q4 (highest)
0.5097256898880005,0.8464655876159668,Q4 (highest)
0.5478300452232361,0.7819930911064148,Q3
0.5160776972770691,0.837540864944458,Q3
0.4809420704841614,0.9080520272254944,Q4 (highest)
0.47413140535354614,0.924513578414917,Q4 (highest)
0.5137264132499695,0.8423848748207092,Q3
0.47834229469299316,0.9135674834251404,Q4 (highest)
0.5284941792488098,0.8078875541687012,Q3
0.562905490398407,0.7513649463653564,Q3
0.6270429491996765,0.6058868765830994,Q2
0.5989148020744324,0.6677738428115845,Q2
0.4574679434299469,0.9687837958335876,Q4 (highest)
0.4915076196193695,0.8949404954910278,Q4 (highest)
0.4948287010192871,0.877429187297821,Q4 (highest)
0.5150500535964966,0.8354789614677429,Q3
0.4969468116760254,0.8839653134346008,Q4 (highest)
0.503203809261322,0.8599777817726135,Q4 (highest)
0.4634455740451813,0.9454799890518188,Q4 (highest)
0.4899565875530243,0.8876386284828186,Q4 (highest)
0.5420631170272827,0.7802044153213501,Q3
0.47113296389579773,0.9275433421134949,Q4 (highest)
0.51237952709198,0.8423848748207092,Q3
0.49641361832618713,0.8876386284828186,Q4 (highest)
0.47922879457473755,0.911685049533844,Q4 (highest)
0.5756015777587891,0.732319712638855,Q3
0.4711618423461914,0.9454799890518188,Q4 (highest)
0.45788413286209106,0.9561408758163452,Q4 (highest)
0.44798728823661804,0.9778246283531189,Q4 (highest)
0.5433351993560791,0.7817933559417725,Q3
0.531417191028595,0.8052927851676941,Q3
0.5081270337104797,0.8677703142166138,Q4 (highest)
0.5365371108055115,0.8083644509315491,Q3
0.5527526140213013,0.7626451849937439,Q3
0.4716000258922577,0.9307215809822083,Q4 (highest)
0.49318838119506836,0.8808614015579224,Q4 (highest)
0.5584916472434998,0.7637102603912354,Q3
0.4984583556652069,0.8799922466278076,Q4 (highest)
0.46412143111228943,0.9561408758163452,Q4 (highest)
0.4759760797023773,0.9307215809822083,Q4 (highest)
0.4925590455532074,0.8821795582771301,Q4 (highest)
0.46484848856925964,0.9444308280944824,Q4 (highest)
0.46768656373023987,0.9349380135536194,Q4 (highest)
0.4668620228767395,0.936711847782135,Q4 (highest)
0.5255234837532043,0.8139680027961731,Q3
0.46176645159721375,0.9510926604270935,Q4 (highest)
0.5225480198860168,0.8200668096542358,Q3
0.5648211240768433,0.7339527606964111,Q3
0.6213638782501221,0.6245911717414856,Q2
0.5379442572593689,0.789994478225708,Q3
0.5415576100349426,0.784613847732544,Q3
0.5131790041923523,0.8393353819847107,Q3
0.4556899964809418,0.9778246283531189,Q4 (highest)
0.5751711130142212,0.7292439937591553,Q3
0.5129731297492981,0.8439382910728455,Q3
0.4971006512641907,0.8799922466278076,Q4 (highest)
0.4783329963684082,0.9223278760910034,Q4 (highest)
0.5653021335601807,0.7363558411598206,Q3
0.47530698776245117,0.9454799890518188,Q4 (highest)
0.5185073614120483,0.8297645449638367,Q3
0.4512762129306793,0.9888501763343811,Q4 (highest)
0.4642103314399719,0.9669219255447388,Q4 (highest)
0.4971621632575989,0.8835157752037048,Q4 (highest)
0.4784020483493805,0.9237772822380066,Q4 (highest)
0.45929819345474243,0.9669219255447388,Q4 (highest)
0.473906010389328,0.9216144680976868,Q4 (highest)
0.4785693287849426,0.911685049533844,Q4 (highest)
0.4776834547519684,0.9135674834251404,Q4 (highest)
0.5389158725738525,0.789994478225708,Q3
0.5031061768531799,0.8737016320228577,Q4 (highest)
0.5133249163627625,0.8390346169471741,Q3
0.522674560546875,0.8198072910308838,Q3
0.6060790419578552,0.6496291756629944,Q2
0.6410964131355286,0.584755003452301,Q2
0.5485256314277649,0.770438015460968,Q3
0.53145831823349,0.8018283843994141,Q3
0.6099928617477417,0.6524901390075684,Q2
0.5689067244529724,0.7256515622138977,Q2
0.6092802882194519,0.6568616628646851,Q2
0.6276806592941284,0.608718991279602,Q2
0.5821453332901001,0.7122317552566528,Q2
0.49130916595458984,0.8949404954910278,Q4 (highest)
0.47448354959487915,0.936711847782135,Q4 (highest)
0.47927483916282654,0.9135674834251404,Q4 (highest)
0.4935351312160492,0.8835157752037048,Q4 (highest)
0.4559393525123596,0.9603790640830994,Q4 (highest)
0.5103403329849243,0.8451953530311584,Q3
0.48903533816337585,0.8909742832183838,Q4 (highest)
0.5074635744094849,0.8628818988800049,Q4 (highest)
0.4748506546020508,0.9237772822380066,Q4 (highest)
0.501181423664093,0.8821795582771301,Q4 (highest)
0.539822518825531,0.805995762348175,Q3
0.6530303955078125,0.560553789138794,Q2
0.5302190184593201,0.8043607473373413,Q3
0.5059043169021606,0.8585532903671265,Q4 (highest)
0.5796265006065369,0.7052440643310547,Q2
0.5233125686645508,0.8320200443267822,Q3
0.5221142172813416,0.8297645449638367,Q3
0.4796508848667145,0.9135674834251404,Q4 (highest)
0.5462236404418945,0.7759168744087219,Q3
0.5103403329849243,0.8451953530311584,Q3
0.5255234837532043,0.8139680027961731,Q3
0.4717869758605957,0.9275433421134949,Q4 (highest)
0.45374950766563416,0.9651642441749573,Q4 (highest)
0.4998250901699066,0.867003858089447,Q4 (highest)
0.47357186675071716,0.9223278760910034,Q4 (highest)
0.48857006430625916,0.8939325213432312,Q4 (highest)
0.5117011070251465,0.8423848748207092,Q3
0.5032219290733337,0.8704970479011536,Q4 (highest)
0.5622658729553223,0.7596648931503296,Q3
0.4989001750946045,0.868930459022522,Q4 (highest)
0.48056671023368835,0.9237772822380066,Q4 (highest)
0.5216554999351501,0.8218982219696045,Q3
0.5811523795127869,0.7292439937591553,Q3
0.5755216479301453,0.7279422283172607,Q2
0.593008816242218,0.677913248538971,Q2
0.5022563338279724,0.8720870614051819,Q4 (highest)
0.5455592274665833,0.7772682905197144,Q3
0.5600636601448059,0.7436158061027527,Q3
0.4815964698791504,0.9086459875106812,Q4 (highest)
0.5552629828453064,0.7696968913078308,Q3
0.5167269110679626,0.8393353819847107,Q3
0.4899025857448578,0.8939325213432312,Q4 (highest)
0.5204011797904968,0.8286513686180115,Q3
0.47820568084716797,0.9307215809822083,Q4 (highest)
0.4699203670024872,0.9315419793128967,Q4 (highest)
0.46601200103759766,0.9385421276092529,Q4 (highest)
0.5206207633018494,0.8240222930908203,Q3
0.5860909819602966,0.6940407156944275,Q2
0.5360604524612427,0.7938351631164551,Q3
0.4938463866710663,0.8862445950508118,Q4 (highest)
0.4728933274745941,0.9237772822380066,Q4 (highest)
0.46601200103759766,0.9385421276092529,Q4 (highest)
0.4699203670024872,0.9315419793128967,Q4 (highest)
0.45450901985168457,0.9752398133277893,Q4 (highest)
0.5361663699150085,0.7936190962791443,Q3
0.4784020483493805,0.9237772822380066,Q4 (highest)
0.507684051990509,0.8506886959075928,Q4 (highest)
0.4956999719142914,0.8770081996917725,Q4 (highest)
0.5714330673217773,0.7374178767204285,Q3
0.45209747552871704,0.9687837958335876,Q4 (highest)
0.5404552817344666,0.7936190962791443,Q3
0.5266775488853455,0.8221619725227356,Q3
0.6213859915733337,0.6177843809127808,Q2
0.5423362851142883,0.7902053594589233,Q3
0.5818206071853638,0.6993726491928101,Q2
0.5897176265716553,0.6832495331764221,Q2
0.44798728823661804,0.9778246283531189,Q4 (highest)
0.5385113954544067,0.7936190962791443,Q3
0.5324569344520569,0.7997888326644897,Q3
0.47357186675071716,0.9223278760910034,Q4 (highest)
0.5353739857673645,0.7938351631164551,Q3
0.45658132433891296,0.9603790640830994,Q4 (highest)
0.5004977583885193,0.867003858089447,Q4 (highest)
0.5413575172424316,0.785021185874939,Q3
0.5571773648262024,0.752858579158783,Q3
0.4450724720954895,0.9842681884765625,Q4 (highest)
0.5570762753486633,0.7665850520133972,Q3
0.4844822883605957,0.9385421276092529,Q4 (highest)
0.5194708108901978,0.8297645449638367,Q3
0.6303556561470032,0.619403600692749,Q2
0.5596588253974915,0.7782409191131592,Q3
0.5986757278442383,0.6648849844932556,Q2
0.5778728723526001,0.7074150443077087,Q2
0.5497485399246216,0.7755327820777893,Q3
0.5075969696044922,0.8677703142166138,Q4 (highest)
0.5233573317527771,0.8198072910308838,Q3
0.5219264030456543,0.8286513686180115,Q3
0.5040685534477234,0.8643630146980286,Q4 (highest)
0.5161747932434082,0.8331627249717712,Q3
0.508736252784729,0.8526896834373474,Q4 (highest)
0.5379442572593689,0.789994478225708,Q3
0.5401847958564758,0.7854294180870056,Q3
0.5304481387138367,0.8052927851676941,Q3
0.5625137686729431,0.7386395931243896,Q3
0.4966127872467041,0.8737016320228577,Q4 (highest)
0.4903578758239746,0.8909742832183838,Q4 (highest)
0.5161747932434082,0.8331627249717712,Q3
0.5632649660110474,0.7371137142181396,Q3
0.5103403329849243,0.8451953530311584,Q3
0.5451089143753052,0.7740060687065125,Q3
0.5132368803024292,0.8306058049201965,Q3
0.4510597288608551,0.9752398133277893,Q4 (highest)
0.4785693287849426,0.911685049533844,Q4 (highest)
0.4621858596801758,0.9842681884765625,Q4 (highest)
0.5635766386985779,0.7637102603912354,Q3
0.6216558814048767,0.6335483193397522,Q2
0.6633306741714478,0.5388509631156921,Q1 (lowest)
0.6153139472007751,0.6377814412117004,Q2
0.5696935653686523,0.7282307147979736,Q2
0.5306586623191833,0.8169835805892944,Q3
0.5682744979858398,0.7269363403320312,Q2
0.4760623872280121,0.9237772822380066,Q4 (highest)
0.4776834547519684,0.9135674834251404,Q4 (highest)
0.581850528717041,0.7110482454299927,Q2
0.6228188872337341,0.6161782145500183,Q2
0.5161747932434082,0.8331627249717712,Q3
0.48059511184692383,0.9135674834251404,Q4 (highest)
0.5117484331130981,0.8464655876159668,Q4 (highest)
0.503203809261322,0.8599777817726135,Q4 (highest)
0.5734063386917114,0.716503918170929,Q2
0.5299140810966492,0.8083644509315491,Q3
0.529986560344696,0.8110164999961853,Q3
0.4539056420326233,0.9454799890518188,Q4 (highest)
0.477314293384552,0.9040120840072632,Q4 (highest)
0.46892815828323364,0.934070885181427,Q4 (highest)
0.4492715001106262,0.9888501763343811,Q4 (highest)
0.45849037170410156,0.9548220038414001,Q4 (highest)
0.5087841153144836,0.8585532903671265,Q4 (highest)
0.5280255675315857,0.8198072910308838,Q3
0.6338509321212769,0.6350372433662415,Q2
0.5984385013580322,0.6715531349182129,Q2
0.5451181530952454,0.7827948331832886,Q3
0.5628249049186707,0.7394076585769653,Q3
0.45374950766563416,0.9651642441749573,Q4 (highest)
0.4818962514400482,0.9181523323059082,Q4 (highest)
0.5397384762763977,0.7883185148239136,Q3
0.48053857684135437,0.911685049533844,Q4 (highest)
0.48869791626930237,0.8990909457206726,Q4 (highest)
0.599454402923584,0.6674622893333435,Q2
0.5590475797653198,0.7456796169281006,Q3
0.5146979689598083,0.8423848748207092,Q3
0.44916000962257385,0.9752398133277893,Q4 (highest)
0.45374950766563416,0.9651642441749573,Q4 (highest)
0.558872640132904,0.7696968913078308,Q3
0.5156543850898743,0.8451953530311584,Q3
0.4824540615081787,0.9034509062767029,Q4 (highest)
0.5149080157279968,0.8357715010643005,Q3
0.4726801812648773,0.9315419793128967,Q4 (highest)
0.5472275614738464,0.7696968913078308,Q3
0.4445302188396454,0.9888501763343811,Q4 (highest)
0.5481885075569153,0.7691433429718018,Q3
0.4776834547519684,0.9135674834251404,Q4 (highest)
0.46768656373023987,0.9349380135536194,Q4 (highest)
0.4731041491031647,0.9135674834251404,Q4 (highest)
0.5072607398033142,0.8720870614051819,Q4 (highest)
0.472712904214859,0.9275433421134949,Q4 (highest)
0.5371042490005493,0.7944848537445068,Q3
0.49192148447036743,0.8835157752037048,Q4 (highest)
0.5763357281684875,0.7253672480583191,Q2
0.5952476859092712,0.7058799266815186,Q2
0.4646839201450348,0.9414055943489075,Q4 (highest)
0.5629710555076599,0.7418888807296753,Q3
0.5282592177391052,0.8117485642433167,Q3
0.5744923949241638,0.7156950831413269,Q2
0.593060314655304,0.6865482926368713,Q2
0.5162808299064636,0.8464655876159668,Q4 (highest)
0.5765816569328308,0.714221715927124,Q2
0.49494561553001404,0.8954487442970276,Q4 (highest)
0.46279793977737427,0.9454799890518188,Q4 (highest)
0.5823017358779907,0.6983917355537415,Q2
0.5406001806259155,0.7893638014793396,Q3
0.5479162335395813,0.7696968913078308,Q3
0.5321255922317505,0.80046546459198,Q3
0.5458523035049438,0.7724938988685608,Q3
0.47834229469299316,0.9135674834251404,Q4 (highest)
0.451202929019928,0.9842681884765625,Q4 (highest)
0.47769615054130554,0.9307215809822083,Q4 (highest)
0.530904233455658,0.8043607473373413,Q3
0.5354799032211304,0.7936190962791443,Q3
0.4912879168987274,0.8862445950508118,Q4 (highest)
0.5289480686187744,0.8137197494506836,Q3
0.5629364252090454,0.7487420439720154,Q3
0.4982329308986664,0.8737016320228577,Q4 (highest)
0.4989001750946045,0.868930459022522,Q4 (highest)
0.4562906324863434,0.9669219255447388,Q4 (highest)
0.5570025444030762,0.7633544206619263,Q3
0.5458523035049438,0.7724938988685608,Q3
0.5266073942184448,0.8117485642433167,Q3
0.5223378539085388,0.8218982219696045,Q3
0.4899565875530243,0.8876386284828186,Q4 (highest)
0.4590786099433899,0.9535431861877441,Q4 (highest)
0.46966442465782166,0.934070885181427,Q4 (highest)
0.5038899183273315,0.8585532903671265,Q4 (highest)
0.4862440228462219,0.8954487442970276,Q4 (highest)
0.5715938806533813,0.7201893925666809,Q2
0.4757901132106781,0.9237772822380066,Q4 (highest)
0.6588183641433716,0.5649842619895935,Q2
0.5673324465751648,0.7394076585769653,Q3
0.5260831713676453,0.8245585560798645,Q3
0.5341127514839172,0.7997888326644897,Q3
0.6260648965835571,0.6079496145248413,Q2
0.5832473039627075,0.7032240629196167,Q2
0.6216614246368408,0.6260142922401428,Q2
0.6446957588195801,0.5820329785346985,Q2
0.5632649660110474,0.7371137142181396,Q3
0.5541895627975464,0.7555475234985352,Q3
0.49106693267822266,0.8954487442970276,Q4 (highest)
0.5247020125389099,0.819031298160553,Q3
0.5750383734703064,0.7362046837806702,Q3
0.4935935437679291,0.8909742832183838,Q4 (highest)
0.5114625692367554,0.8516849279403687,Q4 (highest)
0.5140039920806885,0.8390346169471741,Q3
0.5664933323860168,0.7305554747581482,Q3
0.5104929804801941,0.8448798656463623,Q3
0.46020713448524475,0.9510926604270935,Q4 (highest)
0.5480415225028992,0.7680419087409973,Q3
0.45374950766563416,0.9651642441749573,Q4 (highest)
0.548695981502533,0.7772682905197144,Q3
0.571128785610199,0.7555475234985352,Q3
0.5827729105949402,0.7156950831413269,Q2
0.5092605948448181,0.8474270105361938,Q4 (highest)
0.6344395875930786,0.5963838696479797,Q2
0.5161747932434082,0.8331627249717712,Q3
0.534561812877655,0.7968922853469849,Q3
0.5456104278564453,0.7817933559417725,Q3
0.4921812117099762,0.8939325213432312,Q4 (highest)
0.48322421312332153,0.9181523323059082,Q4 (highest)
0.5617557764053345,0.740179181098938,Q3
0.48352012038230896,0.9045772552490234,Q4 (highest)
0.5350554585456848,0.7944848537445068,Q3
0.4896567463874817,0.9017894268035889,Q4 (highest)
0.5230529308319092,0.819031298160553,Q3
0.4692603051662445,0.9349380135536194,Q4 (highest)
0.504311740398407,0.8610580563545227,Q4 (highest)
0.6070248484611511,0.6510543823242188,Q2
0.5097256898880005,0.8464655876159668,Q4 (highest)
0.4712272584438324,0.9307215809822083,Q4 (highest)
0.604701817035675,0.6592339277267456,Q2
0.5169374346733093,0.8357715010643005,Q3
0.5169374346733093,0.8357715010643005,Q3
0.5770331025123596,0.7105247974395752,Q2
0.5353893637657166,0.8043607473373413,Q3
0.5520108342170715,0.7633544206619263,Q3
0.5067176818847656,0.8526896834373474,Q4 (highest)
0.489056259393692,0.8895301222801208,Q4 (highest)
0.5897685289382935,0.6899060606956482,Q2
0.5613517761230469,0.7680419087409973,Q3
0.6105619072914124,0.6465297937393188,Q2
0.5274390578269958,0.810046374797821,Q3
0.5104031562805176,0.8464655876159668,Q4 (highest)
0.46666213870048523,0.9385421276092529,Q4 (highest)
0.46328315138816833,0.9444308280944824,Q4 (highest)
0.5334725379943848,0.7991153001785278,Q3
0.4919479489326477,0.8876386284828186,Q4 (highest)
0.5631276369094849,0.738792896270752,Q3
0.5620431303977966,0.7437736392021179,Q3
0.5600636601448059,0.7436158061027527,Q3
0.583207905292511,0.7038528919219971,Q2
0.6040124297142029,0.6552960276603699,Q2
0.5194374918937683,0.8264527916908264,Q3
0.5387917757034302,0.7868671417236328,Q3
0.5097256898880005,0.8464655876159668,Q4 (highest)
0.4796508848667145,0.9135674834251404,Q4 (highest)
0.45374950766563416,0.9651642441749573,Q4 (highest)
0.5246694684028625,0.8218982219696045,Q3
0.4740239083766937,0.9275433421134949,Q4 (highest)
0.5513898730278015,0.7612359523773193,Q3
0.5816105604171753,0.7039790153503418,Q2
0.4680900573730469,0.934070885181427,Q4 (highest)
0.5409570932388306,0.7912638187408447,Q3
0.4491194784641266,0.9888501763343811,Q4 (highest)
0.4445302188396454,0.9888501763343811,Q4 (highest)
0.46279793977737427,0.9454799890518188,Q4 (highest)
0.5419703722000122,0.7817933559417725,Q3
0.47770556807518005,0.9223278760910034,Q4 (highest)
0.48345747590065,0.9161525368690491,Q4 (highest)
0.4832398593425751,0.9017894268035889,Q4 (highest)
0.5244225859642029,0.8162235021591187,Q3
0.4839024543762207,0.9017894268035889,Q4 (highest)
0.4680900573730469,0.934070885181427,Q4 (highest)
0.5277925133705139,0.8093230724334717,Q3
0.48609182238578796,0.9045772552490234,Q4 (highest)
0.47429561614990234,0.9275433421134949,Q4 (highest)
0.4879056513309479,0.8919497728347778,Q4 (highest)
0.44905972480773926,0.9842681884765625,Q4 (highest)
0.4755292534828186,0.9181523323059082,Q4 (highest)
0.4646839201450348,0.9414055943489075,Q4 (highest)
0.5214294195175171,0.8311696648597717,Q3
0.4948248863220215,0.8862445950508118,Q4 (highest)
0.5423537492752075,0.7796127796173096,Q3
0.4874715805053711,0.8996238112449646,Q4 (highest)
0.4982329308986664,0.8737016320228577,Q4 (highest)
0.4876287877559662,0.8939325213432312,Q4 (highest)
0.5819448232650757,0.7058799266815186,Q2
0.5654065012931824,0.7327635288238525,Q3
0.4735487997531891,0.9237772822380066,Q4 (highest)
0.5396978259086609,0.785021185874939,Q3
0.519569993019104,0.8261805176734924,Q3
0.5193046927452087,0.8267256021499634,Q3
0.5228634476661682,0.8261805176734924,Q3
0.46279793977737427,0.9454799890518188,Q4 (highest)
0.46328315138816833,0.9444308280944824,Q4 (highest)
0.5250363349914551,0.8149659633636475,Q3
0.5083196759223938,0.8493732810020447,Q4 (highest)
0.5499969720840454,0.7640668153762817,Q3
0.4800012707710266,0.9086459875106812,Q4 (highest)
0.4430072009563446,0.9888501763343811,Q4 (highest)
0.46279793977737427,0.9454799890518188,Q4 (highest)
0.4646839201450348,0.9414055943489075,Q4 (highest)
0.47967177629470825,0.9181523323059082,Q4 (highest)
0.48644334077835083,0.9017894268035889,Q4 (highest)
0.49503007531166077,0.8770081996917725,Q4 (highest)
0.5131790041923523,0.8393353819847107,Q3
0.4819217622280121,0.9045772552490234,Q4 (highest)
0.47096434235572815,0.936711847782135,Q4 (highest)
0.5125913023948669,0.8506886959075928,Q4 (highest)
0.5026837587356567,0.8610580563545227,Q4 (highest)
0.4559393525123596,0.9603790640830994,Q4 (highest)
0.4643622934818268,0.9454799890518188,Q4 (highest)
0.45529577136039734,0.9651642441749573,Q4 (highest)
0.5224480032920837,0.8264527916908264,Q3
0.5063920021057129,0.8533643484115601,Q4 (highest)
0.4646839201450348,0.9414055943489075,Q4 (highest)
0.4879056513309479,0.8919497728347778,Q4 (highest)
0.46279793977737427,0.9454799890518188,Q4 (highest)
0.49360352754592896,0.8799922466278076,Q4 (highest)
0.4899565875530243,0.8876386284828186,Q4 (highest)
0.5541895627975464,0.7555475234985352,Q3
0.5698810815811157,0.7236713171005249,Q2
0.4942726790904999,0.8799922466278076,Q4 (highest)
0.5054041147232056,0.8554120063781738,Q4 (highest)
0.4899565875530243,0.8876386284828186,Q4 (highest)
0.4735487997531891,0.9237772822380066,Q4 (highest)
0.4878663122653961,0.8934327960014343,Q4 (highest)
0.5187615752220154,0.8320200443267822,Q3
0.4879056513309479,0.8919497728347778,Q4 (highest)
0.5201500058174133,0.8311696648597717,Q3
0.551559329032898,0.7622917890548706,Q3
0.5843763947486877,0.6941602230072021,Q2
0.5545223951339722,0.7548712491989136,Q3
0.44979602098464966,0.9752398133277893,Q4 (highest)
0.5721349120140076,0.7190894484519958,Q2
0.4862440228462219,0.8954487442970276,Q4 (highest)
0.4908399283885956,0.8857843279838562,Q4 (highest)
0.4764682352542877,0.9161525368690491,Q4 (highest)
0.4699203670024872,0.9315419793128967,Q4 (highest)
0.4578566253185272,0.9603790640830994,Q4 (highest)
0.4716000258922577,0.9307215809822083,Q4 (highest)
0.48720112442970276,0.8934327960014343,Q4 (highest)
0.469650000333786,0.9307215809822083,Q4 (highest)
0.5464481711387634,0.7726821303367615,Q3
0.48218879103660583,0.9040120840072632,Q4 (highest)
0.6198295950889587,0.624424397945404,Q2
0.5602964758872986,0.7431430220603943,Q3
0.4578566253185272,0.9603790640830994,Q4 (highest)
0.45209747552871704,0.9687837958335876,Q4 (highest)
0.6047902703285217,0.6564690470695496,Q2
0.5570621490478516,0.7660421133041382,Q3
0.4634455740451813,0.9454799890518188,Q4 (highest)
0.4773833751678467,0.9142053723335266,Q4 (highest)
0.6020481586456299,0.6579453945159912,Q2
0.4824540615081787,0.9034509062767029,Q4 (highest)
0.5213765501976013,0.8286513686180115,Q3
0.4894689619541168,0.8996238112449646,Q4 (highest)
0.5841203927993774,0.696082592010498,Q2
0.5865427851676941,0.7014747262001038,Q2
0.48218879103660583,0.9040120840072632,Q4 (highest)
0.5687045454978943,0.7513649463653564,Q3
0.6012775301933289,0.6595325469970703,Q2
0.5451001524925232,0.7802044153213501,Q3
0.4848403036594391,0.9017894268035889,Q4 (highest)
0.5199659466743469,0.8253670334815979,Q3
0.45849037170410156,0.9548220038414001,Q4 (highest)
0.4680900573730469,0.934070885181427,Q4 (highest)
0.5601556301116943,0.7476072907447815,Q3
0.5378296971321106,0.7997888326644897,Q3
0.44916000962257385,0.9752398133277893,Q4 (highest)
0.5113618969917297,0.8464655876159668,Q4 (highest)
0.4853956401348114,0.9135674834251404,Q4 (highest)
0.5512675642967224,0.7885269522666931,Q3
0.48894959688186646,0.8939325213432312,Q4 (highest)
0.5472275614738464,0.7696968913078308,Q3
0.5114012956619263,0.8430038690567017,Q3
0.4796508848667145,0.9135674834251404,Q4 (highest)
0.5333332419395447,0.7979995608329773,Q3
0.5430276989936829,0.7782409191131592,Q3
0.5671388506889343,0.7292439937591553,Q3
0.5693009495735168,0.7282307147979736,Q2
0.6271509528160095,0.6056589484214783,Q2
0.4938572943210602,0.8808614015579224,Q4 (highest)
0.4764682352542877,0.9161525368690491,Q4 (highest)
0.5768573880195618,0.7094823122024536,Q2
0.566314160823822,0.732319712638855,Q3
0.5566725134849548,0.7610606551170349,Q3
0.4941736161708832,0.8821795582771301,Q4 (highest)
0.46592971682548523,0.9454799890518188,Q4 (highest)
0.5485391616821289,0.7971130013465881,Q3
0.502427875995636,0.8677703142166138,Q4 (highest)
0.5651143193244934,0.7333571314811707,Q3
0.5442240238189697,0.784613847732544,Q3
0.5461292862892151,0.7719305753707886,Q3
0.5585492849349976,0.7508699297904968,Q3
0.5673614740371704,0.7321720123291016,Q3
0.5651143193244934,0.7333571314811707,Q3
0.592271625995636,0.6780229210853577,Q2
0.6118691563606262,0.6410167217254639,Q2
0.5389158725738525,0.789994478225708,Q3
0.5208342671394348,0.8297645449638367,Q3
0.47549089789390564,0.9216144680976868,Q4 (highest)
0.489056259393692,0.8895301222801208,Q4 (highest)
0.4590439796447754,0.9603790640830994,Q4 (highest)
0.5193435549736023,0.8610580563545227,Q4 (highest)
0.5499969720840454,0.7640668153762817,Q3
0.5409519076347351,0.80046546459198,Q3
0.5443585515022278,0.7755327820777893,Q3
0.6235142350196838,0.6206265687942505,Q2
0.4974781572818756,0.8732956051826477,Q4 (highest)
0.5430416464805603,0.7796127796173096,Q3
0.4745621383190155,0.9216144680976868,Q4 (highest)
0.48451730608940125,0.8990909457206726,Q4 (highest)
0.46279793977737427,0.9454799890518188,Q4 (highest)
0.561696469783783,0.7464801669120789,Q3
0.5890921950340271,0.72185218334198,Q2
0.4930780827999115,0.8990909457206726,Q4 (highest)
0.5622520446777344,0.7464801669120789,Q3
0.5729683637619019,0.7418888807296753,Q3
0.5104031562805176,0.8464655876159668,Q4 (highest)
0.5302190184593201,0.8043607473373413,Q3
0.49518558382987976,0.8808614015579224,Q4 (highest)
0.5272957682609558,0.8137197494506836,Q3
0.538892924785614,0.78666090965271,Q3
0.5827803015708923,0.6974158883094788,Q2
0.5529288649559021,0.7581087946891785,Q3
0.5077524185180664,0.8547254204750061,Q4 (highest)
0.5115742087364197,0.854383647441864,Q4 (highest)
0.5129204392433167,0.8643630146980286,Q4 (highest)
0.5595149397850037,0.7548712491989136,Q3
0.4575900137424469,0.9669219255447388,Q4 (highest)
0.45383700728416443,0.9842681884765625,Q4 (highest)
0.4818771481513977,0.9080520272254944,Q4 (highest)
0.4531702995300293,0.9752398133277893,Q4 (highest)
0.5936006903648376,0.6753004193305969,Q2
0.6363289952278137,0.592931866645813,Q2
0.5353739857673645,0.7938351631164551,Q3
0.558792233467102,0.7503765225410461,Q3
0.469650000333786,0.9307215809822083,Q4 (highest)
0.48218879103660583,0.9040120840072632,Q4 (highest)
0.4668620228767395,0.936711847782135,Q4 (highest)
0.4897226393222809,0.8895301222801208,Q4 (highest)
0.48028135299682617,0.9080520272254944,Q4 (highest)
0.48218879103660583,0.9040120840072632,Q4 (highest)
0.5693009495735168,0.7282307147979736,Q2
0.5530980825424194,0.757764995098114,Q3
0.5269650220870972,0.8110164999961853,Q3
0.5247349143028259,0.8169835805892944,Q3
0.5246694684028625,0.8218982219696045,Q3
0.4529467523097992,0.9669219255447388,Q4 (highest)
0.45209747552871704,0.9687837958335876,Q4 (highest)
0.4634455740451813,0.9454799890518188,Q4 (highest)
0.5354799032211304,0.7936190962791443,Q3
0.4806617200374603,0.9086459875106812,Q4 (highest)
0.5494469404220581,0.7665850520133972,Q3
0.5271744728088379,0.8139680027961731,Q3
0.5140493512153625,0.837540864944458,Q3
0.532996654510498,0.805995762348175,Q3
0.5483110547065735,0.7674940228462219,Q3
0.4948287010192871,0.877429187297821,Q4 (highest)
0.5001906752586365,0.8662428259849548,Q4 (highest)
0.47097092866897583,0.934070885181427,Q4 (highest)
0.489056259393692,0.8895301222801208,Q4 (highest)
0.5042479634284973,0.8639907836914062,Q4 (highest)
0.4618585705757141,0.9548220038414001,Q4 (highest)
0.5606829524040222,0.7423580884933472,Q3
0.5269650220870972,0.8110164999961853,Q3
0.5475517511367798,0.770438015460968,Q3
0.498148649930954,0.8704970479011536,Q4 (highest)
0.5482511520385742,0.7709960341453552,Q3
0.5072028636932373,0.8516849279403687,Q4 (highest)
0.5063920021057129,0.8533643484115601,Q4 (highest)
0.5154741406440735,0.8346053957939148,Q3
0.46279793977737427,0.9454799890518188,Q4 (highest)
0.5437156558036804,0.7782409191131592,Q3
0.5450810790061951,0.7782409191131592,Q3
0.4848403036594391,0.9017894268035889,Q4 (highest)
0.483735054731369,0.9080520272254944,Q4 (highest)
0.48624560236930847,0.8996238112449646,Q4 (highest)
0.5203595757484436,0.8245585560798645,Q3
0.5174174308776855,0.8306058049201965,Q3
0.6352766156196594,0.5884184241294861,Q2
0.5503475069999695,0.7633544206619263,Q3
0.4899565875530243,0.8876386284828186,Q4 (highest)
0.5179108381271362,0.8357715010643005,Q3
0.5247349143028259,0.8169835805892944,Q3
0.5422639846801758,0.7811956405639648,Q3
0.4864853024482727,0.8949404954910278,Q4 (highest)
0.5423054099082947,0.7968922853469849,Q3
0.5806059837341309,0.7018482089042664,Q2
0.5194374918937683,0.8264527916908264,Q3
0.5293043255805969,0.8062308430671692,Q3
0.5294586420059204,0.8132243156433105,Q3
0.5010939836502075,0.8643630146980286,Q4 (highest)
0.4646839201450348,0.9414055943489075,Q4 (highest)
0.4925590455532074,0.8821795582771301,Q4 (highest)
0.4785693287849426,0.911685049533844,Q4 (highest)
0.5363216400146484,0.7919024229049683,Q3
0.49521955847740173,0.8799922466278076,Q4 (highest)
0.5843763947486877,0.6941602230072021,Q2
0.5010939836502075,0.8643630146980286,Q4 (highest)
0.5880377292633057,0.6934443712234497,Q2
0.5010939836502075,0.8643630146980286,Q4 (highest)
0.5637125372886658,0.7362046837806702,Q3
0.44862228631973267,0.9778246283531189,Q4 (highest)
0.4529467523097992,0.9669219255447388,Q4 (highest)
0.4796508848667145,0.9135674834251404,Q4 (highest)
0.4908399283885956,0.8857843279838562,Q4 (highest)
0.4594388008117676,0.9561408758163452,Q4 (highest)
0.4559393525123596,0.9603790640830994,Q4 (highest)
0.5099542737007141,0.8493732810020447,Q4 (highest)
0.5194621086120605,0.8331627249717712,Q3
0.4730166494846344,0.934070885181427,Q4 (highest)
0.4908399283885956,0.8857843279838562,Q4 (highest)
0.534268856048584,0.8062308430671692,Q3
0.5697409510612488,0.7327635288238525,Q3
0.5371899604797363,0.7968922853469849,Q3
0.5198341608047485,0.825637698173523,Q3
0.4908399283885956,0.8857843279838562,Q4 (highest)
0.6034752726554871,0.6550039052963257,Q2
0.5327867269515991,0.7991153001785278,Q3
0.45788413286209106,0.9561408758163452,Q4 (highest)
0.45449134707450867,0.9669219255447388,Q4 (highest)
0.47967177629470825,0.9181523323059082,Q4 (highest)
0.4832398593425751,0.9017894268035889,Q4 (highest)
0.5120795965194702,0.8430038690567017,Q3
0.4989001750946045,0.868930459022522,Q4 (highest)
0.46328315138816833,0.9444308280944824,Q4 (highest)
0.5119771361351013,0.8451953530311584,Q3
0.5097256898880005,0.8464655876159668,Q4 (highest)
0.45374950766563416,0.9651642441749573,Q4 (highest)
0.4862440228462219,0.8954487442970276,Q4 (highest)
0.49945709109306335,0.8677703142166138,Q4 (highest)
0.4590786099433899,0.9535431861877441,Q4 (highest)
0.4717869758605957,0.9275433421134949,Q4 (highest)
0.5561863780021667,0.7548712491989136,Q3
0.5726420283317566,0.7253672480583191,Q2
0.4692603051662445,0.9349380135536194,Q4 (highest)
0.498148649930954,0.8704970479011536,Q4 (highest)
0.6283654570579529,0.6030938029289246,Q2
0.5720108151435852,0.7207419276237488,Q2
0.5078791975975037,0.8516849279403687,Q4 (highest)
0.5536802411079407,0.770438015460968,Q3
0.5762723088264465,0.7224099636077881,Q2
0.5133249163627625,0.8390346169471741,Q3
0.48857006430625916,0.8939325213432312,Q4 (highest)
0.5283777117729187,0.8081257939338684,Q3
0.5320702195167542,0.8078875541687012,Q3
0.498148649930954,0.8704970479011536,Q4 (highest)
0.5182057619094849,0.8331627249717712,Q3
0.5970584154129028,0.6755167245864868,Q2
0.5595852136611938,0.7581087946891785,Q3
0.4906235337257385,0.8876386284828186,Q4 (highest)
0.4948287010192871,0.877429187297821,Q4 (highest)
0.4942638576030731,0.8949404954910278,Q4 (highest)
0.489056259393692,0.8895301222801208,Q4 (highest)
0.4966127872467041,0.8737016320228577,Q4 (highest)
0.5250784754753113,0.8182598352432251,Q3
0.4876287877559662,0.8939325213432312,Q4 (highest)
0.5364785194396973,0.7988914847373962,Q3
0.44798728823661804,0.9778246283531189,Q4 (highest)
0.5125862956047058,0.8439382910728455,Q3
0.4785693287849426,0.911685049533844,Q4 (highest)
0.48857006430625916,0.8939325213432312,Q4 (highest)
0.47109299898147583,0.9349380135536194,Q4 (highest)
0.46279793977737427,0.9454799890518188,Q4 (highest)
0.46306052803993225,0.9510926604270935,Q4 (highest)
0.5113618969917297,0.8464655876159668,Q4 (highest)
0.5010809898376465,0.8677703142166138,Q4 (highest)
0.5409913063049316,0.8078875541687012,Q3
0.47927483916282654,0.9135674834251404,Q4 (highest)
0.5321255922317505,0.80046546459198,Q3
0.4908399283885956,0.8857843279838562,Q4 (highest)
0.5154741406440735,0.8346053957939148,Q3
0.5482176542282104,0.7782409191131592,Q3
0.48857006430625916,0.8939325213432312,Q4 (highest)
0.5721349120140076,0.7190894484519958,Q2
0.5821513533592224,0.7060073614120483,Q2
0.4839024543762207,0.9017894268035889,Q4 (highest)
0.44916000962257385,0.9752398133277893,Q4 (highest)
0.5333332419395447,0.7979995608329773,Q3
0.5690037608146667,0.7327635288238525,Q3
0.5503475069999695,0.7633544206619263,Q3
0.46601200103759766,0.9385421276092529,Q4 (highest)
0.49360352754592896,0.8799922466278076,Q4 (highest)
0.5327867269515991,0.7991153001785278,Q3
0.5328963994979858,0.7988914847373962,Q3
0.473906010389328,0.9216144680976868,Q4 (highest)
0.5352078676223755,0.7955742478370667,Q3
0.5059131979942322,0.8557568192481995,Q4 (highest)
0.5379773378372192,0.7885269522666931,Q3
0.46926766633987427,0.9315419793128967,Q4 (highest)
0.4653330445289612,0.9414055943489075,Q4 (highest)
0.5379797220230103,0.7919024229049683,Q3
0.5604144930839539,0.7502123713493347,Q3
0.5562484860420227,0.7513649463653564,Q3
0.5533980131149292,0.7605358958244324,Q3
0.5671824812889099,0.7305554747581482,Q3
0.5659154057502747,0.7317296862602234,Q3
0.5488901734352112,0.7696968913078308,Q3
0.4824540615081787,0.9034509062767029,Q4 (highest)
0.5294451713562012,0.8093230724334717,Q3
0.516730010509491,0.8320200443267822,Q3
0.5097256898880005,0.8464655876159668,Q4 (highest)
0.5240517258644104,0.8169835805892944,Q3
0.5767555236816406,0.7299713492393494,Q3
0.4450724720954895,0.9842681884765625,Q4 (highest)
0.5472275614738464,0.7696968913078308,Q3
0.5385408401489258,0.7991153001785278,Q3
0.4966127872467041,0.8737016320228577,Q4 (highest)
0.4954134523868561,0.8835157752037048,Q4 (highest)
0.5507736206054688,0.763888418674469,Q3
0.473906010389328,0.9216144680976868,Q4 (highest)
0.4785693287849426,0.911685049533844,Q4 (highest)
0.5810460448265076,0.718132495880127,Q2
0.49945709109306335,0.8677703142166138,Q4 (highest)
0.4897226393222809,0.8895301222801208,Q4 (highest)
0.5010939836502075,0.8643630146980286,Q4 (highest)
0.507684051990509,0.8506886959075928,Q4 (highest)
0.5946432948112488,0.6793437004089355,Q2
0.5092605948448181,0.8474270105361938,Q4 (highest)
0.5503475069999695,0.7633544206619263,Q3
0.45529577136039734,0.9651642441749573,Q4 (highest)
0.4634455740451813,0.9454799890518188,Q4 (highest)
0.5348805785179138,0.798222005367279,Q3
0.5365498661994934,0.8052927851676941,Q3
0.5707759857177734,0.72185218334198,Q2
0.4942726790904999,0.8799922466278076,Q4 (highest)
0.5609022974967957,0.7696968913078308,Q3
0.49568304419517517,0.8857843279838562,Q4 (highest)
0.5648179054260254,0.7624684572219849,Q3
0.48857131600379944,0.8919497728347778,Q4 (highest)
0.5490251779556274,0.7660421133041382,Q3
0.5461292862892151,0.7719305753707886,Q3
0.5324569344520569,0.7997888326644897,Q3
0.5017672777175903,0.8643630146980286,Q4 (highest)
0.557496190071106,0.7589714527130127,Q3
0.5104031562805176,0.8464655876159668,Q4 (highest)
0.46328315138816833,0.9444308280944824,Q4 (highest)
0.46213498711586,0.9510926604270935,Q4 (highest)
0.5001906752586365,0.8662428259849548,Q4 (highest)
0.5799759030342102,0.7136889100074768,Q2
0.4776834547519684,0.9135674834251404,Q4 (highest)
0.6067163348197937,0.6524901390075684,Q2
0.5129731297492981,0.8439382910728455,Q3
0.4559393525123596,0.9603790640830994,Q4 (highest)
0.5506964921951294,0.7626451849937439,Q3
0.45788413286209106,0.9561408758163452,Q4 (highest)
0.6038029789924622,0.6648849844932556,Q2
0.6252099871635437,0.6396622061729431,Q2
0.46020713448524475,0.9510926604270935,Q4 (highest)
0.5030310153961182,0.8603366017341614,Q4 (highest)
0.544857919216156,0.7759168744087219,Q3
0.5350554585456848,0.7944848537445068,Q3
0.47357186675071716,0.9223278760910034,Q4 (highest)
0.46020713448524475,0.9510926604270935,Q4 (highest)
0.5689067244529724,0.7256515622138977,Q2
0.4919479489326477,0.8876386284828186,Q4 (highest)
0.6124835014343262,0.6363603472709656,Q2
0.5097256898880005,0.8464655876159668,Q4 (highest)
0.5513898730278015,0.7612359523773193,Q3
0.5398978590965271,0.784613847732544,Q3
0.5168551802635193,0.8331627249717712,Q3
0.5962514281272888,0.6698641777038574,Q2
0.4879056513309479,0.8919497728347778,Q4 (highest)
0.4755292534828186,0.9181523323059082,Q4 (highest)
0.4661475121974945,0.9444308280944824,Q4 (highest)
0.46279793977737427,0.9454799890518188,Q4 (highest)
0.45374950766563416,0.9651642441749573,Q4 (highest)
0.4773833751678467,0.9142053723335266,Q4 (highest)
0.6038706302642822,0.6555886268615723,Q2
0.5394973754882812,0.7854294180870056,Q3
0.5038899183273315,0.8585532903671265,Q4 (highest)
0.48426491022109985,0.8996238112449646,Q4 (highest)
0.5611047744750977,0.7456796169281006,Q3
0.5507879257202148,0.7741960287094116,Q3
0.5479282736778259,0.7817933559417725,Q3
0.5199659466743469,0.8253670334815979,Q3
0.5764514207839966,0.7136889100074768,Q2
0.5117011070251465,0.8423848748207092,Q3
0.4824540615081787,0.9034509062767029,Q4 (highest)
0.47357186675071716,0.9223278760910034,Q4 (highest)
0.5091657638549805,0.854383647441864,Q4 (highest)
0.5923557877540588,0.6812307834625244,Q2
0.533807635307312,0.8182598352432251,Q3
0.579164445400238,0.7089632749557495,Q2
0.5640113949775696,0.7423580884933472,Q3
0.5524468421936035,0.7624684572219849,Q3
0.5517343878746033,0.7605358958244324,Q3
0.501272976398468,0.8639907836914062,Q4 (highest)
0.5250363349914551,0.8149659633636475,Q3
0.4666225016117096,0.9414055943489075,Q4 (highest)
0.519569993019104,0.8261805176734924,Q3
0.5270636677742004,0.825637698173523,Q3
0.5096587538719177,0.8533643484115601,Q4 (highest)
0.5461292862892151,0.7719305753707886,Q3
0.4776834547519684,0.9135674834251404,Q4 (highest)
0.6237283945083618,0.6142675280570984,Q2
0.5396978259086609,0.785021185874939,Q3
0.5131790041923523,0.8393353819847107,Q3
0.4594388008117676,0.9561408758163452,Q4 (highest)
0.5620597004890442,0.7395617365837097,Q3
0.46963220834732056,0.9349380135536194,Q4 (highest)
0.5114012956619263,0.8430038690567017,Q3
0.4966127872467041,0.8737016320228577,Q4 (highest)
0.6108810305595398,0.646996259689331,Q2
0.45913442969322205,0.9548220038414001,Q4 (highest)
0.503203809261322,0.8599777817726135,Q4 (highest)
0.5837296843528748,0.6954796314239502,Q2
0.5740343928337097,0.7253672480583191,Q2
0.4764682352542877,0.9161525368690491,Q4 (highest)
0.489056259393692,0.8895301222801208,Q4 (highest)
0.4797190725803375,0.9092445373535156,Q4 (highest)
0.48784923553466797,0.8954487442970276,Q4 (highest)
0.48609182238578796,0.9045772552490234,Q4 (highest)
0.46020713448524475,0.9510926604270935,Q4 (highest)
0.469650000333786,0.9307215809822083,Q4 (highest)
0.46328315138816833,0.9444308280944824,Q4 (highest)
0.5052377581596375,0.8557568192481995,Q4 (highest)
0.4981740117073059,0.8839653134346008,Q4 (highest)
0.5104929804801941,0.8448798656463623,Q3
0.49170705676078796,0.8839653134346008,Q4 (highest)
0.46874186396598816,0.934070885181427,Q4 (highest)
0.5210415124893188,0.8245585560798645,Q3
0.4899565875530243,0.8876386284828186,Q4 (highest)
0.4806617200374603,0.9086459875106812,Q4 (highest)
0.4661475121974945,0.9444308280944824,Q4 (highest)
0.4773833751678467,0.9142053723335266,Q4 (highest)
0.4535861909389496,0.9669219255447388,Q4 (highest)
0.4878663122653961,0.8934327960014343,Q4 (highest)
0.46020713448524475,0.9510926604270935,Q4 (highest)
0.49062052369117737,0.8862445950508118,Q4 (highest)
0.5469762682914734,0.7743863463401794,Q3
0.4832398593425751,0.9017894268035889,Q4 (highest)
0.5008633732795715,0.8662428259849548,Q4 (highest)
0.4646839201450348,0.9414055943489075,Q4 (highest)
0.5030310153961182,0.8603366017341614,Q4 (highest)
0.47357186675071716,0.9223278760910034,Q4 (highest)
0.4785693287849426,0.911685049533844,Q4 (highest)
0.5018061995506287,0.8628818988800049,Q4 (highest)
0.4680900573730469,0.934070885181427,Q4 (highest)
0.5131790041923523,0.8393353819847107,Q3
0.469650000333786,0.9307215809822083,Q4 (highest)
0.5631152391433716,0.7374178767204285,Q3
0.5154741406440735,0.8346053957939148,Q3
0.5468619465827942,0.763888418674469,Q3
0.4668620228767395,0.936711847782135,Q4 (highest)
0.4683380722999573,0.9349380135536194,Q4 (highest)
0.4773833751678467,0.9142053723335266,Q4 (highest)
0.46279793977737427,0.9454799890518188,Q4 (highest)
0.4964175224304199,0.8741092085838318,Q4 (highest)
0.47357186675071716,0.9223278760910034,Q4 (highest)
0.4800012707710266,0.9086459875106812,Q4 (highest)
0.49701127409935,0.8603366017341614,Q4 (highest)
0.48997053503990173,0.8720870614051819,Q4 (highest)
0.472318559885025,0.9181523323059082,Q4 (highest)
0.4543895721435547,0.9651642441749573,Q4 (highest)
0.4245058000087738,0.9687837958335876,Q4 (highest)
0.48696374893188477,0.8939325213432312,Q4 (highest)
